cell,speaker,arm,site,method,budget,rank,lr,seed,targets,select,adapter,train_minutes,train_chunks,train_steps,train_epochs,best_eval_loss,best_epoch,n_test,test_minutes,wer_base,wer_tuned,delta_abs,delta_rel,ci_lo,ci_hi,p_boot,p_wilcoxon,n_segments,n_words,cer_base,cer_tuned,seconds_train,seconds_total,model,decode,base.S,base.D,base.I,base.runaway,tuned.S,tuned.D,tuned.I,tuned.runaway,test07.n_test,test07.test_minutes,test07.hq_share,test07.wer_base,test07.wer_tuned,test07.delta_abs,test07.delta_rel,test07.ci_lo,test07.ci_hi,test07.p_boot,test07.p_wilcoxon,test07.n_segments,test07.n_words,test07.base.S,test07.base.D,test07.base.I,test07.base.runaway,test07.tuned.S,test07.tuned.D,test07.tuned.I,test07.tuned.runaway,test07.cer_base,test07.cer_tuned,test07.bands.q070.minutes,test07.bands.q070.n_segments,test07.bands.q070.wer_base,test07.bands.q070.wer_tuned,test07.bands.q070.delta_abs,test07.bands.q070.delta_rel,test07.bands.q070.ci_lo,test07.bands.q070.ci_hi,test07.bands.q070.p_boot,test07.bands.q080.minutes,test07.bands.q080.n_segments,test07.bands.q080.wer_base,test07.bands.q080.wer_tuned,test07.bands.q080.delta_abs,test07.bands.q080.delta_rel,test07.bands.q080.ci_lo,test07.bands.q080.ci_hi,test07.bands.q080.p_boot,test07.bands.q090.minutes,test07.bands.q090.n_segments,test07.bands.q090.wer_base,test07.bands.q090.wer_tuned,test07.bands.q090.delta_abs,test07.bands.q090.delta_rel,test07.bands.q090.ci_lo,test07.bands.q090.ci_hi,test07.bands.q090.p_boot,test07.bands.q095.minutes,test07.bands.q095.n_segments,test07.bands.q095.wer_base,test07.bands.q095.wer_tuned,test07.bands.q095.delta_abs,test07.bands.q095.delta_rel,test07.bands.q095.ci_lo,test07.bands.q095.ci_hi,test07.bands.q095.p_boot,seconds_phase.train,seconds_phase.base,seconds_phase.load_tuned,seconds_phase.transcribe_tuned,seconds_phase.score,seconds_phase.test07,seconds_phase.other_arm,control,fold,folds,trained_on,saw_own_minutes,seconds_eval,improvement_from_insertions,style_not_speaker,control_delta_abs,control_delta_rel,wer_control,control_ci_lo,control_ci_hi,control_p_boot,test07.control_delta_abs,test07.control_delta_rel,test07.bands.q070.control_delta_abs,test07.bands.q080.control_delta_abs,test07.bands.q090.control_delta_abs,test07.bands.q095.control_delta_abs,control_cell,personalization_abs,personalization_rel,test07.personalization_abs,test07.personalization_rel,test07.bands.q070.personalization_abs,test07.bands.q070.personalization_rel,test07.bands.q080.personalization_abs,test07.bands.q080.personalization_rel,test07.bands.q090.personalization_abs,test07.bands.q090.personalization_rel,test07.bands.q095.personalization_abs,test07.bands.q095.personalization_rel,personalization_ci_lo,personalization_ci_hi,personalization_p,test07.personalization_ci_lo,test07.personalization_ci_hi,test07.personalization_p
s23558_armB_both_lora_b1440_r32_lr0.0003_seed0_hq_ms3000_pat4_minep1,23558,B,both,lora,1440,32,0.0003,0,protocol,loss,/root/deep-learning-project/src/training/runs/s23558_armB_both_lora_b1440_r32_lr0.0003_seed0_hq_ms3000_pat4_minep1,1439.9,7373,940,1.0195,0.17691,0.91106,240,46.331,0.17696,0.13308,0.043874,0.24793,0.029989,0.057985,0,9.9257e-11,240,6154,0.12038,0.084013,654.01,768.66,ivrit-ai/whisper-large-v3,"greedy+loopguard(cr>3.0,ngram6)",0.38567,0.1157,0.49862,0,0.442,0.2381,0.3199,0,1163,177.78,0.26062,0.34677,0.23466,0.11211,0.32331,0.10022,0.12433,0,7.3975e-76,1163,23102,0.32306,0.14805,0.5289,3,0.38222,0.28334,0.33444,1,0.25574,0.16556,16.695,175,0.6665,0.417,0.24951,0.37435,0.19379,0.31503,0,44.327,323,0.45976,0.3116,0.14816,0.32226,0.12038,0.17579,0,42.52,255,0.32713,0.21701,0.11012,0.33662,0.087929,0.13436,0,74.235,410,0.2278,0.16332,0.064477,0.28304,0.050733,0.078952,0,654.01,0.00090027,3.1413,24.881,0.03531,86.543,,False,,,,,,1.0407,True,0.038674,0.21855,0.13828,0.02346,0.053865,0,0.096918,0.27949,0.20109,0.11654,0.1026,0.061131,sctrl1of2x_armB_both_lora_b1440_r32_lr0.0003_seed0_hq_ms3000_pat4_minep1__eval23558,0.0051999,0.029385,0.015193,0.043815,0.048419,0.072646,0.031622,0.068779,0.0075201,0.022989,0.0033455,0.014686,-0.0032179,0.013406,0.243,0.0080041,0.022258,0
s23558_armB_both_lora_b1440_r8_lr0.0003_seed0_hq_ms3000_pat4_minep1,23558,B,both,lora,1440,8,0.0003,0,protocol,loss,/root/deep-learning-project/src/training/runs/s23558_armB_both_lora_b1440_r8_lr0.0003_seed0_hq_ms3000_pat4_minep1,1439.9,7373,980,1.0629,0.17621,0.97614,240,46.331,0.17696,0.12398,0.052974,0.29936,0.040054,0.066517,0,1.6374e-14,240,6154,0.12038,0.076938,686.57,798.92,ivrit-ai/whisper-large-v3,"greedy+loopguard(cr>3.0,ngram6)",0.38567,0.1157,0.49862,0,0.44692,0.21363,0.33945,0,1163,177.78,0.26062,0.34677,0.23284,0.11393,0.32855,0.10266,0.12565,0,3.5806e-86,1163,23102,0.32306,0.14805,0.5289,3,0.37405,0.28295,0.343,1,0.25574,0.16283,16.695,175,0.6665,0.42688,0.23962,0.35953,0.18539,0.29995,0,44.327,323,0.45976,0.30965,0.15012,0.32651,0.12439,0.17591,0,42.52,255,0.32713,0.21862,0.1085,0.33169,0.087376,0.12976,0,74.235,410,0.2278,0.15724,0.07056,0.30975,0.056833,0.085769,0,686.57,0.00088978,3.8118,23.984,0.034209,84.473,,False,,,,,,0.87117,True,0.040461,0.22865,0.1365,0.025285,0.056555,0,0.10475,0.30208,0.23024,0.13679,0.10349,0.061436,sctrl1of2x_armB_both_lora_b1440_r8_lr0.0003_seed0_hq_ms3000_pat4_minep1__eval23558,0.012512,0.070707,0.0091767,0.026464,0.0093874,0.014085,0.013324,0.02898,0.0050134,0.015326,0.0091241,0.040053,0.0047168,0.020753,0.001,0.0033081,0.015079,0.005
s23558_armB_both_lora_b1440_r8_lr0.0003_seed1_hq_ms3000_pat4_minep1,23558,B,both,lora,1440,8,0.0003,1,protocol,loss,/root/deep-learning-project/src/training/runs/s23558_armB_both_lora_b1440_r8_lr0.0003_seed1_hq_ms3000_pat4_minep1,1439.9,7373,940,1.0195,0.17341,0.93275,240,46.331,0.17696,0.12788,0.049074,0.27732,0.035198,0.063316,0,1.3288e-12,240,6154,0.12038,0.079999,656.52,778.85,ivrit-ai/whisper-large-v3,"greedy+loopguard(cr>3.0,ngram6)",0.38567,0.1157,0.49862,0,0.44981,0.25159,0.2986,0,1163,177.78,0.26062,0.34677,0.22643,0.12034,0.34702,0.10803,0.13329,0,1.5692e-84,1163,23102,0.32306,0.14805,0.5289,3,0.38616,0.29708,0.31677,1,0.25574,0.15787,16.695,175,0.6665,0.39427,0.27223,0.40845,0.2115,0.33858,0,44.327,323,0.45976,0.3013,0.15847,0.34467,0.13146,0.18643,0,42.52,255,0.32713,0.212,0.11513,0.35194,0.091692,0.14009,0,74.235,410,0.2278,0.15744,0.070357,0.30886,0.056478,0.085764,0,656.52,0.00080514,3.9919,23.692,0.034897,94.587,,False,,,,,,1.0199,True,0.045499,0.25712,0.13146,0.030318,0.061073,0,0.10532,0.30371,0.22381,0.13342,0.10331,0.066099,sctrl0of2x_armB_both_lora_b1440_r8_lr0.0003_seed1_hq_ms3000_pat4_minep1__eval23558,0.0035749,0.020202,0.01502,0.043315,0.048419,0.072646,0.025049,0.054482,0.011817,0.036125,0.0042579,0.018692,-0.0033344,0.010903,0.325,0.0097383,0.020545,0
s23558_armB_both_lora_b1440_r8_lr0.0003_seed2_hq_ms3000_pat4_minep1,23558,B,both,lora,1440,8,0.0003,2,protocol,loss,/root/deep-learning-project/src/training/runs/s23558_armB_both_lora_b1440_r8_lr0.0003_seed2_hq_ms3000_pat4_minep1,1439.9,7373,1000,1.0846,0.17083,0.99783,240,46.331,0.17696,0.1248,0.052161,0.29477,0.037207,0.067181,0,1.8103e-13,240,6154,0.12038,0.078913,701.95,834.5,ivrit-ai/whisper-large-v3,"greedy+loopguard(cr>3.0,ngram6)",0.38567,0.1157,0.49862,0,0.4375,0.24089,0.32161,0,1163,177.78,0.26062,0.34677,0.22388,0.12289,0.35439,0.11049,0.13603,0,2.1052e-88,1163,23102,0.32306,0.14805,0.5289,3,0.37336,0.28538,0.34126,1,0.25574,0.15656,16.695,175,0.6665,0.39427,0.27223,0.40845,0.21059,0.34035,0,44.327,323,0.45976,0.30219,0.15758,0.34274,0.13162,0.18486,0,42.52,255,0.32713,0.20949,0.11764,0.35961,0.095097,0.14169,0,74.235,410,0.2278,0.15237,0.075426,0.33111,0.060713,0.09096,0,701.95,0.00087214,3.52,24.071,0.032302,104.86,,False,,,,,,0.92212,True,0.042899,0.24242,0.13406,0.028596,0.057842,0,0.10462,0.30171,0.22085,0.1343,0.10904,0.061334,sctrl1of2x_armB_both_lora_b1440_r8_lr0.0003_seed2_hq_ms3000_pat4_minep1__eval23558,0.0092623,0.052342,0.018267,0.052678,0.051383,0.077094,0.023272,0.050618,0.0085944,0.026273,0.014092,0.06186,0.0015484,0.016899,0.014,0.012667,0.023873,0
s23558_armB_both_lora_b160_r8_lr0.0003_seed0_hq_ms1200_pat4,23558,B,both,lora,160,8,0.0003,0,protocol,loss,/root/deep-learning-project/src/training/runs/s23558_armB_both_lora_b160_r8_lr0.0003_seed0_hq_ms1200_pat4,159.84,803,180,1.7822,0.18818,0.9901,240,46.331,0.17696,0.13,0.046961,0.26538,0.033007,0.061459,0,5.3465e-11,240,6154,0.12038,0.081578,129.12,236.64,ivrit-ai/whisper-large-v3,"greedy+loopguard(cr>3.0,ngram6)",0.38567,0.1157,0.49862,0,0.4525,0.2275,0.32,0,1163,177.78,0.26062,0.34677,0.24587,0.1009,0.29097,0.090029,0.11209,0,2.526e-75,1163,23102,0.32306,0.14805,0.5289,3,0.37975,0.26743,0.35282,1,0.25574,0.17337,16.695,175,0.6665,0.45998,0.20652,0.30986,0.15802,0.26096,0,44.327,323,0.45976,0.3331,0.12667,0.2755,0.10342,0.15052,0,42.52,255,0.32713,0.22471,0.10242,0.31308,0.082936,0.12309,0,74.235,410,0.2278,0.16413,0.063666,0.27948,0.049941,0.078745,0,129.12,0.001091,2.6903,22.751,0.032215,82.008,,False,,,,,,0.99308,True,0.038674,0.21855,0.13828,0.026269,0.051633,0,0.079041,0.22794,0.16749,0.094511,0.076276,0.053629,sctrl1of2x_armB_both_lora_b160_r8_lr0.0003_seed0_hq_ms1200_pat4__eval23558,0.0082873,0.046832,0.02186,0.063038,0.039032,0.058562,0.032155,0.069938,0.026141,0.079912,0.010036,0.044059,0.0017465,0.014602,0.013,0.015686,0.02793,0
s23558_armB_both_lora_b20_r8_lr0.0003_seed0_hq_ms400_pat4,23558,B,both,lora,20,8,0.0003,0,protocol,loss,/root/deep-learning-project/src/training/runs/s23558_armB_both_lora_b20_r8_lr0.0003_seed0_hq_ms400_pat4,19.746,96,120,10,0.23007,3.3333,240,46.331,0.17696,0.15193,0.025024,0.14141,0.009498,0.041151,0.001,0.0020525,240,6154,0.12038,0.10116,88.624,200.61,ivrit-ai/whisper-large-v3,"greedy+loopguard(cr>3.0,ngram6)",0.38567,0.1157,0.49862,0,0.39679,0.38503,0.21818,0,1163,177.78,0.26062,0.34677,0.27171,0.075058,0.21645,0.064019,0.086422,0,1.2807e-36,1163,23102,0.32306,0.14805,0.5289,3,0.36196,0.37518,0.26286,1,0.25574,0.19669,16.695,175,0.6665,0.49259,0.17391,0.26093,0.12583,0.22809,0,44.327,323,0.45976,0.36259,0.097175,0.21136,0.070614,0.12507,0,42.52,255,0.32713,0.25765,0.069472,0.21237,0.049609,0.090501,0,74.235,410,0.2278,0.18248,0.045316,0.19893,0.031728,0.059528,0,88.624,0.00081921,2.6538,22.13,0.088893,87.078,0.00062776,False,,,,,,2.2013,True,0.017062,0.096419,0.1599,0.0051923,0.029593,0.003,0.04887,0.14093,0.11413,0.05827,0.05103,0.028893,sctrl1of2_armB_both_lora_b20_r8_lr0.0003_seed0_hq_ms400_pat4__eval23558,0.0079623,0.044995,0.026188,0.075521,0.059783,0.089696,0.038906,0.084621,0.018442,0.056377,0.016423,0.072096,-0.002711,0.018269,0.161,0.017677,0.034164,0
s23558_armB_both_lora_b360_r8_lr0.0003_seed0_hq_ms1200_pat4,23558,B,both,lora,360,8,0.0003,0,protocol,loss,/root/deep-learning-project/src/training/runs/s23558_armB_both_lora_b360_r8_lr0.0003_seed0_hq_ms1200_pat4,359.86,1729,300,1.3825,0.18305,1.0138,240,46.331,0.17696,0.12788,0.049074,0.27732,0.034658,0.063491,0,3.82e-11,240,6154,0.12038,0.080756,211.55,355.54,ivrit-ai/whisper-large-v3,"greedy+loopguard(cr>3.0,ngram6)",0.38567,0.1157,0.49862,0,0.45616,0.27065,0.27319,0,1163,177.78,0.26062,0.34677,0.22994,0.11683,0.33691,0.10508,0.12942,0,3.3391e-81,1163,23102,0.32306,0.14805,0.5289,3,0.38479,0.30572,0.30949,0,0.25574,0.16187,16.695,175,0.6665,0.41354,0.25296,0.37954,0.19686,0.31576,0,44.327,323,0.45976,0.30911,0.15065,0.32767,0.12496,0.17736,0,42.52,255,0.32713,0.21074,0.11638,0.35577,0.093451,0.14157,0,74.235,410,0.2278,0.15795,0.06985,0.30663,0.055254,0.085077,0,211.55,0.00092793,2.768,22.728,0.032128,118.44,,False,,,,,,1.0861,True,0.033474,0.18916,0.14348,0.017562,0.049272,0,0.088867,0.25627,0.21838,0.10428,0.080573,0.058191,sctrl1of2x_armB_both_lora_b360_r8_lr0.0003_seed0_hq_ms1200_pat4__eval23558,0.0156,0.088154,0.027963,0.080639,0.034585,0.05189,0.046367,0.10085,0.03581,0.10947,0.011659,0.051179,0.0069406,0.024728,0.001,0.021344,0.034742,0
s23558_armB_both_lora_b360_r8_lr0.0003_seed1_hq_ms1200_pat4,23558,B,both,lora,360,8,0.0003,1,protocol,loss,/root/deep-learning-project/src/training/runs/s23558_armB_both_lora_b360_r8_lr0.0003_seed1_hq_ms1200_pat4,359.86,1729,340,1.5668,0.18132,1.1982,240,46.331,0.17696,0.12626,0.050699,0.2865,0.036116,0.065669,0,9.6508e-13,240,6154,0.12038,0.080657,237.49,345.24,ivrit-ai/whisper-large-v3,"greedy+loopguard(cr>3.0,ngram6)",0.38567,0.1157,0.49862,0,0.44659,0.25483,0.29858,0,1163,177.78,0.26062,0.34677,0.23137,0.1154,0.33279,0.10341,0.12795,0,4.5848e-81,1163,23102,0.32306,0.14805,0.5289,3,0.39046,0.29691,0.31263,0,0.25574,0.16254,16.695,175,0.6665,0.41996,0.24654,0.3699,0.18899,0.31153,0,44.327,323,0.45976,0.30982,0.14994,0.32612,0.12332,0.1761,0,42.52,255,0.32713,0.2145,0.11262,0.34428,0.090071,0.13598,0,74.235,410,0.2278,0.15744,0.070357,0.30886,0.056168,0.085429,0,237.49,0.00085115,2.8854,22.73,0.031963,82.068,,False,,,,,,0.99679,True,0.044036,0.24885,0.13292,0.030496,0.058856,0,0.096572,0.27849,0.21294,0.11512,0.093286,0.06397,sctrl0of2x_armB_both_lora_b360_r8_lr0.0003_seed1_hq_ms1200_pat4__eval23558,0.0066623,0.037649,0.01883,0.0543,0.033597,0.050408,0.03482,0.075734,0.019338,0.059113,0.0063869,0.028037,-0.00033547,0.014134,0.072,0.012974,0.024941,0
s23558_armB_both_lora_b360_r8_lr0.0003_seed2_hq_ms1200_pat4,23558,B,both,lora,360,8,0.0003,2,protocol,loss,/root/deep-learning-project/src/training/runs/s23558_armB_both_lora_b360_r8_lr0.0003_seed2_hq_ms1200_pat4,359.86,1729,320,1.4747,0.18306,1.106,240,46.331,0.17696,0.13178,0.045174,0.25528,0.031092,0.059957,0,1.3439e-10,240,6154,0.12038,0.083651,226.82,346.67,ivrit-ai/whisper-large-v3,"greedy+loopguard(cr>3.0,ngram6)",0.38567,0.1157,0.49862,0,0.45006,0.26017,0.28977,0,1163,177.78,0.26062,0.34677,0.23652,0.11025,0.31794,0.098799,0.1219,0,2.2676e-79,1163,23102,0.32306,0.14805,0.5289,3,0.38031,0.29374,0.32595,0,0.25574,0.16594,16.695,175,0.6665,0.42095,0.24555,0.36842,0.19193,0.30636,0,44.327,323,0.45976,0.31764,0.14212,0.30912,0.11725,0.16792,0,42.52,255,0.32713,0.22095,0.10618,0.32458,0.084478,0.12914,0,74.235,410,0.2278,0.16119,0.066606,0.29239,0.052356,0.081796,0,226.82,0.000875,2.9372,23.231,0.033795,93.589,,False,,,,,,1.1079,True,0.042086,0.23783,0.13487,0.02839,0.056585,0,0.094797,0.27337,0.20504,0.11849,0.085049,0.064173,sctrl1of2x_armB_both_lora_b360_r8_lr0.0003_seed2_hq_ms1200_pat4__eval23558,0.0030874,0.017447,0.015453,0.044564,0.040514,0.060786,0.023628,0.051391,0.021128,0.064587,0.0024331,0.010681,-0.0033774,0.0097055,0.418,0.010006,0.020834,0
s23558_armB_both_lora_b360_r8_lr0.001_seed0_hq_ms1200_pat4,23558,B,both,lora,360,8,0.001,0,protocol,loss,/root/deep-learning-project/src/training/runs/s23558_armB_both_lora_b360_r8_lr0.001_seed0_hq_ms1200_pat4,359.86,1729,120,0.553,0.19228,0.18433,240,46.331,0.17696,0.14088,0.036074,0.20386,0.021258,0.051158,0,4.4555e-06,240,6154,0.12038,0.088423,88.944,194.42,ivrit-ai/whisper-large-v3,"greedy+loopguard(cr>3.0,ngram6)",0.38567,0.1157,0.49862,0,0.47174,0.24106,0.2872,0,1163,177.78,0.26062,0.34677,0.25318,0.093585,0.26988,0.082714,0.10528,0,4.764e-58,1163,23102,0.32306,0.14805,0.5289,3,0.40212,0.28432,0.31356,0,0.25574,0.17702,16.695,175,0.6665,0.45603,0.21047,0.31579,0.1554,0.27346,0,44.327,323,0.45976,0.34091,0.11885,0.2585,0.094864,0.1435,0,42.52,255,0.32713,0.23223,0.094897,0.29009,0.07431,0.11529,0,74.235,410,0.2278,0.17336,0.05444,0.23899,0.039959,0.070092,0,88.944,0.00087905,1.8342,22.676,0.032259,80.918,,False,,,,,,1.3243,True,,,,,,,,,,,,,,,,,,,,,,,,,,,,,,,
s23558_armB_both_lora_b5_r8_lr0.0001_seed0_hq_ms400_pat4,23558,B,both,lora,5,8,0.0001,0,protocol,loss,/root/deep-learning-project/src/training/runs/s23558_armB_both_lora_b5_r8_lr0.0001_seed0_hq_ms400_pat4,4.8916,26,160,40,0.22805,20,240,46.331,0.17696,0.15193,0.025024,0.14141,0.011702,0.0389,0,0.0018778,240,6154,0.12038,0.099776,110.46,540.33,ivrit-ai/whisper-large-v3,"greedy+loopguard(cr>3.0,ngram6)",0.38567,0.1157,0.49862,0,0.41283,0.28877,0.2984,0,1163,177.78,0.26062,0.34677,0.27764,0.069128,0.19935,0.059908,0.079284,0,1.1688e-42,1163,23102,0.32306,0.14805,0.5289,3,0.37184,0.29202,0.33614,0,0.25574,0.19889,16.695,175,0.6665,0.51186,0.15464,0.23202,0.10791,0.2064,0,44.327,323,0.45976,0.37431,0.08545,0.18586,0.061604,0.1088,0,42.52,255,0.32713,0.25873,0.068397,0.20909,0.050875,0.086682,0,74.235,410,0.2278,0.18512,0.04268,0.18736,0.030676,0.054723,0,110.46,0.00086522,2.246,42.852,0.097533,358.75,25.906,False,,,,,,1.7143,True,0.0053624,0.030303,0.1716,-0.0079374,0.0195,0.487,0.034759,0.10024,0.087451,0.051874,0.029364,0.017234,sctrl1of2_armB_both_lora_b5_r8_lr0.0001_seed0_hq_ms400_pat4__eval23558,0.019662,0.11111,0.034369,0.099114,0.067194,0.10082,0.033576,0.073029,0.039033,0.11932,0.025446,0.1117,0.010233,0.028637,0,0.026702,0.041502,0
s23558_armB_both_lora_b720_r8_lr0.0003_seed0_hq_ms3000_pat4_minep1,23558,B,both,lora,720,8,0.0003,0,protocol,loss,/root/deep-learning-project/src/training/runs/s23558_armB_both_lora_b720_r8_lr0.0003_seed0_hq_ms3000_pat4_minep1,719.83,3628,480,1.0573,0.17945,0.88106,240,46.331,0.17696,0.1274,0.049561,0.28007,0.034876,0.063657,0,8.8658e-12,240,6154,0.12038,0.078485,343.43,457.79,ivrit-ai/whisper-large-v3,"greedy+loopguard(cr>3.0,ngram6)",0.38567,0.1157,0.49862,0,0.47321,0.23342,0.29337,0,1163,177.78,0.26062,0.34677,0.23007,0.1167,0.33654,0.10468,0.129,0,8.1018e-83,1163,23102,0.32306,0.14805,0.5289,3,0.3904,0.28034,0.32926,1,0.25574,0.16057,16.695,175,0.6665,0.40662,0.25988,0.38992,0.2022,0.32608,0,44.327,323,0.45976,0.30894,0.15083,0.32805,0.12628,0.17615,0,42.52,255,0.32713,0.21092,0.1162,0.35523,0.09417,0.14015,0,74.235,410,0.2278,0.15967,0.068127,0.29907,0.053961,0.083253,0,343.43,0.00084925,3.9774,24.202,0.032964,86.081,,False,,,,,,1.0262,True,0.044686,0.25253,0.13227,0.030538,0.059717,0,0.098,0.28261,0.20998,0.11547,0.097941,0.065085,sctrl1of2x_armB_both_lora_b720_r8_lr0.0003_seed0_hq_ms3000_pat4_minep1__eval23558,0.0048749,0.027548,0.0187,0.053926,0.049901,0.07487,0.035353,0.076893,0.018263,0.055829,0.0030414,0.013351,-0.00063493,0.011056,0.089,0.012795,0.024091,0
s23558_armB_both_lora_b80_r8_lr0.0003_seed0_hq_ms400_pat4,23558,B,both,lora,80,8,0.0003,0,protocol,loss,/root/deep-learning-project/src/training/runs/s23558_armB_both_lora_b80_r8_lr0.0003_seed0_hq_ms400_pat4,79.694,388,180,3.6735,0.19399,2.0408,240,46.331,0.17696,0.13211,0.044849,0.25344,0.03011,0.059881,0,1.3458e-08,240,6154,0.12038,0.084244,127.79,235.03,ivrit-ai/whisper-large-v3,"greedy+loopguard(cr>3.0,ngram6)",0.38567,0.1157,0.49862,0,0.44526,0.27429,0.28044,0,1163,177.78,0.26062,0.34677,0.24517,0.10159,0.29297,0.090503,0.11342,0,6.1031e-66,1163,23102,0.32306,0.14805,0.5289,3,0.38489,0.29096,0.32415,1,0.25574,0.17274,16.695,175,0.6665,0.45751,0.20899,0.31357,0.15841,0.26551,0,44.327,323,0.45976,0.33096,0.1288,0.28014,0.10524,0.15353,0,42.52,255,0.32713,0.22936,0.097762,0.29885,0.077999,0.11887,0,74.235,410,0.2278,0.1616,0.0662,0.29061,0.051767,0.081277,0,127.79,0.00083709,2.6229,23.1,0.088382,81.409,0.00062013,False,,,,,,1.1413,True,0.033799,0.191,0.14316,0.021192,0.046588,0,0.068133,0.19648,0.14377,0.081542,0.062489,0.048155,sctrl1of2_armB_both_lora_b80_r8_lr0.0003_seed0_hq_ms400_pat4__eval23558,0.01105,0.062443,0.03346,0.096492,0.065217,0.09785,0.047255,0.10278,0.035273,0.10783,0.018045,0.079217,0.0015644,0.020941,0.027,0.026506,0.040884,0
s23558_armB_both_lora_b80_r8_lr0.0003_seed0_verbatim_hq_ms400_pat4,23558,B,both,lora,80,8,0.0003,0,verbatim,loss,/root/deep-learning-project/src/training/runs/s23558_armB_both_lora_b80_r8_lr0.0003_seed0_verbatim_hq_ms400_pat4,79.694,388,180,3.6735,0.23425,2.0408,240,46.331,0.17696,0.14738,0.029574,0.16713,0.01904,0.040514,0,3.1745e-07,240,6154,0.12038,0.09688,129.41,250.05,ivrit-ai/whisper-large-v3,"greedy+loopguard(cr>3.0,ngram6)",0.38567,0.1157,0.49862,0,0.40573,0.15656,0.43771,0,1163,177.78,0.26062,0.34677,0.29097,0.055796,0.1609,0.048021,0.063078,0,1.9035e-43,1163,23102,0.32306,0.14805,0.5289,3,0.34439,0.18774,0.46787,1,0.25574,0.21212,16.695,175,0.6665,0.56917,0.097332,0.14603,0.054796,0.13639,0,44.327,323,0.45976,0.3855,0.074258,0.16151,0.057273,0.091547,0,42.52,255,0.32713,0.27538,0.051746,0.15818,0.036734,0.066948,0,74.235,410,0.2278,0.18877,0.039031,0.17134,0.029779,0.048226,0,129.41,0.00087833,2.558,23.63,0.091279,94.334,0.00060749,False,,,,,,0.8022,True,0.018037,0.10193,0.15892,0.0088566,0.027783,0,0.026448,0.07627,0.043972,0.025404,0.027037,0.023114,sctrl1of2_armB_both_lora_b80_r8_lr0.0003_seed0_verbatim_hq_ms400_pat4__eval23558,0.011537,0.065197,0.029348,0.084634,0.05336,0.080059,0.048854,0.10626,0.024709,0.075534,0.015916,0.069871,0.0040981,0.018553,0.004,0.023229,0.035422,0
s23558_armB_both_lora_b80_r8_lr0.0003_seed1_hq_ms400_pat4,23558,B,both,lora,80,8,0.0003,1,protocol,loss,/root/deep-learning-project/src/training/runs/s23558_armB_both_lora_b80_r8_lr0.0003_seed1_hq_ms400_pat4,79.694,388,180,3.6735,0.19335,2.0408,240,46.331,0.17696,0.13763,0.039324,0.22222,0.024294,0.054514,0,6.1215e-07,240,6154,0.12038,0.088884,127.96,232.3,ivrit-ai/whisper-large-v3,"greedy+loopguard(cr>3.0,ngram6)",0.38567,0.1157,0.49862,0,0.43329,0.30697,0.25974,0,1163,177.78,0.26062,0.34677,0.24418,0.10259,0.29584,0.090694,0.11522,0,1.3611e-64,1163,23102,0.32306,0.14805,0.5289,3,0.39177,0.31572,0.2925,1,0.25574,0.17219,16.695,175,0.6665,0.44368,0.22283,0.33432,0.16446,0.29025,0,44.327,323,0.45976,0.32848,0.13128,0.28555,0.10617,0.1581,0,42.52,255,0.32713,0.22775,0.099373,0.30378,0.078371,0.12104,0,74.235,410,0.2278,0.16444,0.063362,0.27815,0.048718,0.078651,0,127.96,0.00082898,1.8307,22.541,0.0886,79.853,0.00058722,False,,,,,,1.3347,True,0.032337,0.18274,0.14462,0.020094,0.045415,0,0.06757,0.19486,0.13439,0.077456,0.069114,0.047344,sctrl0of2_armB_both_lora_b80_r8_lr0.0003_seed1_hq_ms400_pat4__eval23558,0.0069873,0.039486,0.035019,0.10099,0.088439,0.13269,0.053828,0.11708,0.03026,0.092501,0.016018,0.070316,-0.0018323,0.015567,0.129,0.02726,0.042969,0
s23558_armB_both_lora_b80_r8_lr0.0003_seed2_hq_ms400_pat4,23558,B,both,lora,80,8,0.0003,2,protocol,loss,/root/deep-learning-project/src/training/runs/s23558_armB_both_lora_b80_r8_lr0.0003_seed2_hq_ms400_pat4,79.694,388,180,3.6735,0.19495,2.0408,240,46.331,0.17696,0.13828,0.038674,0.21855,0.024009,0.053379,0,4.1657e-07,240,6154,0.12038,0.088357,127.55,242.76,ivrit-ai/whisper-large-v3,"greedy+loopguard(cr>3.0,ngram6)",0.38567,0.1157,0.49862,0,0.43243,0.31492,0.25264,0,1163,177.78,0.26062,0.34677,0.24504,0.10172,0.29335,0.090116,0.11422,0,3.0862e-62,1163,23102,0.32306,0.14805,0.5289,3,0.38262,0.3351,0.28228,0,0.25574,0.17275,16.695,175,0.6665,0.44219,0.22431,0.33655,0.16692,0.29249,0,44.327,323,0.45976,0.32866,0.13111,0.28516,0.10613,0.15809,0,42.52,255,0.32713,0.22722,0.09991,0.30542,0.078025,0.12211,0,74.235,410,0.2278,0.16697,0.060827,0.26702,0.047317,0.076097,0,127.55,0.0008862,2.6669,22.402,0.088316,90.041,0.00063038,False,,,,,,1.3782,True,0.036237,0.20478,0.14072,0.023772,0.049437,0,0.069734,0.2011,0.14377,0.079943,0.068397,0.049473,sctrl1of2_armB_both_lora_b80_r8_lr0.0003_seed2_hq_ms400_pat4__eval23558,0.0024374,0.013774,0.031989,0.092248,0.080534,0.12083,0.051164,0.11128,0.031513,0.096333,0.011354,0.049844,-0.00548,0.010178,0.575,0.024847,0.039818,0
s23635_armB_both_lora_b160_r8_lr0.0003_seed0_hq_ms1200_pat4,23635,B,both,lora,160,8,0.0003,0,protocol,loss,/root/deep-learning-project/src/training/runs/s23635_armB_both_lora_b160_r8_lr0.0003_seed0_hq_ms1200_pat4,159.71,559,140,2,0.50022,0.85714,180,53.663,0.12792,0.11562,0.012306,0.0962,0.0050534,0.019631,0,0.00066586,180,6582,0.077203,0.069069,96.876,148.28,ivrit-ai/whisper-large-v3,"greedy+loopguard(cr>3.0,ngram6)",0.43587,0.10333,0.46081,0,0.46649,0.19448,0.33903,0,486,111.94,0.4794,0.2439,0.19954,0.044366,0.1819,0.033913,0.056179,0,5.2995e-18,486,13862,0.35108,0.1047,0.54422,1,0.41396,0.21258,0.37346,1,0.17032,0.1326,4.7325,43,0.64486,0.4785,0.16636,0.25797,0.053891,0.29237,0.001,17.172,104,0.42421,0.32745,0.096759,0.22809,0.064651,0.13671,0,22.899,100,0.29942,0.23694,0.062479,0.20867,0.036036,0.090498,0,67.135,239,0.15289,0.13602,0.016867,0.11032,0.009778,0.024679,0,96.876,0.00081563,2.6809,19.286,0.030411,29.374,,False,,,,,,1.6049,True,0.013826,0.10808,0.1141,0.0061494,0.021581,0,0.043861,0.17983,0.15888,0.079123,0.073745,0.016988,sctrl1of2x_armB_both_lora_b160_r8_lr0.0003_seed0_hq_ms1200_pat4__eval23635,-0.0015193,-0.011876,0.00050498,0.0020704,0.0074766,0.011594,0.017636,0.041573,-0.011267,-0.037628,-0.00012048,-0.00078802,-0.0062728,0.0030396,0.569,-0.0054034,0.006471,0.868
s23635_armB_both_lora_b20_r8_lr0.0003_seed0_hq_ms400_pat4,23635,B,both,lora,20,8,0.0003,0,protocol,loss,/root/deep-learning-project/src/training/runs/s23635_armB_both_lora_b20_r8_lr0.0003_seed0_hq_ms400_pat4,19.962,66,120,13.333,0.52061,4.4444,180,53.663,0.12792,0.11851,0.0094196,0.073634,0.0009421,0.017643,0.027,0.01228,180,6582,0.077203,0.068861,83.466,135.72,ivrit-ai/whisper-large-v3,"greedy+loopguard(cr>3.0,ngram6)",0.43587,0.10333,0.46081,0,0.46923,0.20256,0.32821,0,486,111.94,0.4794,0.2439,0.2074,0.036503,0.14966,0.026666,0.047772,0,1.7661e-12,486,13862,0.35108,0.1047,0.54422,1,0.41357,0.21913,0.3673,1,0.17032,0.13802,4.7325,43,0.64486,0.48037,0.16449,0.25507,0.053297,0.2939,0.004,17.172,104,0.42421,0.34461,0.0796,0.18764,0.048895,0.11576,0,22.899,100,0.29942,0.24855,0.050871,0.1699,0.02471,0.07682,0,67.135,239,0.15289,0.1406,0.012289,0.080378,0.0047998,0.020268,0.001,83.466,0.0007906,2.6995,19.486,0.031494,30.006,,False,,,,,,2.129,True,0.0019751,0.015439,0.12595,-0.0055393,0.0087922,0.618,0.025537,0.1047,0.099065,0.067684,0.042677,0.0040964,sctrl1of2x_armB_both_lora_b20_r8_lr0.0003_seed0_hq_ms400_pat4__eval23635,0.0074445,0.058195,0.010965,0.044957,0.065421,0.10145,0.011916,0.02809,0.0081939,0.027366,0.0081928,0.053586,0.00092454,0.014041,0.024,0.004231,0.017828,0
s23635_armB_both_lora_b360_r8_lr0.0003_seed0_hq_ms1200_pat4,23635,B,both,lora,360,8,0.0003,0,protocol,loss,/root/deep-learning-project/src/training/runs/s23635_armB_both_lora_b360_r8_lr0.0003_seed0_hq_ms1200_pat4,359.75,1257,200,1.2658,0.50023,0.75949,180,53.663,0.12792,0.10954,0.018383,0.14371,0.010822,0.026411,0,3.6688e-06,180,6582,0.077203,0.065016,135.58,188.19,ivrit-ai/whisper-large-v3,"greedy+loopguard(cr>3.0,ngram6)",0.43587,0.10333,0.46081,0,0.47157,0.18169,0.34674,0,486,111.94,0.4794,0.2439,0.18648,0.057423,0.23543,0.045441,0.070492,0,1.5959e-24,486,13862,0.35108,0.1047,0.54422,1,0.41973,0.22089,0.35938,0,0.17032,0.12285,4.7325,43,0.64486,0.42991,0.21495,0.33333,0.07749,0.37182,0.002,17.172,104,0.42421,0.30601,0.11821,0.27865,0.082202,0.16047,0,22.899,100,0.29942,0.21782,0.081598,0.27252,0.051696,0.1129,0,67.135,239,0.15289,0.12952,0.023373,0.15288,0.01571,0.0314,0,135.58,0.00098729,2.6886,19.413,0.031516,30.44,,False,,,,,,1.1405,True,0.010331,0.08076,0.11759,0.00030574,0.020153,0.045,0.044294,0.1816,0.17757,0.089609,0.066576,0.016386,sctrl1of2x_armB_both_lora_b360_r8_lr0.0003_seed0_hq_ms1200_pat4__eval23635,0.0080523,0.062945,0.013129,0.05383,0.037383,0.057971,0.028599,0.067416,0.015022,0.050171,0.006988,0.045705,0.00097813,0.016822,0.021,0.0053245,0.021536,0
s23635_armB_both_lora_b360_r8_lr0.0003_seed1_hq_ms1200_pat4,23635,B,both,lora,360,8,0.0003,1,protocol,loss,/root/deep-learning-project/src/training/runs/s23635_armB_both_lora_b360_r8_lr0.0003_seed1_hq_ms1200_pat4,359.75,1257,120,0.75949,0.5034,0.25316,180,53.663,0.12792,0.11562,0.012306,0.0962,0.0065116,0.018294,0,0.00010228,180,6582,0.077203,0.068152,84.299,136.62,ivrit-ai/whisper-large-v3,"greedy+loopguard(cr>3.0,ngram6)",0.43587,0.10333,0.46081,0,0.46781,0.15637,0.37582,0,486,111.94,0.4794,0.2439,0.20913,0.034771,0.14256,0.025603,0.045587,0,5.9935e-16,486,13862,0.35108,0.1047,0.54422,1,0.3991,0.17696,0.42394,1,0.17032,0.14111,4.7325,43,0.64486,0.48037,0.16449,0.25507,0.073829,0.26538,0,17.172,104,0.42421,0.35176,0.07245,0.17079,0.039674,0.11095,0,22.899,100,0.29942,0.25196,0.047456,0.15849,0.024713,0.071715,0,67.135,239,0.15289,0.14048,0.01241,0.081166,0.0071775,0.018112,0,84.299,0.00085926,3.0277,19.211,0.038583,30.018,,False,,,,,,1.2593,True,0.013218,0.10333,0.11471,0.0052254,0.021434,0.001,0.049776,0.20408,0.20748,0.10057,0.074428,0.018072,sctrl0of2x_armB_both_lora_b360_r8_lr0.0003_seed1_hq_ms1200_pat4__eval23635,-0.00091158,-0.0071259,-0.015005,-0.06152,-0.042991,-0.066667,-0.028122,-0.066292,-0.026972,-0.09008,-0.0056627,-0.037037,-0.0074457,0.0055274,0.783,-0.022704,-0.0077582,0
s23635_armB_both_lora_b360_r8_lr0.0003_seed2_hq_ms1200_pat4,23635,B,both,lora,360,8,0.0003,2,protocol,loss,/root/deep-learning-project/src/training/runs/s23635_armB_both_lora_b360_r8_lr0.0003_seed2_hq_ms1200_pat4,359.75,1257,180,1.1392,0.50284,0.63291,180,53.663,0.12792,0.11304,0.014889,0.11639,0.0082627,0.021756,0,6.3668e-05,180,6582,0.077203,0.065963,123.54,175.79,ivrit-ai/whisper-large-v3,"greedy+loopguard(cr>3.0,ngram6)",0.43587,0.10333,0.46081,0,0.47984,0.14919,0.37097,0,486,111.94,0.4794,0.2439,0.19312,0.050786,0.20822,0.040079,0.062235,0,4.8434e-22,486,13862,0.35108,0.1047,0.54422,1,0.41875,0.17706,0.40418,1,0.17032,0.1276,4.7325,43,0.64486,0.43738,0.20748,0.32174,0.083832,0.33517,0.001,17.172,104,0.42421,0.3265,0.097712,0.23034,0.068455,0.13399,0,22.899,100,0.29942,0.22021,0.079208,0.26454,0.050853,0.10922,0,67.135,239,0.15289,0.1341,0.018795,0.12293,0.011818,0.025784,0,123.54,0.00080943,1.8674,19.965,0.037139,30.34,,False,,,,,,1.1429,True,0.0098754,0.077197,0.11805,0.00078608,0.018463,0.029,0.049849,0.20438,0.20374,0.098189,0.084329,0.015542,sctrl1of2x_armB_both_lora_b360_r8_lr0.0003_seed2_hq_ms1200_pat4__eval23635,0.0050137,0.039192,0.00093782,0.003845,0.0037383,0.0057971,-0.00047664,-0.0011236,-0.0051212,-0.017104,0.003253,0.021277,-0.0015385,0.011879,0.129,-0.0069013,0.0087198,0.804
s23635_armB_both_lora_b360_r8_lr0.001_seed0_hq_ms1200_pat4,23635,B,both,lora,360,8,0.001,0,protocol,loss,/root/deep-learning-project/src/training/runs/s23635_armB_both_lora_b360_r8_lr0.001_seed0_hq_ms1200_pat4,359.75,1257,220,1.3924,0.50763,0.88608,180,53.663,0.12792,0.11516,0.012762,0.099762,0.0050129,0.020798,0.001,0.0065495,180,6582,0.077203,0.066081,148.06,199.98,ivrit-ai/whisper-large-v3,"greedy+loopguard(cr>3.0,ngram6)",0.43587,0.10333,0.46081,0,0.48153,0.16095,0.35752,0,486,111.94,0.4794,0.2439,0.19067,0.053239,0.21828,0.04162,0.0662,0,4.097e-19,486,13862,0.35108,0.1047,0.54422,1,0.423,0.20848,0.36852,0,0.17032,0.12458,4.7325,43,0.64486,0.42991,0.21495,0.33333,0.083863,0.36062,0,17.172,104,0.42421,0.31411,0.1101,0.25955,0.076313,0.15081,0,22.899,100,0.29942,0.22089,0.078525,0.26226,0.04636,0.1116,0,67.135,239,0.15289,0.13337,0.019518,0.12766,0.011602,0.027933,0,148.06,0.00076127,2.7806,19.128,0.030702,29.945,,False,,,,,,1.3929,True,,,,,,,,,,,,,,,,,,,,,,,,,,,,,,,
s23635_armB_both_lora_b80_r8_lr0.0003_seed0_hq_ms400_pat4,23635,B,both,lora,80,8,0.0003,0,protocol,loss,/root/deep-learning-project/src/training/runs/s23635_armB_both_lora_b80_r8_lr0.0003_seed0_hq_ms400_pat4,79.572,270,120,3.5294,0.50749,1.1765,180,53.663,0.12792,0.11592,0.012002,0.093824,0.0051178,0.019161,0,0.0015441,180,6582,0.077203,0.068802,84.828,136.7,ivrit-ai/whisper-large-v3,"greedy+loopguard(cr>3.0,ngram6)",0.43587,0.10333,0.46081,0,0.4692,0.19135,0.33945,0,486,111.94,0.4794,0.2439,0.20719,0.036719,0.15055,0.027293,0.047727,0,7.5429e-14,486,13862,0.35108,0.1047,0.54422,1,0.40564,0.2016,0.39276,1,0.17032,0.13901,4.7325,43,0.64486,0.46916,0.1757,0.27246,0.064809,0.29464,0.001,17.172,104,0.42421,0.34366,0.080553,0.18989,0.052114,0.11599,0,22.899,100,0.29942,0.25299,0.046432,0.15507,0.021355,0.072591,0,67.135,239,0.15289,0.13964,0.013253,0.086682,0.0070674,0.01973,0,84.828,0.00089645,3.0463,19.126,0.031756,29.645,,False,,,,,,1.6329,True,0.0074445,0.058195,0.12048,-0.00058004,0.015258,0.075,0.038739,0.15883,0.17757,0.087226,0.058723,0.010482,sctrl1of2x_armB_both_lora_b80_r8_lr0.0003_seed0_hq_ms400_pat4__eval23635,0.0045579,0.035629,-0.0020199,-0.0082816,-0.0018692,-0.0028986,-0.006673,-0.01573,-0.012291,-0.041049,0.0027711,0.018125,-0.00047642,0.0094559,0.083,-0.0080686,0.0039367,0.544
s23635_armB_both_lora_b80_r8_lr0.0003_seed1_hq_ms400_pat4,23635,B,both,lora,80,8,0.0003,1,protocol,loss,/root/deep-learning-project/src/training/runs/s23635_armB_both_lora_b80_r8_lr0.0003_seed1_hq_ms400_pat4,79.572,270,120,3.5294,0.50764,1.1765,180,53.663,0.12792,0.11699,0.010939,0.085511,0.0042956,0.017678,0.001,0.0021444,180,6582,0.077203,0.069246,84.002,136.27,ivrit-ai/whisper-large-v3,"greedy+loopguard(cr>3.0,ngram6)",0.43587,0.10333,0.46081,0,0.47273,0.17532,0.35195,0,486,111.94,0.4794,0.2439,0.20726,0.036647,0.15025,0.026813,0.047738,0,1.6552e-13,486,13862,0.35108,0.1047,0.54422,1,0.40515,0.1977,0.39715,1,0.17032,0.13948,4.7325,43,0.64486,0.46168,0.18318,0.28406,0.073812,0.30037,0.001,17.172,104,0.42421,0.33985,0.084366,0.19888,0.053761,0.12077,0,22.899,100,0.29942,0.25333,0.046091,0.15393,0.021643,0.071997,0,67.135,239,0.15289,0.14108,0.011807,0.077226,0.0054888,0.018084,0,84.002,0.00091362,2.7366,19.425,0.031441,30.06,,False,,,,,,1.625,True,0.0059253,0.046318,0.122,-0.0021702,0.013921,0.171,0.033978,0.13931,0.15701,0.076263,0.054626,0.0080723,sctrl0of2x_armB_both_lora_b80_r8_lr0.0003_seed1_hq_ms400_pat4__eval23635,0.0050137,0.039192,0.0026692,0.010944,0.026168,0.04058,0.008103,0.019101,-0.0085353,-0.028506,0.0037349,0.024429,-0.00093367,0.011154,0.114,-0.0037268,0.0091903,0.425
s23635_armB_both_lora_b80_r8_lr0.0003_seed2_hq_ms400_pat4,23635,B,both,lora,80,8,0.0003,2,protocol,loss,/root/deep-learning-project/src/training/runs/s23635_armB_both_lora_b80_r8_lr0.0003_seed2_hq_ms400_pat4,79.572,270,120,3.5294,0.50952,1.1765,180,53.663,0.12792,0.11714,0.010787,0.084323,0.0036343,0.018227,0.003,0.0056607,180,6582,0.077203,0.069305,84.276,136.61,ivrit-ai/whisper-large-v3,"greedy+loopguard(cr>3.0,ngram6)",0.43587,0.10333,0.46081,0,0.46822,0.18936,0.34241,0,486,111.94,0.4794,0.2439,0.20747,0.036431,0.14936,0.026762,0.047128,0,2.0071e-13,486,13862,0.35108,0.1047,0.54422,1,0.4009,0.2041,0.39499,1,0.17032,0.13916,4.7325,43,0.64486,0.47664,0.16822,0.26087,0.064643,0.27671,0,17.172,104,0.42421,0.33889,0.085319,0.20112,0.056747,0.12077,0,22.899,100,0.29942,0.25538,0.044042,0.14709,0.017603,0.070897,0.001,67.135,239,0.15289,0.14,0.012892,0.084318,0.0062685,0.019896,0,84.276,0.00082183,2.6684,19.445,0.031502,30.16,,False,,,,,,1.7465,True,0.0069888,0.054632,0.12094,-0.0015321,0.015769,0.117,0.033978,0.13931,0.13645,0.074357,0.059406,0.0081928,sctrl1of2x_armB_both_lora_b80_r8_lr0.0003_seed2_hq_ms400_pat4__eval23635,0.0037982,0.029691,0.0024527,0.010056,0.031776,0.049275,0.010963,0.025843,-0.015364,-0.051311,0.0046988,0.030733,-0.0026753,0.010654,0.274,-0.0038645,0.0086538,0.452
s23641_armB_both_lora_b1440_r32_lr0.0003_seed0_hq_ms3000_pat4_minep1,23641,B,both,lora,1440,32,0.0003,0,protocol,loss,/root/deep-learning-project/src/training/runs/s23641_armB_both_lora_b1440_r32_lr0.0003_seed0_hq_ms3000_pat4_minep1,1440,5609,820,1.1681,0.16627,1.0541,173,47.517,0.15764,0.12805,0.029591,0.18771,0.01926,0.040099,0,1.5676e-07,173,5576,0.10254,0.083981,536.68,617.16,ivrit-ai/whisper-large-v3,"greedy+loopguard(cr>3.0,ngram6)",0.43572,0.095563,0.46871,0,0.43978,0.17367,0.38655,0,781,155.56,0.30547,0.35929,0.27772,0.081562,0.22701,0.070817,0.092562,0,1.5595e-51,781,17827,0.33973,0.11132,0.54895,5,0.37689,0.1838,0.43931,2,0.2579,0.19308,16.917,135,0.65728,0.50425,0.15303,0.23282,0.11209,0.19761,0,32.756,191,0.54222,0.41344,0.12878,0.2375,0.10097,0.15793,0,36.516,167,0.36569,0.27847,0.087218,0.2385,0.06464,0.11411,0,69.368,288,0.20942,0.16731,0.042101,0.20104,0.032682,0.052149,0,536.68,0.00077319,3.208,19.482,0.028776,57.704,,False,,,,,,0.82424,True,0.01901,0.12059,0.13863,0.0077925,0.029991,0.002,0.073484,0.20453,0.13124,0.12454,0.082653,0.03373,sctrl1of2x_armB_both_lora_b1440_r32_lr0.0003_seed0_hq_ms3000_pat4_minep1__eval23641,0.010581,0.067122,0.0080776,0.022482,0.021785,0.033145,0.0042361,0.0078125,0.0045651,0.012484,0.0083718,0.039977,0.0030002,0.018526,0.005,0.0010353,0.014575,0.033
s23641_armB_both_lora_b1440_r8_lr0.0003_seed0_hq_ms3000_pat4_minep1,23641,B,both,lora,1440,8,0.0003,0,protocol,loss,/root/deep-learning-project/src/training/runs/s23641_armB_both_lora_b1440_r8_lr0.0003_seed0_hq_ms3000_pat4_minep1,1440,5609,840,1.1966,0.16342,1.0826,173,47.517,0.15764,0.12859,0.029053,0.1843,0.019588,0.038754,0,1.3246e-08,173,5576,0.10254,0.083149,548.56,627.87,ivrit-ai/whisper-large-v3,"greedy+loopguard(cr>3.0,ngram6)",0.43572,0.095563,0.46871,0,0.43654,0.17434,0.38912,0,781,155.56,0.30547,0.35929,0.27374,0.085544,0.2381,0.073482,0.097915,0,4.5314e-53,781,17827,0.33973,0.11132,0.54895,5,0.38361,0.17848,0.43791,1,0.2579,0.19,16.917,135,0.65728,0.50372,0.15356,0.23363,0.11503,0.19679,0,32.756,191,0.54222,0.39283,0.14939,0.27552,0.11244,0.19238,0,36.516,167,0.36569,0.27895,0.086737,0.23719,0.064751,0.11078,0,69.368,288,0.20942,0.16744,0.04198,0.20046,0.03315,0.051806,0,548.56,0.00080252,3.7249,18.808,0.028213,56.647,,False,,,,,,0.82099,True,0.026363,0.16724,0.13128,0.015898,0.036614,0,0.079991,0.22264,0.14825,0.13019,0.082893,0.041373,sctrl1of2x_armB_both_lora_b1440_r8_lr0.0003_seed0_hq_ms3000_pat4_minep1__eval23641,0.0026901,0.017065,0.0055534,0.015457,0.0053135,0.0080841,0.019204,0.035417,0.0038443,0.010512,0.00060665,0.0028969,-0.0022213,0.0078442,0.275,-0.00082899,0.011967,0.107
s23641_armB_both_lora_b1440_r8_lr0.0003_seed1_hq_ms3000_pat4_minep1,23641,B,both,lora,1440,8,0.0003,1,protocol,loss,/root/deep-learning-project/src/training/runs/s23641_armB_both_lora_b1440_r8_lr0.0003_seed1_hq_ms3000_pat4_minep1,1440,5609,760,1.0826,0.16601,0.96866,173,47.517,0.15764,0.13128,0.026363,0.16724,0.016084,0.036651,0,2.1027e-07,173,5576,0.10254,0.084886,492.82,581.35,ivrit-ai/whisper-large-v3,"greedy+loopguard(cr>3.0,ngram6)",0.43572,0.095563,0.46871,0,0.43443,0.1653,0.40027,0,781,155.56,0.30547,0.35929,0.27571,0.083581,0.23263,0.072181,0.095048,0,4.6534e-54,781,17827,0.33973,0.11132,0.54895,5,0.37396,0.16989,0.45615,1,0.2579,0.19174,16.917,135,0.65728,0.50213,0.15515,0.23605,0.1177,0.19683,0,32.756,191,0.54222,0.40469,0.13753,0.25365,0.10455,0.17476,0,36.516,167,0.36569,0.27583,0.089861,0.24573,0.06817,0.11571,0,69.368,288,0.20942,0.16853,0.040888,0.19525,0.031213,0.051873,0,492.82,0.00076723,3.9475,19.13,0.028926,65.384,,False,,,,,,0.80952,True,0.022597,0.14334,0.13504,0.012114,0.032836,0,0.074269,0.20671,0.12965,0.12398,0.075925,0.039432,sctrl0of2x_armB_both_lora_b1440_r8_lr0.0003_seed1_hq_ms3000_pat4_minep1__eval23641,0.0037661,0.023891,0.0093117,0.025917,0.025505,0.038804,0.013555,0.025,0.013936,0.038108,0.001456,0.0069525,-0.0026642,0.010553,0.26,0.003531,0.015233,0
s23641_armB_both_lora_b1440_r8_lr0.0003_seed2_hq_ms3000_pat4_minep1,23641,B,both,lora,1440,8,0.0003,2,protocol,loss,/root/deep-learning-project/src/training/runs/s23641_armB_both_lora_b1440_r8_lr0.0003_seed2_hq_ms3000_pat4_minep1,1440,5609,860,1.2251,0.16445,1.1111,173,47.517,0.15764,0.13307,0.02457,0.15586,0.012451,0.036344,0,4.492e-06,173,5576,0.10254,0.086115,558.54,639.43,ivrit-ai/whisper-large-v3,"greedy+loopguard(cr>3.0,ngram6)",0.43572,0.095563,0.46871,0,0.43396,0.18598,0.38005,0,781,155.56,0.30547,0.35929,0.27604,0.083245,0.23169,0.07181,0.095558,0,1.0954e-48,781,17827,0.33973,0.11132,0.54895,5,0.37249,0.19163,0.43589,2,0.2579,0.19231,16.917,135,0.65728,0.50266,0.15462,0.23525,0.1136,0.20075,0,32.756,191,0.54222,0.39932,0.1429,0.26354,0.11088,0.1783,0,36.516,167,0.36569,0.27967,0.086016,0.23522,0.062845,0.11361,0,69.368,288,0.20942,0.1695,0.039917,0.19061,0.029468,0.050674,0,558.54,0.00077534,3.9563,19.464,0.027576,57.375,,False,,,,,,0.94891,True,0.0217,0.13766,0.13594,0.010555,0.032318,0,0.073821,0.20546,0.1424,0.12708,0.072802,0.035792,sctrl1of2x_armB_both_lora_b1440_r8_lr0.0003_seed2_hq_ms3000_pat4_minep1__eval23641,0.0028694,0.018203,0.0094239,0.02623,0.012221,0.018593,0.015815,0.029167,0.013215,0.036137,0.0041252,0.019699,-0.0056131,0.011417,0.542,0.0026246,0.016636,0.005
s23641_armB_both_lora_b160_r8_lr0.0003_seed0_hq_ms1200_pat4,23641,B,both,lora,160,8,0.0003,0,protocol,loss,/root/deep-learning-project/src/training/runs/s23641_armB_both_lora_b160_r8_lr0.0003_seed0_hq_ms1200_pat4,159.81,627,240,3.038,0.17803,2.0253,173,47.517,0.15764,0.13684,0.020803,0.13197,0.0094427,0.031089,0,1.028e-05,173,5576,0.10254,0.088177,159.86,235.05,ivrit-ai/whisper-large-v3,"greedy+loopguard(cr>3.0,ngram6)",0.43572,0.095563,0.46871,0,0.43381,0.20315,0.36304,0,781,155.56,0.30547,0.35929,0.28782,0.071465,0.19891,0.061159,0.081969,0,8.1934e-46,781,17827,0.33973,0.11132,0.54895,5,0.37692,0.19256,0.43052,2,0.2579,0.20073,16.917,135,0.65728,0.53029,0.12699,0.19321,0.093722,0.16676,0,32.756,191,0.54222,0.4253,0.11692,0.21563,0.089777,0.14524,0,36.516,167,0.36569,0.28712,0.078568,0.21485,0.057794,0.10309,0,69.368,288,0.20942,0.17374,0.035671,0.17034,0.026402,0.046299,0,159.86,0.00088811,2.6965,17.833,0.027825,54.597,,False,,,,,,1.1638,True,0.020624,0.13083,0.13702,0.010289,0.030501,0,0.058507,0.16284,0.083953,0.10251,0.059106,0.033487,sctrl1of2x_armB_both_lora_b160_r8_lr0.0003_seed0_hq_ms1200_pat4__eval23641,0.00017934,0.0011377,0.012958,0.036066,0.043039,0.065481,0.014403,0.026562,0.019462,0.053219,0.0021839,0.010429,-0.0070293,0.0065803,0.975,0.0070327,0.019564,0
s23641_armB_both_lora_b20_r8_lr0.0003_seed0_hq_ms400_pat4,23641,B,both,lora,20,8,0.0003,0,protocol,loss,/root/deep-learning-project/src/training/runs/s23641_armB_both_lora_b20_r8_lr0.0003_seed0_hq_ms400_pat4,19.994,87,120,10.909,0.20779,3.6364,173,47.517,0.15764,0.14419,0.013451,0.085324,0.0045679,0.022243,0,0.0018203,173,5576,0.10254,0.09324,84.041,168.17,ivrit-ai/whisper-large-v3,"greedy+loopguard(cr>3.0,ngram6)",0.43572,0.095563,0.46871,0,0.44527,0.17413,0.3806,0,781,155.56,0.30547,0.35929,0.31839,0.040893,0.11382,0.033575,0.048315,0,8.3345e-27,781,17827,0.33973,0.11132,0.54895,5,0.36311,0.16209,0.47481,2,0.2579,0.22637,16.917,135,0.65728,0.60893,0.048353,0.073565,0.025907,0.072358,0,32.756,191,0.54222,0.47247,0.069754,0.12865,0.052111,0.087767,0,36.516,167,0.36569,0.31499,0.050697,0.13863,0.033163,0.069041,0,69.368,288,0.20942,0.18758,0.021839,0.10429,0.014125,0.030501,0,84.041,0.00079417,2.7107,17.668,0.028326,63.708,,False,,,,,,1.4133,True,0.013989,0.088737,0.14365,0.0038799,0.024036,0.006,0.036742,0.10226,0.03932,0.072014,0.038443,0.020141,sctrl1of2x_armB_both_lora_b20_r8_lr0.0003_seed0_hq_ms400_pat4__eval23641,-0.00053802,-0.003413,0.004151,0.011553,0.0090329,0.013743,-0.0022592,-0.0041667,0.012254,0.033509,0.0016986,0.0081112,-0.0079613,0.0067649,0.909,-0.0015829,0.0095773,0.167
s23641_armB_both_lora_b360_r8_lr0.0003_seed0_hq_ms1200_pat4,23641,B,both,lora,360,8,0.0003,0,protocol,loss,/root/deep-learning-project/src/training/runs/s23641_armB_both_lora_b360_r8_lr0.0003_seed0_hq_ms1200_pat4,359.98,1369,340,1.9767,0.17157,1.5116,173,47.517,0.15764,0.1363,0.021341,0.13538,0.0086223,0.032636,0,7.1899e-06,173,5576,0.10254,0.0872,223.84,318.14,ivrit-ai/whisper-large-v3,"greedy+loopguard(cr>3.0,ngram6)",0.43572,0.095563,0.46871,0,0.43158,0.21842,0.35,0,781,155.56,0.30547,0.35929,0.28081,0.078476,0.21842,0.067507,0.089271,0,6.828e-49,781,17827,0.33973,0.11132,0.54895,5,0.37954,0.19616,0.42429,2,0.2579,0.19612,16.917,135,0.65728,0.52391,0.13337,0.20291,0.097277,0.17133,0,32.756,191,0.54222,0.40921,0.13301,0.24531,0.10345,0.16459,0,36.516,167,0.36569,0.27415,0.091543,0.25033,0.070107,0.11672,0,69.368,288,0.20942,0.1735,0.035914,0.17149,0.02543,0.047497,0,223.84,0.00082207,2.8977,27.805,0.028403,63.54,,False,,,,,,1.2269,True,0.0217,0.13766,0.13594,0.010575,0.031941,0,0.066304,0.18454,0.1169,0.12002,0.062951,0.033366,sctrl1of2x_armB_both_lora_b360_r8_lr0.0003_seed0_hq_ms1200_pat4__eval23641,-0.00035868,-0.0022753,0.012173,0.03388,0.016472,0.025061,0.012991,0.023958,0.028592,0.078187,0.0025479,0.012167,-0.0072833,0.0064049,0.923,0.0056296,0.018723,0
s23641_armB_both_lora_b360_r8_lr0.0003_seed1_hq_ms1200_pat4,23641,B,both,lora,360,8,0.0003,1,protocol,loss,/root/deep-learning-project/src/training/runs/s23641_armB_both_lora_b360_r8_lr0.0003_seed1_hq_ms1200_pat4,359.98,1369,360,2.093,0.17183,1.6279,173,47.517,0.15764,0.13217,0.025466,0.16155,0.015062,0.035789,0,4.4489e-06,173,5576,0.10254,0.083909,234.15,309.69,ivrit-ai/whisper-large-v3,"greedy+loopguard(cr>3.0,ngram6)",0.43572,0.095563,0.46871,0,0.44369,0.18996,0.36635,0,781,155.56,0.30547,0.35929,0.28261,0.076681,0.21343,0.066154,0.087773,0,8.1136e-49,781,17827,0.33973,0.11132,0.54895,5,0.37753,0.19313,0.42934,2,0.2579,0.19627,16.917,135,0.65728,0.52285,0.13443,0.20453,0.10088,0.1706,0,32.756,191,0.54222,0.41062,0.1316,0.24271,0.10172,0.16407,0,36.516,167,0.36569,0.28592,0.079769,0.21813,0.060035,0.10343,0,69.368,288,0.20942,0.17107,0.03834,0.18308,0.029037,0.048689,0,234.15,0.00077343,2.721,17.878,0.028057,54.85,,False,,,,,,1,True,0.025646,0.16268,0.13199,0.014647,0.035944,0,0.069165,0.19251,0.10627,0.11635,0.068717,0.040645,sctrl0of2x_armB_both_lora_b360_r8_lr0.0003_seed1_hq_ms1200_pat4__eval23641,-0.00017934,-0.0011377,0.0075167,0.020921,0.028162,0.042846,0.01525,0.028125,0.011052,0.030223,-0.0023053,-0.011008,-0.0079457,0.0081761,0.938,0.00088847,0.014038,0.027
s23641_armB_both_lora_b360_r8_lr0.0003_seed2_hq_ms1200_pat4,23641,B,both,lora,360,8,0.0003,2,protocol,loss,/root/deep-learning-project/src/training/runs/s23641_armB_both_lora_b360_r8_lr0.0003_seed2_hq_ms1200_pat4,359.98,1369,280,1.6279,0.17114,1.1628,173,47.517,0.15764,0.1293,0.028336,0.17975,0.018055,0.038611,0,3.8824e-08,173,5576,0.10254,0.083728,184.49,260.25,ivrit-ai/whisper-large-v3,"greedy+loopguard(cr>3.0,ngram6)",0.43572,0.095563,0.46871,0,0.43551,0.18585,0.37864,0,781,155.56,0.30547,0.35929,0.27963,0.079654,0.2217,0.069408,0.089943,0,1.3153e-52,781,17827,0.33973,0.11132,0.54895,5,0.38134,0.18756,0.43109,2,0.2579,0.19546,16.917,135,0.65728,0.51116,0.14612,0.22231,0.11194,0.18462,0,32.756,191,0.54222,0.41401,0.12821,0.23646,0.09907,0.15643,0,36.516,167,0.36569,0.28015,0.085536,0.2339,0.065487,0.10863,0,69.368,288,0.20942,0.16877,0.040645,0.19409,0.031325,0.051002,0,184.49,0.00079036,2.7849,17.93,0.028665,54.938,,False,,,,,,0.87975,True,0.0217,0.13766,0.13594,0.010863,0.032317,0,0.075223,0.20937,0.12221,0.1316,0.081932,0.036884,sctrl1of2x_armB_both_lora_b360_r8_lr0.0003_seed2_hq_ms1200_pat4__eval23641,0.0066356,0.042093,0.0044315,0.012334,0.023911,0.036378,-0.0033889,-0.00625,0.003604,0.0098555,0.0037612,0.017961,-0.00038852,0.013811,0.069,-0.0025527,0.010895,0.208
s23641_armB_both_lora_b360_r8_lr0.001_seed0_hq_ms1200_pat4,23641,B,both,lora,360,8,0.001,0,protocol,loss,/root/deep-learning-project/src/training/runs/s23641_armB_both_lora_b360_r8_lr0.001_seed0_hq_ms1200_pat4,359.98,1369,220,1.2791,0.17163,0.81395,173,47.517,0.15764,0.13468,0.022956,0.14562,0.01216,0.033778,0,3.6294e-05,173,5576,0.10254,0.087128,146.86,254.88,ivrit-ai/whisper-large-v3,"greedy+loopguard(cr>3.0,ngram6)",0.43572,0.095563,0.46871,0,0.43941,0.20373,0.35686,0,781,155.56,0.30547,0.35929,0.27851,0.080776,0.22482,0.069916,0.092422,0,1.0728e-48,781,17827,0.33973,0.11132,0.54895,5,0.38026,0.18127,0.43847,2,0.2579,0.19271,16.917,135,0.65728,0.51222,0.14506,0.2207,0.10702,0.1892,0,32.756,191,0.54222,0.40356,0.13866,0.25573,0.10781,0.17154,0,36.516,167,0.36569,0.27943,0.086257,0.23587,0.064897,0.11226,0,69.368,288,0.20942,0.17095,0.038462,0.18366,0.028858,0.048951,0,146.86,0.00088906,2.7139,17.815,0.029371,87.415,,False,,,,,,1.125,True,,,,,,,,,,,,,,,,,,,,,,,,,,,,,,,
s23641_armB_both_lora_b720_r8_lr0.0003_seed0_hq_ms3000_pat4_minep1,23641,B,both,lora,720,8,0.0003,0,protocol,loss,/root/deep-learning-project/src/training/runs/s23641_armB_both_lora_b720_r8_lr0.0003_seed0_hq_ms3000_pat4_minep1,719.88,2779,440,1.2644,0.16527,1.0345,173,47.517,0.15764,0.13271,0.024928,0.15813,0.015229,0.034633,0,1.1412e-06,173,5576,0.10254,0.085428,295.12,376.89,ivrit-ai/whisper-large-v3,"greedy+loopguard(cr>3.0,ngram6)",0.43572,0.095563,0.46871,0,0.44054,0.17432,0.38514,0,781,155.56,0.30547,0.35929,0.2775,0.081786,0.22763,0.071316,0.092727,0,7.6659e-55,781,17827,0.33973,0.11132,0.54895,5,0.36386,0.17202,0.46412,2,0.2579,0.19459,16.917,135,0.65728,0.51913,0.13815,0.21019,0.10427,0.177,0,32.756,191,0.54222,0.40441,0.13781,0.25417,0.10617,0.17344,0,36.516,167,0.36569,0.27559,0.090101,0.24639,0.07204,0.11109,0,69.368,288,0.20942,0.16877,0.040645,0.19409,0.031703,0.050793,0,295.12,0.00083637,3.9545,19.197,0.033872,58.547,,False,,,,,,0.91367,True,0.019907,0.12628,0.13773,0.0086564,0.030678,0.001,0.071072,0.19781,0.12327,0.12398,0.074483,0.0347,sctrl1of2x_armB_both_lora_b720_r8_lr0.0003_seed0_hq_ms3000_pat4_minep1__eval23641,0.0050215,0.031854,0.010714,0.02982,0.014878,0.022635,0.013838,0.025521,0.015617,0.042707,0.0059452,0.028389,-0.0019265,0.012726,0.167,0.0042524,0.01754,0.004
s23641_armB_both_lora_b80_r8_lr0.0003_seed0_hq_ms400_pat4,23641,B,both,lora,80,8,0.0003,0,protocol,loss,/root/deep-learning-project/src/training/runs/s23641_armB_both_lora_b80_r8_lr0.0003_seed0_hq_ms400_pat4,79.911,309,140,3.5897,0.18368,1.5385,173,47.517,0.15764,0.13558,0.022059,0.13993,0.011966,0.031999,0,4.4703e-06,173,5576,0.10254,0.089479,95.72,171.66,ivrit-ai/whisper-large-v3,"greedy+loopguard(cr>3.0,ngram6)",0.43572,0.095563,0.46871,0,0.4246,0.20899,0.3664,0,781,155.56,0.30547,0.35929,0.29831,0.060975,0.16971,0.052084,0.069982,0,1.9168e-39,781,17827,0.33973,0.11132,0.54895,5,0.37082,0.19124,0.43795,2,0.2579,0.21168,16.917,135,0.65728,0.56057,0.096706,0.14713,0.067845,0.12714,0,32.756,191,0.54222,0.43773,0.10449,0.19271,0.080869,0.12946,0,36.516,167,0.36569,0.3061,0.059587,0.16294,0.040337,0.080704,0,69.368,288,0.20942,0.17459,0.034822,0.16628,0.025743,0.044936,0,95.72,0.00086403,2.8249,17.883,0.028107,55.182,,False,,,,,,1.0976,True,0.01632,0.10353,0.14132,0.0066431,0.025878,0.001,0.05716,0.15909,0.080765,0.10675,0.060067,0.028998,sctrl1of2x_armB_both_lora_b80_r8_lr0.0003_seed0_hq_ms400_pat4__eval23641,0.0057389,0.036405,0.0038144,0.010617,0.01594,0.024252,-0.0022592,-0.0041667,-0.00048054,-0.0013141,0.0058238,0.02781,-0.0011497,0.012615,0.118,-0.0013555,0.0091995,0.171
s23641_armB_both_lora_b80_r8_lr0.0003_seed1_hq_ms400_pat4,23641,B,both,lora,80,8,0.0003,1,protocol,loss,/root/deep-learning-project/src/training/runs/s23641_armB_both_lora_b80_r8_lr0.0003_seed1_hq_ms400_pat4,79.911,309,160,4.1026,0.18461,2.0513,173,47.517,0.15764,0.14114,0.016499,0.10466,0.0034447,0.028391,0.014,0.00030572,173,5576,0.10254,0.092842,108.82,184.42,ivrit-ai/whisper-large-v3,"greedy+loopguard(cr>3.0,ngram6)",0.43572,0.095563,0.46871,0,0.41169,0.25921,0.3291,0,781,155.56,0.30547,0.35929,0.29147,0.067818,0.18876,0.057065,0.078455,0,1.97e-37,781,17827,0.33973,0.11132,0.54895,5,0.37125,0.21824,0.41051,1,0.2579,0.20582,16.917,135,0.65728,0.55313,0.10414,0.15845,0.074398,0.13738,0,32.756,191,0.54222,0.41768,0.12454,0.22969,0.092916,0.15828,0,36.516,167,0.36569,0.29337,0.072321,0.19777,0.052254,0.095044,0,69.368,288,0.20942,0.17653,0.03288,0.15701,0.022009,0.044749,0,108.82,0.00083661,2.6723,17.658,0.027611,55.217,,False,,,,,,1.663,True,0.008429,0.05347,0.14921,-0.0025547,0.018731,0.144,0.047456,0.13208,0.071201,0.097713,0.04493,0.021718,sctrl0of2x_armB_both_lora_b80_r8_lr0.0003_seed1_hq_ms400_pat4__eval23641,0.0080703,0.051195,0.020362,0.056674,0.032944,0.050121,0.026829,0.049479,0.027391,0.074901,0.011162,0.053302,-0.0010452,0.017018,0.087,0.013427,0.027382,0
s23641_armB_both_lora_b80_r8_lr0.0003_seed2_hq_ms400_pat4,23641,B,both,lora,80,8,0.0003,2,protocol,loss,/root/deep-learning-project/src/training/runs/s23641_armB_both_lora_b80_r8_lr0.0003_seed2_hq_ms400_pat4,79.911,309,160,4.1026,0.18097,2.0513,173,47.517,0.15764,0.13558,0.022059,0.13993,0.012678,0.031742,0,7.0911e-06,173,5576,0.10254,0.088611,107.83,195.65,ivrit-ai/whisper-large-v3,"greedy+loopguard(cr>3.0,ngram6)",0.43572,0.095563,0.46871,0,0.42593,0.18122,0.39286,0,781,155.56,0.30547,0.35929,0.30005,0.059236,0.16487,0.050802,0.067698,0,1.0287e-40,781,17827,0.33973,0.11132,0.54895,5,0.3668,0.16826,0.46495,2,0.2579,0.21296,16.917,135,0.65728,0.57014,0.087141,0.13258,0.057546,0.12188,0,32.756,191,0.54222,0.44535,0.096865,0.17865,0.075543,0.11842,0,36.516,167,0.36569,0.30322,0.06247,0.17083,0.043489,0.083943,0,69.368,288,0.20942,0.17435,0.035064,0.16744,0.026214,0.044482,0,107.83,0.00076342,2.7023,18.25,0.029057,66.776,,False,,,,,,0.93496,True,0.009505,0.060296,0.14813,-0.0010737,0.019908,0.081,0.047456,0.13208,0.077577,0.095736,0.047814,0.019655,sctrl1of2x_armB_both_lora_b80_r8_lr0.0003_seed2_hq_ms400_pat4__eval23641,0.012554,0.079636,0.01178,0.032787,0.0095643,0.014551,0.0011296,0.0020833,0.014656,0.040079,0.015409,0.073581,0.0052937,0.020367,0,0.0057785,0.017823,0
s30752_armB_both_lora_b160_r8_lr0.0003_seed0_hq_ms1200_pat4,30752,B,both,lora,160,8,0.0003,0,protocol,loss,/root/deep-learning-project/src/training/runs/s30752_armB_both_lora_b160_r8_lr0.0003_seed0_hq_ms1200_pat4,159.89,759,160,1.6842,0.20367,0.84211,152,45.723,0.11696,0.10577,0.011187,0.095652,0.00026053,0.024529,0.043,0.056364,152,3933,0.067369,0.057372,107.83,138.01,ivrit-ai/whisper-large-v3,"greedy+loopguard(cr>3.0,ngram6)",0.46522,0.08913,0.44565,0,0.51683,0.21394,0.26923,0,320,72.184,0.63343,0.22073,0.17492,0.045812,0.20755,0.030134,0.063816,0,7.2289e-09,320,6483,0.34941,0.14186,0.50874,3,0.42593,0.2619,0.31217,0,0.14846,0.10792,3.164,34,0.66102,0.43729,0.22373,0.33846,0.12085,0.34617,0,6.6802,47,0.44506,0.32962,0.11544,0.25938,0.035264,0.22061,0.001,8.4689,46,0.24658,0.20672,0.039851,0.16162,0.0053245,0.077871,0.019,53.87,193,0.15388,0.12902,0.024861,0.16156,0.01193,0.040136,0,107.83,0.00065112,2.5686,13.586,0.021604,13.979,,False,,,,,,2.1136,True,0.019069,0.16304,0.09789,0.0069661,0.033281,0.001,0.05445,0.24668,0.27119,0.13769,0.031133,0.031933,sctrl0of2_armB_both_lora_b160_r8_lr0.0003_seed0_hq_ms1200_pat4__eval30752,-0.007882,-0.067391,-0.008638,-0.039133,-0.047458,-0.071795,-0.022253,-0.05,0.0087173,0.035354,-0.0070724,-0.045961,-0.015128,-0.0012083,0.028,-0.017677,0.00015654,0.062
s30752_armB_both_lora_b20_r8_lr0.0003_seed0_hq_ms400_pat4,30752,B,both,lora,20,8,0.0003,0,protocol,loss,/root/deep-learning-project/src/training/runs/s30752_armB_both_lora_b20_r8_lr0.0003_seed0_hq_ms400_pat4,19.94,87,120,10.909,0.22476,3.6364,152,45.723,0.11696,0.10984,0.0071192,0.06087,-0.00074975,0.015491,0.077,0.1306,152,3933,0.067369,0.059293,81.483,109.63,ivrit-ai/whisper-large-v3,"greedy+loopguard(cr>3.0,ngram6)",0.46522,0.08913,0.44565,0,0.49769,0.16667,0.33565,0,320,72.184,0.63343,0.22073,0.18356,0.037174,0.16841,0.023168,0.053566,0,5.466e-07,320,6483,0.34941,0.14186,0.50874,3,0.40756,0.24286,0.34958,1,0.14846,0.11539,3.164,34,0.66102,0.47797,0.18305,0.27692,0.082315,0.30306,0,6.6802,47,0.44506,0.34631,0.098748,0.22187,0.024318,0.19527,0.007,8.4689,46,0.24658,0.21046,0.036115,0.14646,-0.0024107,0.075832,0.065,53.87,193,0.15388,0.13523,0.018646,0.12117,0.0079051,0.031583,0,81.483,0.00060987,1.7365,12.96,0.059442,13.372,0.00042272,False,,,,,,2.1429,True,-0.0030511,-0.026087,0.12001,-0.01471,0.0094163,0.63,0.025297,0.11461,0.15932,0.083449,0.028643,0.0072868,sctrl0of2_armB_both_lora_b20_r8_lr0.0003_seed0_hq_ms400_pat4__eval30752,0.01017,0.086957,0.011877,0.053809,0.023729,0.035897,0.015299,0.034375,0.007472,0.030303,0.011359,0.073816,0.002985,0.017668,0.007,0.0043815,0.02045,0
s30752_armB_both_lora_b360_r8_lr0.0003_seed0_hq_ms1200_pat4,30752,B,both,lora,360,8,0.0003,0,protocol,loss,/root/deep-learning-project/src/training/runs/s30752_armB_both_lora_b360_r8_lr0.0003_seed0_hq_ms1200_pat4,359.92,1730,260,1.1982,0.2035,0.82949,152,45.723,0.11696,0.10374,0.013221,0.11304,-0.0035166,0.029674,0.111,0.0063328,152,3933,0.067369,0.057323,170.54,200.75,ivrit-ai/whisper-large-v3,"greedy+loopguard(cr>3.0,ngram6)",0.46522,0.08913,0.44565,0,0.5098,0.23039,0.2598,0,320,72.184,0.63343,0.22073,0.16304,0.057689,0.26136,0.039059,0.077718,0,4.9646e-13,320,6483,0.34941,0.14186,0.50874,3,0.43046,0.28666,0.28288,0,0.14846,0.10099,3.164,34,0.66102,0.34576,0.31525,0.47692,0.17106,0.47909,0,6.6802,47,0.44506,0.31015,0.13491,0.30312,0.055401,0.23719,0,8.4689,46,0.24658,0.19427,0.052304,0.21212,0.014488,0.089593,0.004,53.87,193,0.15388,0.12345,0.030433,0.19777,0.013344,0.048253,0.002,170.54,0.00066352,2.6629,13.741,0.021926,13.722,,False,,,,,,1.9038,True,0.018561,0.1587,0.098398,0.004924,0.035241,0.008,0.057072,0.25856,0.25424,0.15021,0.047323,0.031933,sctrl0of2_armB_both_lora_b360_r8_lr0.0003_seed0_hq_ms1200_pat4__eval30752,-0.0053394,-0.045652,0.000617,0.0027952,0.061017,0.092308,-0.015299,-0.034375,0.0049813,0.020202,-0.0015002,-0.0097493,-0.018736,0.0040088,0.403,-0.0085336,0.0085963,0.882
s30752_armB_both_lora_b360_r8_lr0.0003_seed1_hq_ms1200_pat4,30752,B,both,lora,360,8,0.0003,1,protocol,loss,/root/deep-learning-project/src/training/runs/s30752_armB_both_lora_b360_r8_lr0.0003_seed1_hq_ms1200_pat4,359.92,1730,280,1.2903,0.20163,0.92166,152,45.723,0.11696,0.10043,0.016527,0.1413,0.0044074,0.031037,0.002,0.0045391,152,3933,0.067369,0.053925,185.87,216.31,ivrit-ai/whisper-large-v3,"greedy+loopguard(cr>3.0,ngram6)",0.46522,0.08913,0.44565,0,0.53165,0.18228,0.28608,0,320,72.184,0.63343,0.22073,0.16181,0.058923,0.26695,0.041727,0.079409,0,2.4383e-12,320,6483,0.34941,0.14186,0.50874,3,0.4347,0.27931,0.28599,0,0.14846,0.099688,3.164,34,0.66102,0.36949,0.29153,0.44103,0.15233,0.4523,0,6.6802,47,0.44506,0.29903,0.14604,0.32812,0.057982,0.25848,0,8.4689,46,0.24658,0.19801,0.048568,0.19697,0.011804,0.087105,0.006,53.87,193,0.15388,0.1213,0.032576,0.2117,0.018378,0.049351,0,185.87,0.00078177,3.0353,13.931,0.037711,13.384,,False,,,,,,1.4154,True,0.025426,0.21739,0.091533,0.014952,0.037975,0,0.058152,0.26345,0.24407,0.12935,0.048568,0.037077,sctrl0of2x_armB_both_lora_b360_r8_lr0.0003_seed1_hq_ms1200_pat4__eval30752,-0.0088991,-0.076087,0.00077125,0.0034941,0.047458,0.071795,0.01669,0.0375,0,0,-0.0045006,-0.029248,-0.016904,-0.00080835,0.033,-0.0062001,0.0086933,0.877
s30752_armB_both_lora_b360_r8_lr0.0003_seed2_hq_ms1200_pat4,30752,B,both,lora,360,8,0.0003,2,protocol,loss,/root/deep-learning-project/src/training/runs/s30752_armB_both_lora_b360_r8_lr0.0003_seed2_hq_ms1200_pat4,359.92,1730,240,1.106,0.20276,0.73733,152,45.723,0.11696,0.098398,0.018561,0.1587,0.0064851,0.033308,0.004,0.0086005,152,3933,0.067369,0.051561,157.53,187.41,ivrit-ai/whisper-large-v3,"greedy+loopguard(cr>3.0,ngram6)",0.46522,0.08913,0.44565,0,0.54005,0.18346,0.27649,0,320,72.184,0.63343,0.22073,0.15903,0.0617,0.27952,0.044072,0.082804,0,2.2816e-11,320,6483,0.34941,0.14186,0.50874,3,0.44035,0.29389,0.26576,0,0.14846,0.09636,3.164,34,0.66102,0.34237,0.31864,0.48205,0.16531,0.4902,0,6.6802,47,0.44506,0.31293,0.13213,0.29688,0.047156,0.23919,0,8.4689,46,0.24658,0.19925,0.047323,0.19192,0.010138,0.084586,0.013,53.87,193,0.15388,0.1168,0.037077,0.24095,0.021807,0.054162,0,157.53,0.0007112,2.8052,13.771,0.022261,13.25,,False,,,,,,1.3425,True,0.011442,0.097826,0.10552,-0.0024037,0.027476,0.118,0.051674,0.2341,0.24746,0.14047,0.047323,0.026361,sctrl0of2_armB_both_lora_b360_r8_lr0.0003_seed2_hq_ms1200_pat4__eval30752,0.0071192,0.06087,0.010026,0.045423,0.071186,0.10769,-0.0083449,-0.01875,0,0,0.010716,0.069638,-0.00081497,0.015252,0.078,0.003205,0.017348,0.007
s30752_armB_both_lora_b360_r8_lr0.001_seed0_hq_ms1200_pat4,30752,B,both,lora,360,8,0.001,0,protocol,loss,/root/deep-learning-project/src/training/runs/s30752_armB_both_lora_b360_r8_lr0.001_seed0_hq_ms1200_pat4,359.92,1730,160,0.73733,0.20427,0.36866,152,45.723,0.11696,0.10069,0.016273,0.13913,0.0056131,0.029235,0.001,0.0071779,152,3933,0.067369,0.0523,108.56,139.83,ivrit-ai/whisper-large-v3,"greedy+loopguard(cr>3.0,ngram6)",0.46522,0.08913,0.44565,0,0.5404,0.12121,0.33838,0,320,72.184,0.63343,0.22073,0.17075,0.049977,0.22642,0.034444,0.068019,0,9.1742e-11,320,6483,0.34941,0.14186,0.50874,3,0.43902,0.21861,0.34237,0,0.14846,0.10408,3.164,34,0.66102,0.44068,0.22034,0.33333,0.11797,0.34353,0,6.6802,47,0.44506,0.33241,0.11266,0.25312,0.025756,0.21787,0.004,8.4689,46,0.24658,0.20299,0.043587,0.17677,0.012236,0.074439,0.002,53.87,193,0.15388,0.12323,0.030647,0.19916,0.018207,0.045597,0,108.56,0.00066876,3.28,13.793,0.023145,14.123,,False,,,,,,1.1094,True,,,,,,,,,,,,,,,,,,,,,,,,,,,,,,,
s30752_armB_both_lora_b5_r8_lr0.0001_seed0_hq_ms400_pat4,30752,B,both,lora,5,8,0.0001,0,protocol,loss,/root/deep-learning-project/src/training/runs/s30752_armB_both_lora_b5_r8_lr0.0001_seed0_hq_ms400_pat4,4.9428,29,160,40,0.25996,20,152,45.723,0.11696,0.12052,-0.0035596,-0.030435,-0.010505,0.0033789,0.35,0.33604,152,3933,0.067369,0.067025,105.92,231.63,ivrit-ai/whisper-large-v3,"greedy+loopguard(cr>3.0,ngram6)",0.46522,0.08913,0.44565,0,0.46835,0.11392,0.41772,0,320,72.184,0.63343,0.22073,0.21734,0.0033935,0.015374,-0.0093616,0.017382,0.671,0.82126,320,6483,0.34941,0.14186,0.50874,3,0.35912,0.15898,0.4819,2,0.14846,0.14265,3.164,34,0.66102,0.65763,0.0033898,0.0051282,-0.095615,0.11707,0.966,6.6802,47,0.44506,0.40334,0.041725,0.09375,-0.042471,0.1446,0.413,8.4689,46,0.24658,0.24284,0.003736,0.015152,-0.021741,0.033376,0.893,53.87,193,0.15388,0.15645,-0.0025718,-0.016713,-0.01039,0.0055016,0.555,105.92,0.00065756,2.1757,13.139,0.06198,87.071,23.243,False,,,,,,-0.5,False,-0.0053394,-0.045652,0.1223,-0.014728,0.0039936,0.275,0.026068,0.1181,0.15254,0.11683,0.026152,0.004072,sctrl0of2_armB_both_lora_b5_r8_lr0.0001_seed0_hq_ms400_pat4__eval30752,0.0017798,0.015217,-0.022675,-0.10273,-0.14915,-0.22564,-0.075104,-0.16875,-0.022416,-0.090909,-0.0066438,-0.043175,-0.0077369,0.010801,0.721,-0.035641,-0.011097,0
s30752_armB_both_lora_b80_r8_lr0.0003_seed0_hq_ms400_pat4,30752,B,both,lora,80,8,0.0003,0,protocol,loss,/root/deep-learning-project/src/training/runs/s30752_armB_both_lora_b80_r8_lr0.0003_seed0_hq_ms400_pat4,79.974,363,140,3.0435,0.21094,1.3043,152,45.723,0.11696,0.10247,0.014493,0.12391,0.0012866,0.030506,0.03,0.027461,152,3933,0.067369,0.055156,94.173,122.56,ivrit-ai/whisper-large-v3,"greedy+loopguard(cr>3.0,ngram6)",0.46522,0.08913,0.44565,0,0.5062,0.23821,0.25558,0,320,72.184,0.63343,0.22073,0.16752,0.053216,0.24109,0.035855,0.073156,0,4.3179e-09,320,6483,0.34941,0.14186,0.50874,3,0.42726,0.30387,0.26888,0,0.14846,0.10235,3.164,34,0.66102,0.38644,0.27458,0.41538,0.13024,0.43936,0,6.6802,47,0.44506,0.31711,0.12796,0.2875,0.042925,0.23196,0,8.4689,46,0.24658,0.20548,0.041096,0.16667,0.0023025,0.080183,0.04,53.87,193,0.15388,0.12409,0.02979,0.19359,0.014212,0.046935,0,94.173,0.00073218,2.0005,13.246,0.062674,13.03,0.00043178,False,,,,,,1.7895,True,0.011187,0.095652,0.10577,-0.00025059,0.023345,0.061,0.044424,0.20126,0.22373,0.12239,0.038605,0.022075,sctrl0of2_armB_both_lora_b80_r8_lr0.0003_seed0_hq_ms400_pat4__eval30752,0.0033054,0.028261,0.0087922,0.039832,0.050847,0.076923,0.0055633,0.0125,0.0024907,0.010101,0.0077154,0.050139,-0.0053099,0.013134,0.482,0.00078087,0.0176,0.036
s30752_armB_both_lora_b80_r8_lr0.0003_seed0_verbatim_hq_ms400_pat4,30752,B,both,lora,80,8,0.0003,0,verbatim,loss,/root/deep-learning-project/src/training/runs/s30752_armB_both_lora_b80_r8_lr0.0003_seed0_verbatim_hq_ms400_pat4,79.974,363,160,3.4783,0.24765,1.7391,152,45.723,0.11696,0.10959,0.0073735,0.063043,0.00052435,0.014359,0.027,0.045684,152,3933,0.067369,0.062297,106.36,135.68,ivrit-ai/whisper-large-v3,"greedy+loopguard(cr>3.0,ngram6)",0.46522,0.08913,0.44565,0,0.4826,0.092807,0.42459,0,320,72.184,0.63343,0.22073,0.19127,0.029462,0.13347,0.016943,0.043311,0,2.0594e-07,320,6483,0.34941,0.14186,0.50874,3,0.38548,0.16774,0.44677,0,0.14846,0.12338,3.164,34,0.66102,0.54915,0.11186,0.16923,0.052977,0.17871,0,6.6802,47,0.44506,0.363,0.082058,0.18437,0.001242,0.1764,0.05,8.4689,46,0.24658,0.2254,0.021171,0.085859,-0.0049403,0.05125,0.169,53.87,193,0.15388,0.13631,0.017574,0.11421,0.0082118,0.028306,0,106.36,0.00064325,1.7343,13.032,0.060619,14.468,0.00041771,False,,,,,,0.75862,True,0.006865,0.058696,0.11009,-0.00024822,0.014398,0.067,0.027611,0.12509,0.1322,0.093185,0.028643,0.010716,sctrl0of2_armB_both_lora_b80_r8_lr0.0003_seed0_verbatim_hq_ms400_pat4__eval30752,0.00050852,0.0043478,0.001851,0.0083857,-0.020339,-0.030769,-0.011127,-0.025,-0.007472,-0.030303,0.0068581,0.044568,-0.0058382,0.00701,0.884,-0.0071409,0.010386,0.71
s30752_armB_both_lora_b80_r8_lr0.0003_seed1_hq_ms400_pat4,30752,B,both,lora,80,8,0.0003,1,protocol,loss,/root/deep-learning-project/src/training/runs/s30752_armB_both_lora_b80_r8_lr0.0003_seed1_hq_ms400_pat4,79.974,363,180,3.913,0.21361,2.1739,152,45.723,0.11696,0.10475,0.012204,0.10435,0.00051059,0.025959,0.046,0.024893,152,3933,0.067369,0.057323,117.53,145.86,ivrit-ai/whisper-large-v3,"greedy+loopguard(cr>3.0,ngram6)",0.46522,0.08913,0.44565,0,0.52184,0.20388,0.27427,0,320,72.184,0.63343,0.22073,0.17137,0.04936,0.22362,0.032653,0.068914,0,8.6684e-09,320,6483,0.34941,0.14186,0.50874,3,0.43294,0.25923,0.30783,0,0.14846,0.10529,3.164,34,0.66102,0.44746,0.21356,0.32308,0.09846,0.34109,0,6.6802,47,0.44506,0.3032,0.14186,0.31875,0.052629,0.24665,0,8.4689,46,0.24658,0.21046,0.036115,0.14646,-0.0040163,0.076474,0.089,53.87,193,0.15388,0.12688,0.027004,0.17549,0.013452,0.042706,0,117.53,0.0010381,1.7863,13.126,0.060881,13.343,0.00042272,False,,,,,,1.9167,True,0.0099161,0.084783,0.10704,0.00053155,0.020688,0.042,0.038408,0.174,0.14915,0.11405,0.031133,0.021003,sctrl0of2_armB_both_lora_b80_r8_lr0.0003_seed1_hq_ms400_pat4__eval30752,0.0022883,0.019565,0.010952,0.049616,0.064407,0.097436,0.027816,0.0625,0.0049813,0.020202,0.0060009,0.038997,-0.0076638,0.012654,0.694,0.0021882,0.019341,0.017
s30752_armB_both_lora_b80_r8_lr0.0003_seed2_hq_ms400_pat4,30752,B,both,lora,80,8,0.0003,2,protocol,loss,/root/deep-learning-project/src/training/runs/s30752_armB_both_lora_b80_r8_lr0.0003_seed2_hq_ms400_pat4,79.974,363,160,3.4783,0.21183,1.7391,152,45.723,0.11696,0.10348,0.013476,0.11522,0.0020117,0.026428,0.018,0.013873,152,3933,0.067369,0.055452,105.16,133.21,ivrit-ai/whisper-large-v3,"greedy+loopguard(cr>3.0,ngram6)",0.46522,0.08913,0.44565,0,0.51351,0.23342,0.25307,0,320,72.184,0.63343,0.22073,0.1689,0.051828,0.2348,0.034645,0.071461,0,4.7838e-09,320,6483,0.34941,0.14186,0.50874,3,0.43927,0.29406,0.26667,0,0.14846,0.10302,3.164,34,0.66102,0.4,0.26102,0.39487,0.12432,0.41936,0,6.6802,47,0.44506,0.31154,0.13352,0.3,0.043675,0.24337,0.001,8.4689,46,0.24658,0.2142,0.032379,0.13131,-0.0082952,0.073366,0.129,53.87,193,0.15388,0.12452,0.029361,0.19081,0.015422,0.045002,0,105.16,0.00067091,1.7833,13.086,0.059413,13.116,0.00046015,False,,,,,,1.9245,True,0.0040681,0.034783,0.11289,-0.0073203,0.015252,0.499,0.040259,0.18239,0.22712,0.11822,0.039851,0.016502,sctrl0of2_armB_both_lora_b80_r8_lr0.0003_seed2_hq_ms400_pat4__eval30752,0.0094076,0.080435,0.011569,0.052411,0.033898,0.051282,0.015299,0.034375,-0.007472,-0.030303,0.012859,0.083565,0.0017492,0.018592,0.023,0.0035888,0.020069,0.006
sctrl0of2_armB_both_lora_b160_r8_lr0.0003_seed0_hq_ms1200_pat4__eval30752,30752,B,both,lora,160,8,0.0003,0,protocol,loss,/root/deep-learning-project/src/training/runs/sctrl0of2_armB_both_lora_b160_r8_lr0.0003_seed0_hq_ms1200_pat4,159.92,589,220,2.973,0.1926,,152,45.723,0.11696,0.09789,0.019069,0.16304,0.0069661,0.033281,0.001,0.0052765,152,3933,0.067369,0.052398,151.27,,ivrit-ai/whisper-large-v3,"greedy+loopguard(cr>3.0,ngram6)",0.46522,0.08913,0.44565,0,0.53247,0.20779,0.25974,0,320,72.184,0.63343,0.22073,0.16628,0.05445,0.24668,0.037053,0.073906,0,7.807e-10,320,6483,0.34941,0.14186,0.50874,3,0.42857,0.29406,0.27737,1,0.14846,0.10299,3.164,34,0.66102,0.38983,0.27119,0.41026,0.13513,0.42733,0,6.6802,47,0.44506,0.30737,0.13769,0.30938,0.050933,0.2381,0,8.4689,46,0.24658,0.21544,0.031133,0.12626,-0.0021138,0.066351,0.073,53.87,193,0.15388,0.12195,0.031933,0.20752,0.018009,0.048392,0,,,,,,,,True,0,2,"[23558, 30685, 30701, 30718, 30859, 30868]",0,27.382,1.4,True,0.019069,0.16304,0.09789,0.0069661,0.033281,0.001,0.05445,0.24668,0.27119,0.13769,0.031133,0.031933,sctrl0of2_armB_both_lora_b160_r8_lr0.0003_seed0_hq_ms1200_pat4__eval30752,0,0,0,0,0,0,0,0,0,0,0,0,,,,,,
sctrl0of2_armB_both_lora_b20_r8_lr0.0003_seed0_hq_ms400_pat4__eval30752,30752,B,both,lora,20,8,0.0003,0,protocol,loss,/root/deep-learning-project/src/training/runs/sctrl0of2_armB_both_lora_b20_r8_lr0.0003_seed0_hq_ms400_pat4,19.711,67,120,13.333,0.21903,,152,45.723,0.11696,0.12001,-0.0030511,-0.026087,-0.01471,0.0094163,0.63,0.49801,152,3933,0.067369,0.065399,82.024,,ivrit-ai/whisper-large-v3,"greedy+loopguard(cr>3.0,ngram6)",0.46522,0.08913,0.44565,0,0.48941,0.22034,0.29025,0,320,72.184,0.63343,0.22073,0.19543,0.025297,0.11461,0.010397,0.042157,0,0.0059736,320,6483,0.34941,0.14186,0.50874,3,0.39937,0.26204,0.3386,2,0.14846,0.1232,3.164,34,0.66102,0.50169,0.15932,0.24103,0.076918,0.27348,0,6.6802,47,0.44506,0.36161,0.083449,0.1875,0.0042517,0.18478,0.043,8.4689,46,0.24658,0.21793,0.028643,0.11616,-0.0037268,0.062846,0.1,53.87,193,0.15388,0.14659,0.0072868,0.047354,-0.0052648,0.020627,0.278,,,,,,,,True,0,2,"[23558, 30685, 30701, 30718, 30859, 30868]",0,36.051,-5,False,-0.0030511,-0.026087,0.12001,-0.01471,0.0094163,0.63,0.025297,0.11461,0.15932,0.083449,0.028643,0.0072868,sctrl0of2_armB_both_lora_b20_r8_lr0.0003_seed0_hq_ms400_pat4__eval30752,0,0,0,0,0,0,0,0,0,0,0,0,,,,,,
sctrl0of2_armB_both_lora_b360_r8_lr0.0003_seed0_hq_ms1200_pat4__eval30752,30752,B,both,lora,360,8,0.0003,0,protocol,loss,/root/deep-learning-project/src/training/runs/sctrl0of2_armB_both_lora_b360_r8_lr0.0003_seed0_hq_ms1200_pat4,359.99,1401,260,1.4773,0.18821,,152,45.723,0.11696,0.098398,0.018561,0.1587,0.004924,0.035241,0.008,0.0079441,152,3933,0.067369,0.053285,176.15,,ivrit-ai/whisper-large-v3,"greedy+loopguard(cr>3.0,ngram6)",0.46522,0.08913,0.44565,0,0.52713,0.2093,0.26357,0,320,72.184,0.63343,0.22073,0.16366,0.057072,0.25856,0.039424,0.077537,0,1.2835e-10,320,6483,0.34941,0.14186,0.50874,3,0.43827,0.27238,0.28935,0,0.14846,0.10005,3.164,34,0.66102,0.40678,0.25424,0.38462,0.12381,0.39756,0,6.6802,47,0.44506,0.29485,0.15021,0.3375,0.059675,0.25395,0,8.4689,46,0.24658,0.19925,0.047323,0.19192,0.013312,0.084066,0.006,53.87,193,0.15388,0.12195,0.031933,0.20752,0.015882,0.050087,0,,,,,,,,True,0,2,"[23558, 30685, 30701, 30718, 30859, 30868]",0,27.834,1.411,True,0.018561,0.1587,0.098398,0.004924,0.035241,0.008,0.057072,0.25856,0.25424,0.15021,0.047323,0.031933,sctrl0of2_armB_both_lora_b360_r8_lr0.0003_seed0_hq_ms1200_pat4__eval30752,0,0,0,0,0,0,0,0,0,0,0,0,,,,,,
sctrl0of2_armB_both_lora_b360_r8_lr0.0003_seed2_hq_ms1200_pat4__eval30752,30752,B,both,lora,360,8,0.0003,2,protocol,loss,/root/deep-learning-project/src/training/runs/sctrl0of2_armB_both_lora_b360_r8_lr0.0003_seed2_hq_ms1200_pat4,359.84,1418,260,1.4607,0.191,,152,45.723,0.11696,0.10552,0.011442,0.097826,-0.0024037,0.027476,0.118,0.15239,152,3933,0.067369,0.057865,176.01,,ivrit-ai/whisper-large-v3,"greedy+loopguard(cr>3.0,ngram6)",0.46522,0.08913,0.44565,0,0.51084,0.2506,0.23855,0,320,72.184,0.63343,0.22073,0.16906,0.051674,0.2341,0.033362,0.072612,0,1.1655e-07,320,6483,0.34941,0.14186,0.50874,3,0.42518,0.30657,0.26825,0,0.14846,0.10456,3.164,34,0.66102,0.41356,0.24746,0.37436,0.11261,0.40603,0,6.6802,47,0.44506,0.30459,0.14047,0.31562,0.051159,0.25039,0.001,8.4689,46,0.24658,0.19925,0.047323,0.19192,0.010388,0.085835,0.01,53.87,193,0.15388,0.12752,0.026361,0.17131,0.010576,0.044256,0.001,,,,,,,,True,0,2,"[556, 23558, 30718, 30777, 30813, 30859]",0,27.163,2.3556,True,0.011442,0.097826,0.10552,-0.0024037,0.027476,0.118,0.051674,0.2341,0.24746,0.14047,0.047323,0.026361,sctrl0of2_armB_both_lora_b360_r8_lr0.0003_seed2_hq_ms1200_pat4__eval30752,0,0,0,0,0,0,0,0,0,0,0,0,,,,,,
sctrl0of2_armB_both_lora_b5_r8_lr0.0001_seed0_hq_ms400_pat4__eval30752,30752,B,both,lora,5,8,0.0001,0,protocol,loss,/root/deep-learning-project/src/training/runs/sctrl0of2_armB_both_lora_b5_r8_lr0.0001_seed0_hq_ms400_pat4,4.5798,13,140,70,0.26101,,152,45.723,0.11696,0.1223,-0.0053394,-0.045652,-0.014728,0.0039936,0.275,0.25098,152,3933,0.067369,0.070029,94.122,,ivrit-ai/whisper-large-v3,"greedy+loopguard(cr>3.0,ngram6)",0.46522,0.08913,0.44565,0,0.45322,0.18919,0.35759,0,320,72.184,0.63343,0.22073,0.19466,0.026068,0.1181,0.012265,0.042588,0,0.0010285,320,6483,0.34941,0.14186,0.50874,3,0.39065,0.23851,0.37084,2,0.14846,0.12553,3.164,34,0.66102,0.50847,0.15254,0.23077,0.063693,0.26874,0,6.6802,47,0.44506,0.32823,0.11683,0.2625,0.034791,0.2224,0.001,8.4689,46,0.24658,0.22042,0.026152,0.10606,-0.0012082,0.050743,0.067,53.87,193,0.15388,0.14981,0.004072,0.026462,-0.0061273,0.016011,0.418,,,,,,,,True,0,2,"[23558, 30685, 30701, 30718, 30859, 30868]",0,27.451,-1.5714,False,-0.0053394,-0.045652,0.1223,-0.014728,0.0039936,0.275,0.026068,0.1181,0.15254,0.11683,0.026152,0.004072,sctrl0of2_armB_both_lora_b5_r8_lr0.0001_seed0_hq_ms400_pat4__eval30752,0,0,0,0,0,0,0,0,0,0,0,0,,,,,,
sctrl0of2_armB_both_lora_b80_r8_lr0.0003_seed0_hq_ms400_pat4__eval30752,30752,B,both,lora,80,8,0.0003,0,protocol,loss,/root/deep-learning-project/src/training/runs/sctrl0of2_armB_both_lora_b80_r8_lr0.0003_seed0_hq_ms400_pat4,79.977,283,160,4.4444,0.19805,,152,45.723,0.11696,0.10577,0.011187,0.095652,-0.00025059,0.023345,0.061,0.025078,152,3933,0.067369,0.057126,110.78,,ivrit-ai/whisper-large-v3,"greedy+loopguard(cr>3.0,ngram6)",0.46522,0.08913,0.44565,0,0.5,0.21635,0.28365,0,320,72.184,0.63343,0.22073,0.17631,0.044424,0.20126,0.028074,0.063019,0,1.3451e-07,320,6483,0.34941,0.14186,0.50874,3,0.40857,0.28609,0.30534,2,0.14846,0.11073,3.164,34,0.66102,0.43729,0.22373,0.33846,0.11204,0.35765,0,6.6802,47,0.44506,0.32267,0.12239,0.275,0.030675,0.22704,0.003,8.4689,46,0.24658,0.20797,0.038605,0.15657,-2.3343e-05,0.081637,0.058,53.87,193,0.15388,0.1318,0.022075,0.14345,0.0085016,0.036448,0.001,,,,,,,,True,0,2,"[23558, 30685, 30701, 30718, 30859, 30868]",0,35.158,1.9773,True,0.011187,0.095652,0.10577,-0.00025059,0.023345,0.061,0.044424,0.20126,0.22373,0.12239,0.038605,0.022075,sctrl0of2_armB_both_lora_b80_r8_lr0.0003_seed0_hq_ms400_pat4__eval30752,0,0,0,0,0,0,0,0,0,0,0,0,,,,,,
sctrl0of2_armB_both_lora_b80_r8_lr0.0003_seed0_verbatim_hq_ms400_pat4__eval30752,30752,B,both,lora,80,8,0.0003,0,verbatim,loss,/root/deep-learning-project/src/training/runs/sctrl0of2_armB_both_lora_b80_r8_lr0.0003_seed0_verbatim_hq_ms400_pat4,79.977,283,140,3.8889,0.21781,,152,45.723,0.11696,0.11009,0.006865,0.058696,-0.00024822,0.014398,0.067,0.089937,152,3933,0.067369,0.062445,98.195,,ivrit-ai/whisper-large-v3,"greedy+loopguard(cr>3.0,ngram6)",0.46522,0.08913,0.44565,0,0.46882,0.11547,0.4157,0,320,72.184,0.63343,0.22073,0.19312,0.027611,0.12509,0.01569,0.042744,0,2.6241e-05,320,6483,0.34941,0.14186,0.50874,3,0.3738,0.19249,0.43371,3,0.14846,0.12495,3.164,34,0.66102,0.52881,0.1322,0.2,0.0423,0.26227,0.002,6.6802,47,0.44506,0.35188,0.093185,0.20937,0.013286,0.19908,0.014,8.4689,46,0.24658,0.21793,0.028643,0.11616,-0.0011873,0.062653,0.07,53.87,193,0.15388,0.14316,0.010716,0.069638,0.0031379,0.019462,0.009,,,,,,,,True,0,2,"[23558, 30685, 30701, 30718, 30859, 30868]",0,28.263,0.92593,True,0.006865,0.058696,0.11009,-0.00024822,0.014398,0.067,0.027611,0.12509,0.1322,0.093185,0.028643,0.010716,sctrl0of2_armB_both_lora_b80_r8_lr0.0003_seed0_verbatim_hq_ms400_pat4__eval30752,0,0,0,0,0,0,0,0,0,0,0,0,,,,,,
sctrl0of2_armB_both_lora_b80_r8_lr0.0003_seed1_hq_ms400_pat4__eval23558,23558,B,both,lora,80,8,0.0003,1,protocol,loss,/root/deep-learning-project/src/training/runs/sctrl0of2_armB_both_lora_b80_r8_lr0.0003_seed1_hq_ms400_pat4,79.937,290,180,4.8649,0.19672,,240,46.331,0.17696,0.14462,0.032337,0.18274,0.020094,0.045415,0,5.8567e-06,240,6154,0.12038,0.092207,122.1,,ivrit-ai/whisper-large-v3,"greedy+loopguard(cr>3.0,ngram6)",0.38567,0.1157,0.49862,0,0.4573,0.23708,0.30562,0,1163,177.78,0.26062,0.34677,0.2792,0.06757,0.19486,0.05854,0.077207,0,9.4785e-40,1163,23102,0.32306,0.14805,0.5289,3,0.37364,0.25519,0.37116,2,0.25574,0.20062,16.695,175,0.6665,0.53211,0.13439,0.20163,0.089099,0.18538,0,44.327,323,0.45976,0.38231,0.077456,0.16847,0.054971,0.099664,0,42.52,255,0.32713,0.25801,0.069114,0.21128,0.051167,0.088677,0,74.235,410,0.2278,0.18045,0.047344,0.20783,0.035389,0.059001,0,,,,,,,,True,0,2,"[556, 30701, 30813, 30843, 30859, 30868]",0,106.48,1.3618,True,0.032337,0.18274,0.14462,0.020094,0.045415,0,0.06757,0.19486,0.13439,0.077456,0.069114,0.047344,sctrl0of2_armB_both_lora_b80_r8_lr0.0003_seed1_hq_ms400_pat4__eval23558,0,0,0,0,0,0,0,0,0,0,0,0,,,,,,
sctrl0of2_armB_both_lora_b80_r8_lr0.0003_seed1_hq_ms400_pat4__eval30752,30752,B,both,lora,80,8,0.0003,1,protocol,loss,/root/deep-learning-project/src/training/runs/sctrl0of2_armB_both_lora_b80_r8_lr0.0003_seed1_hq_ms400_pat4,79.937,290,180,4.8649,0.19672,,152,45.723,0.11696,0.10704,0.0099161,0.084783,0.00053155,0.020688,0.042,0.11861,152,3933,0.067369,0.058062,122.1,,ivrit-ai/whisper-large-v3,"greedy+loopguard(cr>3.0,ngram6)",0.46522,0.08913,0.44565,0,0.50119,0.17102,0.32779,0,320,72.184,0.63343,0.22073,0.18232,0.038408,0.174,0.023632,0.05538,0,2.9215e-06,320,6483,0.34941,0.14186,0.50874,3,0.40948,0.24027,0.35025,1,0.14846,0.11406,3.164,34,0.66102,0.51186,0.14915,0.22564,0.065133,0.26105,0,6.6802,47,0.44506,0.33102,0.11405,0.25625,0.028607,0.22086,0.004,8.4689,46,0.24658,0.21544,0.031133,0.12626,-0.0012357,0.067111,0.063,53.87,193,0.15388,0.13288,0.021003,0.13649,0.0086497,0.034693,0.001,,,,,,,,True,0,2,"[556, 30701, 30813, 30843, 30859, 30868]",0,27.667,1.7179,True,0.0099161,0.084783,0.10704,0.00053155,0.020688,0.042,0.038408,0.174,0.14915,0.11405,0.031133,0.021003,sctrl0of2_armB_both_lora_b80_r8_lr0.0003_seed1_hq_ms400_pat4__eval30752,0,0,0,0,0,0,0,0,0,0,0,0,,,,,,
sctrl0of2_armB_both_lora_b80_r8_lr0.0003_seed2_hq_ms400_pat4__eval30752,30752,B,both,lora,80,8,0.0003,2,protocol,loss,/root/deep-learning-project/src/training/runs/sctrl0of2_armB_both_lora_b80_r8_lr0.0003_seed2_hq_ms400_pat4,79.717,298,160,4.2105,0.19954,,152,45.723,0.11696,0.11289,0.0040681,0.034783,-0.0073203,0.015252,0.499,0.3931,152,3933,0.067369,0.060376,108.5,,ivrit-ai/whisper-large-v3,"greedy+loopguard(cr>3.0,ngram6)",0.46522,0.08913,0.44565,0,0.5045,0.18919,0.30631,0,320,72.184,0.63343,0.22073,0.18047,0.040259,0.18239,0.023356,0.059378,0,7.2084e-06,320,6483,0.34941,0.14186,0.50874,3,0.42393,0.25983,0.31624,1,0.14846,0.11155,3.164,34,0.66102,0.4339,0.22712,0.34359,0.094998,0.37545,0,6.6802,47,0.44506,0.32684,0.11822,0.26562,0.02987,0.23256,0.003,8.4689,46,0.24658,0.20672,0.039851,0.16162,0.0036583,0.077246,0.033,53.87,193,0.15388,0.13738,0.016502,0.10724,0.0031129,0.031177,0.017,,,,,,,,True,0,2,"[556, 23558, 30718, 30777, 30813, 30859]",0,26.81,4.3125,True,0.0040681,0.034783,0.11289,-0.0073203,0.015252,0.499,0.040259,0.18239,0.22712,0.11822,0.039851,0.016502,sctrl0of2_armB_both_lora_b80_r8_lr0.0003_seed2_hq_ms400_pat4__eval30752,0,0,0,0,0,0,0,0,0,0,0,0,,,,,,
sctrl0of2x_armB_both_lora_b1440_r8_lr0.0003_seed1_hq_ms3000_pat4_minep1__eval23558,23558,B,both,lora,1440,8,0.0003,1,protocol,loss,/root/deep-learning-project/src/training/runs/sctrl0of2x_armB_both_lora_b1440_r8_lr0.0003_seed1_hq_ms3000_pat4_minep1,1440,5748,800,1.1127,0.1819,,240,46.331,0.17696,0.13146,0.045499,0.25712,0.030318,0.061073,0,1.5513e-09,240,6154,0.12038,0.080624,540.32,,ivrit-ai/whisper-large-v3,"greedy+loopguard(cr>3.0,ngram6)",0.38567,0.1157,0.49862,0,0.47219,0.25711,0.2707,0,1163,177.78,0.26062,0.34677,0.24145,0.10532,0.30371,0.093925,0.11743,0,2.5477e-70,1163,23102,0.32306,0.14805,0.5289,3,0.3953,0.29025,0.31445,1,0.25574,0.16843,16.695,175,0.6665,0.44269,0.22381,0.3358,0.17204,0.28584,0,44.327,323,0.45976,0.32635,0.13342,0.29019,0.10827,0.16027,0,42.52,255,0.32713,0.22381,0.10331,0.31582,0.082463,0.12526,0,74.235,410,0.2278,0.1617,0.066099,0.29016,0.052,0.081501,0,,,,,,,,True,0,2,"[556, 30701, 30813, 30843, 30859, 30868]",0,107.06,1.1571,True,0.045499,0.25712,0.13146,0.030318,0.061073,0,0.10532,0.30371,0.22381,0.13342,0.10331,0.066099,sctrl0of2x_armB_both_lora_b1440_r8_lr0.0003_seed1_hq_ms3000_pat4_minep1__eval23558,0,0,0,0,0,0,0,0,0,0,0,0,,,,,,
sctrl0of2x_armB_both_lora_b1440_r8_lr0.0003_seed1_hq_ms3000_pat4_minep1__eval23641,23641,B,both,lora,1440,8,0.0003,1,protocol,loss,/root/deep-learning-project/src/training/runs/sctrl0of2x_armB_both_lora_b1440_r8_lr0.0003_seed1_hq_ms3000_pat4_minep1,1440,5748,800,1.1127,0.1819,,173,47.517,0.15764,0.13504,0.022597,0.14334,0.012114,0.032836,0,5.681e-06,173,5576,0.10254,0.088068,540.32,,ivrit-ai/whisper-large-v3,"greedy+loopguard(cr>3.0,ngram6)",0.43572,0.095563,0.46871,0,0.4409,0.20186,0.35724,0,781,155.56,0.30547,0.35929,0.28502,0.074269,0.20671,0.063905,0.085023,0,8.0371e-44,781,17827,0.33973,0.11132,0.54895,5,0.38634,0.19228,0.42137,2,0.2579,0.19903,16.917,135,0.65728,0.52763,0.12965,0.19725,0.092057,0.17392,0,32.756,191,0.54222,0.41824,0.12398,0.22865,0.094772,0.15313,0,36.516,167,0.36569,0.28976,0.075925,0.20762,0.054603,0.1006,0,69.368,288,0.20942,0.16998,0.039432,0.1883,0.030267,0.049861,0,,,,,,,,True,0,2,"[556, 30701, 30813, 30843, 30859, 30868]",0,94.986,1.1349,True,0.022597,0.14334,0.13504,0.012114,0.032836,0,0.074269,0.20671,0.12965,0.12398,0.075925,0.039432,sctrl0of2x_armB_both_lora_b1440_r8_lr0.0003_seed1_hq_ms3000_pat4_minep1__eval23641,0,0,0,0,0,0,0,0,0,0,0,0,,,,,,
sctrl0of2x_armB_both_lora_b360_r8_lr0.0003_seed1_hq_ms1200_pat4__eval23558,23558,B,both,lora,360,8,0.0003,1,protocol,loss,/root/deep-learning-project/src/training/runs/sctrl0of2x_armB_both_lora_b360_r8_lr0.0003_seed1_hq_ms1200_pat4,359.82,1396,280,1.6,0.18663,,240,46.331,0.17696,0.13292,0.044036,0.24885,0.030496,0.058856,0,2.1136e-10,240,6154,0.12038,0.082006,186.07,,ivrit-ai/whisper-large-v3,"greedy+loopguard(cr>3.0,ngram6)",0.38567,0.1157,0.49862,0,0.46577,0.24694,0.28729,0,1163,177.78,0.26062,0.34677,0.25019,0.096572,0.27849,0.085518,0.1085,0,2.9315e-65,1163,23102,0.32306,0.14805,0.5289,3,0.39118,0.27751,0.33131,1,0.25574,0.17614,16.695,175,0.6665,0.45356,0.21294,0.3195,0.15659,0.27978,0,44.327,323,0.45976,0.34464,0.11512,0.25039,0.092271,0.13936,0,42.52,255,0.32713,0.23384,0.093286,0.28517,0.07304,0.11333,0,74.235,410,0.2278,0.16383,0.06397,0.28082,0.048766,0.079742,0,,,,,,,,True,0,2,"[556, 30701, 30813, 30843, 30859, 30868]",0,140.09,1.1365,True,0.044036,0.24885,0.13292,0.030496,0.058856,0,0.096572,0.27849,0.21294,0.11512,0.093286,0.06397,sctrl0of2x_armB_both_lora_b360_r8_lr0.0003_seed1_hq_ms1200_pat4__eval23558,0,0,0,0,0,0,0,0,0,0,0,0,,,,,,
sctrl0of2x_armB_both_lora_b360_r8_lr0.0003_seed1_hq_ms1200_pat4__eval23635,23635,B,both,lora,360,8,0.0003,1,protocol,loss,/root/deep-learning-project/src/training/runs/sctrl0of2x_armB_both_lora_b360_r8_lr0.0003_seed1_hq_ms1200_pat4,359.82,1396,280,1.6,0.18663,,180,53.663,0.12792,0.11471,0.013218,0.10333,0.0052254,0.021434,0.001,0.00096576,180,6582,0.077203,0.06685,186.07,,ivrit-ai/whisper-large-v3,"greedy+loopguard(cr>3.0,ngram6)",0.43587,0.10333,0.46081,0,0.47285,0.1894,0.33775,0,486,111.94,0.4794,0.2439,0.19413,0.049776,0.20408,0.03764,0.063861,0,1.7285e-17,486,13862,0.35108,0.1047,0.54422,1,0.42549,0.2252,0.34931,0,0.17032,0.12714,4.7325,43,0.64486,0.43738,0.20748,0.32174,0.066803,0.36035,0.003,17.172,104,0.42421,0.32364,0.10057,0.23708,0.062029,0.14494,0,22.899,100,0.29942,0.22499,0.074428,0.24857,0.04405,0.10451,0,67.135,239,0.15289,0.13482,0.018072,0.1182,0.0097965,0.026594,0,,,,,,,,True,0,2,"[556, 30701, 30813, 30843, 30859, 30868]",0,49.137,1.5287,True,0.013218,0.10333,0.11471,0.0052254,0.021434,0.001,0.049776,0.20408,0.20748,0.10057,0.074428,0.018072,sctrl0of2x_armB_both_lora_b360_r8_lr0.0003_seed1_hq_ms1200_pat4__eval23635,0,0,0,0,0,0,0,0,0,0,0,0,,,,,,
sctrl0of2x_armB_both_lora_b360_r8_lr0.0003_seed1_hq_ms1200_pat4__eval23641,23641,B,both,lora,360,8,0.0003,1,protocol,loss,/root/deep-learning-project/src/training/runs/sctrl0of2x_armB_both_lora_b360_r8_lr0.0003_seed1_hq_ms1200_pat4,359.82,1396,280,1.6,0.18663,,173,47.517,0.15764,0.13199,0.025646,0.16268,0.014647,0.035944,0,7.4588e-08,173,5576,0.10254,0.08626,186.07,,ivrit-ai/whisper-large-v3,"greedy+loopguard(cr>3.0,ngram6)",0.43572,0.095563,0.46871,0,0.44973,0.18207,0.36821,0,781,155.56,0.30547,0.35929,0.29012,0.069165,0.19251,0.059255,0.078788,0,2.7922e-43,781,17827,0.33973,0.11132,0.54895,5,0.38438,0.17904,0.43658,2,0.2579,0.20228,16.917,135,0.65728,0.55101,0.10627,0.16168,0.072735,0.14406,0,32.756,191,0.54222,0.42587,0.11635,0.21458,0.08838,0.14554,0,36.516,167,0.36569,0.29697,0.068717,0.18791,0.048681,0.092026,0,69.368,288,0.20942,0.16877,0.040645,0.19409,0.031187,0.050709,0,,,,,,,,True,0,2,"[556, 30701, 30813, 30843, 30859, 30868]",0,101.36,0.98601,True,0.025646,0.16268,0.13199,0.014647,0.035944,0,0.069165,0.19251,0.10627,0.11635,0.068717,0.040645,sctrl0of2x_armB_both_lora_b360_r8_lr0.0003_seed1_hq_ms1200_pat4__eval23641,0,0,0,0,0,0,0,0,0,0,0,0,,,,,,
sctrl0of2x_armB_both_lora_b360_r8_lr0.0003_seed1_hq_ms1200_pat4__eval30752,30752,B,both,lora,360,8,0.0003,1,protocol,loss,/root/deep-learning-project/src/training/runs/sctrl0of2x_armB_both_lora_b360_r8_lr0.0003_seed1_hq_ms1200_pat4,359.82,1396,280,1.6,0.18663,,152,45.723,0.11696,0.091533,0.025426,0.21739,0.014952,0.037975,0,5.8501e-06,152,3933,0.067369,0.047621,186.07,,ivrit-ai/whisper-large-v3,"greedy+loopguard(cr>3.0,ngram6)",0.46522,0.08913,0.44565,0,0.55556,0.12778,0.31667,0,320,72.184,0.63343,0.22073,0.16258,0.058152,0.26345,0.041879,0.076522,0,3.2528e-13,320,6483,0.34941,0.14186,0.50874,3,0.45066,0.24194,0.3074,0,0.14846,0.099083,3.164,34,0.66102,0.41695,0.24407,0.36923,0.11109,0.39538,0,6.6802,47,0.44506,0.31572,0.12935,0.29062,0.045638,0.23099,0,8.4689,46,0.24658,0.19801,0.048568,0.19697,0.013353,0.085888,0.004,53.87,193,0.15388,0.1168,0.037077,0.24095,0.023648,0.051628,0,,,,,,,,True,0,2,"[556, 30701, 30813, 30843, 30859, 30868]",0,27.184,0.91,True,0.025426,0.21739,0.091533,0.014952,0.037975,0,0.058152,0.26345,0.24407,0.12935,0.048568,0.037077,sctrl0of2x_armB_both_lora_b360_r8_lr0.0003_seed1_hq_ms1200_pat4__eval30752,0,0,0,0,0,0,0,0,0,0,0,0,,,,,,
sctrl0of2x_armB_both_lora_b80_r8_lr0.0003_seed1_hq_ms400_pat4__eval23635,23635,B,both,lora,80,8,0.0003,1,protocol,loss,/root/deep-learning-project/src/training/runs/sctrl0of2x_armB_both_lora_b80_r8_lr0.0003_seed1_hq_ms400_pat4,79.937,290,180,4.8649,0.19605,,180,53.663,0.12792,0.122,0.0059253,0.046318,-0.0021702,0.013921,0.171,0.17311,180,6582,0.077203,0.07247,123.76,,ivrit-ai/whisper-large-v3,"greedy+loopguard(cr>3.0,ngram6)",0.43587,0.10333,0.46081,0,0.46824,0.19676,0.33499,0,486,111.94,0.4794,0.2439,0.20993,0.033978,0.13931,0.023502,0.045485,0,6.816e-10,486,13862,0.35108,0.1047,0.54422,1,0.41065,0.19828,0.39107,0,0.17032,0.13984,4.7325,43,0.64486,0.48785,0.15701,0.24348,0.042393,0.28358,0.013,17.172,104,0.42421,0.34795,0.076263,0.17978,0.046654,0.11196,0,22.899,100,0.29942,0.24479,0.054626,0.18244,0.026051,0.08157,0,67.135,239,0.15289,0.14482,0.0080723,0.052797,-0.00023147,0.016338,0.058,,,,,,,,True,0,2,"[556, 30701, 30813, 30843, 30859, 30868]",0,49.492,3.0513,True,0.0059253,0.046318,0.122,-0.0021702,0.013921,0.171,0.033978,0.13931,0.15701,0.076263,0.054626,0.0080723,sctrl0of2x_armB_both_lora_b80_r8_lr0.0003_seed1_hq_ms400_pat4__eval23635,0,0,0,0,0,0,0,0,0,0,0,0,,,,,,
sctrl0of2x_armB_both_lora_b80_r8_lr0.0003_seed1_hq_ms400_pat4__eval23641,23641,B,both,lora,80,8,0.0003,1,protocol,loss,/root/deep-learning-project/src/training/runs/sctrl0of2x_armB_both_lora_b80_r8_lr0.0003_seed1_hq_ms400_pat4,79.937,290,180,4.8649,0.19605,,173,47.517,0.15764,0.14921,0.008429,0.05347,-0.0025547,0.018731,0.144,0.031568,173,5576,0.10254,0.096604,123.76,,ivrit-ai/whisper-large-v3,"greedy+loopguard(cr>3.0,ngram6)",0.43572,0.095563,0.46871,0,0.44712,0.18269,0.37019,0,781,155.56,0.30547,0.35929,0.31183,0.047456,0.13208,0.038699,0.056033,0,2.2237e-26,781,17827,0.33973,0.11132,0.54895,5,0.37956,0.16352,0.45692,3,0.2579,0.21898,16.917,135,0.65728,0.58608,0.071201,0.10833,0.040616,0.10426,0,32.756,191,0.54222,0.44451,0.097713,0.18021,0.073571,0.12074,0,36.516,167,0.36569,0.32076,0.04493,0.12286,0.027321,0.064225,0,69.368,288,0.20942,0.1877,0.021718,0.10371,0.012514,0.032028,0,,,,,,,,True,0,2,"[556, 30701, 30813, 30843, 30859, 30868]",0,74.761,2.2128,True,0.008429,0.05347,0.14921,-0.0025547,0.018731,0.144,0.047456,0.13208,0.071201,0.097713,0.04493,0.021718,sctrl0of2x_armB_both_lora_b80_r8_lr0.0003_seed1_hq_ms400_pat4__eval23641,0,0,0,0,0,0,0,0,0,0,0,0,,,,,,
sctrl1of2_armB_both_lora_b20_r8_lr0.0003_seed0_hq_ms400_pat4__eval23558,23558,B,both,lora,20,8,0.0003,0,protocol,loss,/root/deep-learning-project/src/training/runs/sctrl1of2_armB_both_lora_b20_r8_lr0.0003_seed0_hq_ms400_pat4,19.719,78,120,12,0.23879,,240,46.331,0.17696,0.1599,0.017062,0.096419,0.0051923,0.029593,0.003,0.0079433,240,6154,0.12038,0.10511,82.182,,ivrit-ai/whisper-large-v3,"greedy+loopguard(cr>3.0,ngram6)",0.38567,0.1157,0.49862,0,0.40752,0.22256,0.36992,0,1163,177.78,0.26062,0.34677,0.2979,0.04887,0.14093,0.040647,0.057665,0,3.9426e-30,1163,23102,0.32306,0.14805,0.5289,3,0.34714,0.22145,0.43142,1,0.25574,0.21903,16.695,175,0.6665,0.55237,0.11413,0.17124,0.070556,0.16068,0,44.327,323,0.45976,0.40149,0.05827,0.12674,0.039641,0.076239,0,42.52,255,0.32713,0.2761,0.05103,0.15599,0.036386,0.067212,0,74.235,410,0.2278,0.19891,0.028893,0.12684,0.018168,0.039162,0,,,,,,,,True,1,2,"[556, 30752, 30777, 30813, 30831, 30843]",0,113.95,1.7048,True,0.017062,0.096419,0.1599,0.0051923,0.029593,0.003,0.04887,0.14093,0.11413,0.05827,0.05103,0.028893,sctrl1of2_armB_both_lora_b20_r8_lr0.0003_seed0_hq_ms400_pat4__eval23558,0,0,0,0,0,0,0,0,0,0,0,0,,,,,,
sctrl1of2_armB_both_lora_b5_r8_lr0.0001_seed0_hq_ms400_pat4__eval23558,23558,B,both,lora,5,8,0.0001,0,protocol,loss,/root/deep-learning-project/src/training/runs/sctrl1of2_armB_both_lora_b5_r8_lr0.0001_seed0_hq_ms400_pat4,4.9323,22,160,53.333,0.26693,,240,46.331,0.17696,0.1716,0.0053624,0.030303,-0.0079374,0.0195,0.487,0.74283,240,6154,0.12038,0.11277,109.41,,ivrit-ai/whisper-large-v3,"greedy+loopguard(cr>3.0,ngram6)",0.38567,0.1157,0.49862,0,0.41477,0.2339,0.35133,0,1163,177.78,0.26062,0.34677,0.31201,0.034759,0.10024,0.026038,0.044057,0,3.2395e-13,1163,23102,0.32306,0.14805,0.5289,3,0.35031,0.21143,0.43826,3,0.25574,0.22933,16.695,175,0.6665,0.57905,0.087451,0.13121,0.046738,0.12856,0,44.327,323,0.45976,0.40789,0.051874,0.11283,0.033313,0.070692,0,42.52,255,0.32713,0.29776,0.029364,0.089765,0.011483,0.047489,0.001,74.235,410,0.2278,0.21056,0.017234,0.075656,0.0056639,0.028778,0.005,,,,,,,,True,1,2,"[556, 30752, 30777, 30813, 30831, 30843]",0,137.34,5,True,0.0053624,0.030303,0.1716,-0.0079374,0.0195,0.487,0.034759,0.10024,0.087451,0.051874,0.029364,0.017234,sctrl1of2_armB_both_lora_b5_r8_lr0.0001_seed0_hq_ms400_pat4__eval23558,0,0,0,0,0,0,0,0,0,0,0,0,,,,,,
sctrl1of2_armB_both_lora_b80_r8_lr0.0003_seed0_hq_ms400_pat4__eval23558,23558,B,both,lora,80,8,0.0003,0,protocol,loss,/root/deep-learning-project/src/training/runs/sctrl1of2_armB_both_lora_b80_r8_lr0.0003_seed0_hq_ms400_pat4,79.731,304,160,4.2105,0.22785,,240,46.331,0.17696,0.14316,0.033799,0.191,0.021192,0.046588,0,8.2556e-07,240,6154,0.12038,0.092899,109.57,,ivrit-ai/whisper-large-v3,"greedy+loopguard(cr>3.0,ngram6)",0.38567,0.1157,0.49862,0,0.42679,0.26107,0.31215,0,1163,177.78,0.26062,0.34677,0.27863,0.068133,0.19648,0.059505,0.078167,0,9.243e-43,1163,23102,0.32306,0.14805,0.5289,3,0.36477,0.2641,0.37114,2,0.25574,0.20212,16.695,175,0.6665,0.52273,0.14377,0.21572,0.09966,0.19192,0,44.327,323,0.45976,0.37822,0.081542,0.17736,0.060415,0.10219,0,42.52,255,0.32713,0.26464,0.062489,0.19102,0.044935,0.081029,0,74.235,410,0.2278,0.17964,0.048155,0.21139,0.036356,0.060027,0,,,,,,,,True,1,2,"[556, 30752, 30777, 30813, 30831, 30843]",0,113.5,1.2885,True,0.033799,0.191,0.14316,0.021192,0.046588,0,0.068133,0.19648,0.14377,0.081542,0.062489,0.048155,sctrl1of2_armB_both_lora_b80_r8_lr0.0003_seed0_hq_ms400_pat4__eval23558,0,0,0,0,0,0,0,0,0,0,0,0,,,,,,
sctrl1of2_armB_both_lora_b80_r8_lr0.0003_seed0_verbatim_hq_ms400_pat4__eval23558,23558,B,both,lora,80,8,0.0003,0,verbatim,loss,/root/deep-learning-project/src/training/runs/sctrl1of2_armB_both_lora_b80_r8_lr0.0003_seed0_verbatim_hq_ms400_pat4,79.731,304,160,4.2105,0.25379,,240,46.331,0.17696,0.15892,0.018037,0.10193,0.0088566,0.027783,0,0.0026327,240,6154,0.12038,0.10369,109.14,,ivrit-ai/whisper-large-v3,"greedy+loopguard(cr>3.0,ngram6)",0.38567,0.1157,0.49862,0,0.41002,0.14519,0.44479,0,1163,177.78,0.26062,0.34677,0.32032,0.026448,0.07627,0.020009,0.032699,0,1.6385e-16,1163,23102,0.32306,0.14805,0.5289,3,0.32541,0.16189,0.5127,3,0.25574,0.23669,16.695,175,0.6665,0.62253,0.043972,0.065975,0.018834,0.068897,0,44.327,323,0.45976,0.43436,0.025404,0.055255,0.011601,0.038653,0.001,42.52,255,0.32713,0.30009,0.027037,0.082649,0.014306,0.040509,0,74.235,410,0.2278,0.20468,0.023114,0.10147,0.014478,0.031437,0,,,,,,,,True,1,2,"[556, 30752, 30777, 30813, 30831, 30843]",0,119.16,0.97297,True,0.018037,0.10193,0.15892,0.0088566,0.027783,0,0.026448,0.07627,0.043972,0.025404,0.027037,0.023114,sctrl1of2_armB_both_lora_b80_r8_lr0.0003_seed0_verbatim_hq_ms400_pat4__eval23558,0,0,0,0,0,0,0,0,0,0,0,0,,,,,,
sctrl1of2_armB_both_lora_b80_r8_lr0.0003_seed2_hq_ms400_pat4__eval23558,23558,B,both,lora,80,8,0.0003,2,protocol,loss,/root/deep-learning-project/src/training/runs/sctrl1of2_armB_both_lora_b80_r8_lr0.0003_seed2_hq_ms400_pat4,79.564,294,160,4.3243,0.19195,,240,46.331,0.17696,0.14072,0.036237,0.20478,0.023772,0.049437,0,1.8767e-07,240,6154,0.12038,0.089674,107.43,,ivrit-ai/whisper-large-v3,"greedy+loopguard(cr>3.0,ngram6)",0.38567,0.1157,0.49862,0,0.44111,0.23441,0.32448,0,1163,177.78,0.26062,0.34677,0.27703,0.069734,0.2011,0.060824,0.079554,0,8.9588e-46,1163,23102,0.32306,0.14805,0.5289,3,0.36688,0.25234,0.38078,1,0.25574,0.19997,16.695,175,0.6665,0.52273,0.14377,0.21572,0.098364,0.19292,0,44.327,323,0.45976,0.37982,0.079943,0.17388,0.058129,0.10092,0,42.52,255,0.32713,0.25873,0.068397,0.20909,0.05111,0.086578,0,74.235,410,0.2278,0.17833,0.049473,0.21718,0.038266,0.061525,0,,,,,,,,True,1,2,"[30685, 30701, 30752, 30831, 30843, 30868]",0,114.1,1.1749,True,0.036237,0.20478,0.14072,0.023772,0.049437,0,0.069734,0.2011,0.14377,0.079943,0.068397,0.049473,sctrl1of2_armB_both_lora_b80_r8_lr0.0003_seed2_hq_ms400_pat4__eval23558,0,0,0,0,0,0,0,0,0,0,0,0,,,,,,
sctrl1of2x_armB_both_lora_b1440_r32_lr0.0003_seed0_hq_ms3000_pat4_minep1__eval23558,23558,B,both,lora,1440,32,0.0003,0,protocol,loss,/root/deep-learning-project/src/training/runs/sctrl1of2x_armB_both_lora_b1440_r32_lr0.0003_seed0_hq_ms3000_pat4_minep1,1439.8,5342,680,1.018,0.20683,,240,46.331,0.17696,0.13828,0.038674,0.21855,0.02346,0.053865,0,1.8148e-06,240,6154,0.12038,0.087074,456.41,,ivrit-ai/whisper-large-v3,"greedy+loopguard(cr>3.0,ngram6)",0.38567,0.1157,0.49862,0,0.45946,0.32432,0.21622,0,1163,177.78,0.26062,0.34677,0.24985,0.096918,0.27949,0.085378,0.1102,0,5.1082e-57,1163,23102,0.32306,0.14805,0.5289,3,0.39969,0.34927,0.25104,1,0.25574,0.17586,16.695,175,0.6665,0.46542,0.20109,0.3017,0.14042,0.27487,0,44.327,323,0.45976,0.34322,0.11654,0.25348,0.090877,0.1436,0,42.52,255,0.32713,0.22453,0.1026,0.31363,0.080022,0.12559,0,74.235,410,0.2278,0.16667,0.061131,0.26836,0.047071,0.076376,0,,,,,,,,True,1,2,"[556, 30752, 30777, 30813, 30831, 30843]",0,117.57,1.5084,True,0.038674,0.21855,0.13828,0.02346,0.053865,0,0.096918,0.27949,0.20109,0.11654,0.1026,0.061131,sctrl1of2x_armB_both_lora_b1440_r32_lr0.0003_seed0_hq_ms3000_pat4_minep1__eval23558,0,0,0,0,0,0,0,0,0,0,0,0,,,,,,
sctrl1of2x_armB_both_lora_b1440_r32_lr0.0003_seed0_hq_ms3000_pat4_minep1__eval23641,23641,B,both,lora,1440,32,0.0003,0,protocol,loss,/root/deep-learning-project/src/training/runs/sctrl1of2x_armB_both_lora_b1440_r32_lr0.0003_seed0_hq_ms3000_pat4_minep1,1439.8,5342,680,1.018,0.20683,,173,47.517,0.15764,0.13863,0.01901,0.12059,0.0077925,0.029991,0.002,0.00074577,173,5576,0.10254,0.088972,456.41,,ivrit-ai/whisper-large-v3,"greedy+loopguard(cr>3.0,ngram6)",0.43572,0.095563,0.46871,0,0.44761,0.22768,0.32471,0,781,155.56,0.30547,0.35929,0.2858,0.073484,0.20453,0.06193,0.085541,0,1.0554e-38,781,17827,0.33973,0.11132,0.54895,5,0.38999,0.22787,0.38214,2,0.2579,0.19894,16.917,135,0.65728,0.52604,0.13124,0.19968,0.095645,0.17273,0,32.756,191,0.54222,0.41768,0.12454,0.22969,0.09491,0.15672,0,36.516,167,0.36569,0.28304,0.082653,0.22602,0.056945,0.11412,0,69.368,288,0.20942,0.17569,0.03373,0.16107,0.023696,0.044724,0,,,,,,,,True,1,2,"[556, 30752, 30777, 30813, 30831, 30843]",0,74.817,1.5189,True,0.01901,0.12059,0.13863,0.0077925,0.029991,0.002,0.073484,0.20453,0.13124,0.12454,0.082653,0.03373,sctrl1of2x_armB_both_lora_b1440_r32_lr0.0003_seed0_hq_ms3000_pat4_minep1__eval23641,0,0,0,0,0,0,0,0,0,0,0,0,,,,,,
sctrl1of2x_armB_both_lora_b1440_r8_lr0.0003_seed0_hq_ms3000_pat4_minep1__eval23558,23558,B,both,lora,1440,8,0.0003,0,protocol,loss,/root/deep-learning-project/src/training/runs/sctrl1of2x_armB_both_lora_b1440_r8_lr0.0003_seed0_hq_ms3000_pat4_minep1,1439.8,5342,680,1.018,0.20595,,240,46.331,0.17696,0.1365,0.040461,0.22865,0.025285,0.056555,0,2.9214e-07,240,6154,0.12038,0.085527,451.52,,ivrit-ai/whisper-large-v3,"greedy+loopguard(cr>3.0,ngram6)",0.38567,0.1157,0.49862,0,0.45238,0.30357,0.24405,0,1163,177.78,0.26062,0.34677,0.24201,0.10475,0.30208,0.092968,0.11762,0,1.8299e-62,1163,23102,0.32306,0.14805,0.5289,3,0.38008,0.34466,0.27526,1,0.25574,0.17114,16.695,175,0.6665,0.43626,0.23024,0.34544,0.16953,0.30254,0,44.327,323,0.45976,0.32297,0.13679,0.29753,0.10831,0.16558,0,42.52,255,0.32713,0.22363,0.10349,0.31637,0.081359,0.12536,0,74.235,410,0.2278,0.16636,0.061436,0.26969,0.04595,0.077249,0,,,,,,,,True,1,2,"[556, 30752, 30777, 30813, 30831, 30843]",0,106.8,1.3574,True,0.040461,0.22865,0.1365,0.025285,0.056555,0,0.10475,0.30208,0.23024,0.13679,0.10349,0.061436,sctrl1of2x_armB_both_lora_b1440_r8_lr0.0003_seed0_hq_ms3000_pat4_minep1__eval23558,0,0,0,0,0,0,0,0,0,0,0,0,,,,,,
sctrl1of2x_armB_both_lora_b1440_r8_lr0.0003_seed0_hq_ms3000_pat4_minep1__eval23641,23641,B,both,lora,1440,8,0.0003,0,protocol,loss,/root/deep-learning-project/src/training/runs/sctrl1of2x_armB_both_lora_b1440_r8_lr0.0003_seed0_hq_ms3000_pat4_minep1,1439.8,5342,680,1.018,0.20595,,173,47.517,0.15764,0.13128,0.026363,0.16724,0.015898,0.036614,0,6.3848e-07,173,5576,0.10254,0.082788,451.52,,ivrit-ai/whisper-large-v3,"greedy+loopguard(cr>3.0,ngram6)",0.43572,0.095563,0.46871,0,0.45628,0.19672,0.34699,0,781,155.56,0.30547,0.35929,0.2793,0.079991,0.22264,0.069028,0.090935,0,1.6515e-48,781,17827,0.33973,0.11132,0.54895,5,0.39205,0.20787,0.40008,1,0.2579,0.19364,16.917,135,0.65728,0.50903,0.14825,0.22555,0.11025,0.19256,0,32.756,191,0.54222,0.41203,0.13019,0.2401,0.099446,0.16443,0,36.516,167,0.36569,0.2828,0.082893,0.22668,0.061481,0.10804,0,69.368,288,0.20942,0.16804,0.041373,0.19757,0.032003,0.051464,0,,,,,,,,True,1,2,"[556, 30752, 30777, 30813, 30831, 30843]",0,84.328,1.0748,True,0.026363,0.16724,0.13128,0.015898,0.036614,0,0.079991,0.22264,0.14825,0.13019,0.082893,0.041373,sctrl1of2x_armB_both_lora_b1440_r8_lr0.0003_seed0_hq_ms3000_pat4_minep1__eval23641,0,0,0,0,0,0,0,0,0,0,0,0,,,,,,
sctrl1of2x_armB_both_lora_b1440_r8_lr0.0003_seed2_hq_ms3000_pat4_minep1__eval23558,23558,B,both,lora,1440,8,0.0003,2,protocol,loss,/root/deep-learning-project/src/training/runs/sctrl1of2x_armB_both_lora_b1440_r8_lr0.0003_seed2_hq_ms3000_pat4_minep1,1439.9,5815,740,1.0179,0.18297,,240,46.331,0.17696,0.13406,0.042899,0.24242,0.028596,0.057842,0,4.9023e-09,240,6154,0.12038,0.086843,494.82,,ivrit-ai/whisper-large-v3,"greedy+loopguard(cr>3.0,ngram6)",0.38567,0.1157,0.49862,0,0.43758,0.30182,0.26061,0,1163,177.78,0.26062,0.34677,0.24214,0.10462,0.30171,0.09291,0.11753,0,2.6445e-65,1163,23102,0.32306,0.14805,0.5289,3,0.38148,0.31873,0.29979,1,0.25574,0.17143,16.695,175,0.6665,0.44565,0.22085,0.33136,0.15945,0.29345,0,44.327,323,0.45976,0.32546,0.1343,0.29212,0.10891,0.16171,0,42.52,255,0.32713,0.21808,0.10904,0.33333,0.087923,0.13128,0,74.235,410,0.2278,0.16646,0.061334,0.26925,0.047322,0.076109,0,,,,,,,,True,1,2,"[30685, 30701, 30752, 30831, 30843, 30868]",0,105.62,1.2424,True,0.042899,0.24242,0.13406,0.028596,0.057842,0,0.10462,0.30171,0.22085,0.1343,0.10904,0.061334,sctrl1of2x_armB_both_lora_b1440_r8_lr0.0003_seed2_hq_ms3000_pat4_minep1__eval23558,0,0,0,0,0,0,0,0,0,0,0,0,,,,,,
sctrl1of2x_armB_both_lora_b1440_r8_lr0.0003_seed2_hq_ms3000_pat4_minep1__eval23641,23641,B,both,lora,1440,8,0.0003,2,protocol,loss,/root/deep-learning-project/src/training/runs/sctrl1of2x_armB_both_lora_b1440_r8_lr0.0003_seed2_hq_ms3000_pat4_minep1,1439.9,5815,740,1.0179,0.18297,,173,47.517,0.15764,0.13594,0.0217,0.13766,0.010555,0.032318,0,1.4799e-05,173,5576,0.10254,0.087273,494.82,,ivrit-ai/whisper-large-v3,"greedy+loopguard(cr>3.0,ngram6)",0.43572,0.095563,0.46871,0,0.44459,0.21636,0.33905,0,781,155.56,0.30547,0.35929,0.28547,0.073821,0.20546,0.062313,0.085278,0,1.2441e-39,781,17827,0.33973,0.11132,0.54895,5,0.38907,0.20417,0.40676,1,0.2579,0.19801,16.917,135,0.65728,0.51488,0.1424,0.21665,0.10193,0.18853,0,32.756,191,0.54222,0.41514,0.12708,0.23438,0.09525,0.16267,0,36.516,167,0.36569,0.29289,0.072802,0.19908,0.050938,0.097864,0,69.368,288,0.20942,0.17362,0.035792,0.17092,0.026117,0.046713,0,,,,,,,,True,1,2,"[30685, 30701, 30752, 30831, 30843, 30868]",0,75.587,1.281,True,0.0217,0.13766,0.13594,0.010555,0.032318,0,0.073821,0.20546,0.1424,0.12708,0.072802,0.035792,sctrl1of2x_armB_both_lora_b1440_r8_lr0.0003_seed2_hq_ms3000_pat4_minep1__eval23641,0,0,0,0,0,0,0,0,0,0,0,0,,,,,,
sctrl1of2x_armB_both_lora_b160_r8_lr0.0003_seed0_hq_ms1200_pat4__eval23558,23558,B,both,lora,160,8,0.0003,0,protocol,loss,/root/deep-learning-project/src/training/runs/sctrl1of2x_armB_both_lora_b160_r8_lr0.0003_seed0_hq_ms1200_pat4,159.66,599,160,2.1333,0.22025,,240,46.331,0.17696,0.13828,0.038674,0.21855,0.026269,0.051633,0,7.7042e-09,240,6154,0.12038,0.089048,108.25,,ivrit-ai/whisper-large-v3,"greedy+loopguard(cr>3.0,ngram6)",0.38567,0.1157,0.49862,0,0.43831,0.25029,0.3114,0,1163,177.78,0.26062,0.34677,0.26773,0.079041,0.22794,0.069266,0.089521,0,1.0849e-56,1163,23102,0.32306,0.14805,0.5289,3,0.37623,0.27098,0.35279,1,0.25574,0.19201,16.695,175,0.6665,0.49901,0.16749,0.2513,0.11368,0.22796,0,44.327,323,0.45976,0.36525,0.094511,0.20556,0.074346,0.11557,0,42.52,255,0.32713,0.25085,0.076276,0.23317,0.058064,0.096154,0,74.235,410,0.2278,0.17417,0.053629,0.23543,0.042305,0.065351,0,,,,,,,,True,1,2,"[556, 30752, 30777, 30813, 30831, 30843]",0,113.76,1.1681,True,0.038674,0.21855,0.13828,0.026269,0.051633,0,0.079041,0.22794,0.16749,0.094511,0.076276,0.053629,sctrl1of2x_armB_both_lora_b160_r8_lr0.0003_seed0_hq_ms1200_pat4__eval23558,0,0,0,0,0,0,0,0,0,0,0,0,,,,,,
sctrl1of2x_armB_both_lora_b160_r8_lr0.0003_seed0_hq_ms1200_pat4__eval23635,23635,B,both,lora,160,8,0.0003,0,protocol,loss,/root/deep-learning-project/src/training/runs/sctrl1of2x_armB_both_lora_b160_r8_lr0.0003_seed0_hq_ms1200_pat4,159.66,599,160,2.1333,0.22025,,180,53.663,0.12792,0.1141,0.013826,0.10808,0.0061494,0.021581,0,0.00042496,180,6582,0.077203,0.067471,108.25,,ivrit-ai/whisper-large-v3,"greedy+loopguard(cr>3.0,ngram6)",0.43587,0.10333,0.46081,0,0.46471,0.20373,0.33156,0,486,111.94,0.4794,0.2439,0.20004,0.043861,0.17983,0.032433,0.05623,0,2.1463e-15,486,13862,0.35108,0.1047,0.54422,1,0.40606,0.20736,0.38658,0,0.17032,0.1331,4.7325,43,0.64486,0.48598,0.15888,0.24638,0.035083,0.28972,0.014,17.172,104,0.42421,0.34509,0.079123,0.18652,0.042279,0.12199,0,22.899,100,0.29942,0.22567,0.073745,0.24629,0.044257,0.10448,0,67.135,239,0.15289,0.1359,0.016988,0.11111,0.0093057,0.025029,0,,,,,,,,True,1,2,"[556, 30752, 30777, 30813, 30831, 30843]",0,49.32,1.5275,True,0.013826,0.10808,0.1141,0.0061494,0.021581,0,0.043861,0.17983,0.15888,0.079123,0.073745,0.016988,sctrl1of2x_armB_both_lora_b160_r8_lr0.0003_seed0_hq_ms1200_pat4__eval23635,0,0,0,0,0,0,0,0,0,0,0,0,,,,,,
sctrl1of2x_armB_both_lora_b160_r8_lr0.0003_seed0_hq_ms1200_pat4__eval23641,23641,B,both,lora,160,8,0.0003,0,protocol,loss,/root/deep-learning-project/src/training/runs/sctrl1of2x_armB_both_lora_b160_r8_lr0.0003_seed0_hq_ms1200_pat4,159.66,599,160,2.1333,0.22025,,173,47.517,0.15764,0.13702,0.020624,0.13083,0.010289,0.030501,0,2.1499e-05,173,5576,0.10254,0.089009,108.25,,ivrit-ai/whisper-large-v3,"greedy+loopguard(cr>3.0,ngram6)",0.43572,0.095563,0.46871,0,0.4411,0.19895,0.35995,0,781,155.56,0.30547,0.35929,0.30078,0.058507,0.16284,0.049831,0.067399,0,1.2962e-38,781,17827,0.33973,0.11132,0.54895,5,0.37859,0.18445,0.43696,2,0.2579,0.21191,16.917,135,0.65728,0.57333,0.083953,0.12773,0.057627,0.11367,0,32.756,191,0.54222,0.43971,0.10251,0.18906,0.077606,0.12735,0,36.516,167,0.36569,0.30658,0.059106,0.16163,0.041945,0.079368,0,69.368,288,0.20942,0.17593,0.033487,0.15991,0.024462,0.043872,0,,,,,,,,True,1,2,"[556, 30752, 30777, 30813, 30831, 30843]",0,73.072,1.1913,True,0.020624,0.13083,0.13702,0.010289,0.030501,0,0.058507,0.16284,0.083953,0.10251,0.059106,0.033487,sctrl1of2x_armB_both_lora_b160_r8_lr0.0003_seed0_hq_ms1200_pat4__eval23641,0,0,0,0,0,0,0,0,0,0,0,0,,,,,,
sctrl1of2x_armB_both_lora_b20_r8_lr0.0003_seed0_hq_ms400_pat4__eval23635,23635,B,both,lora,20,8,0.0003,0,protocol,loss,/root/deep-learning-project/src/training/runs/sctrl1of2x_armB_both_lora_b20_r8_lr0.0003_seed0_hq_ms400_pat4,19.719,78,120,12,0.23892,,180,53.663,0.12792,0.12595,0.0019751,0.015439,-0.0055393,0.0087922,0.618,0.25844,180,6582,0.077203,0.075546,82.691,,ivrit-ai/whisper-large-v3,"greedy+loopguard(cr>3.0,ngram6)",0.43587,0.10333,0.46081,0,0.44753,0.18456,0.36791,0,486,111.94,0.4794,0.2439,0.21837,0.025537,0.1047,0.016733,0.035007,0,2.6778e-08,486,13862,0.35108,0.1047,0.54422,1,0.38091,0.16947,0.44962,1,0.17032,0.14927,4.7325,43,0.64486,0.54579,0.099065,0.15362,-0.001842,0.20413,0.06,17.172,104,0.42421,0.35653,0.067684,0.15955,0.041435,0.095931,0,22.899,100,0.29942,0.25674,0.042677,0.14253,0.02005,0.067215,0,67.135,239,0.15289,0.1488,0.0040964,0.026793,-0.0032307,0.01113,0.26,,,,,,,,True,1,2,"[556, 30752, 30777, 30813, 30831, 30843]",0,49.872,5,True,0.0019751,0.015439,0.12595,-0.0055393,0.0087922,0.618,0.025537,0.1047,0.099065,0.067684,0.042677,0.0040964,sctrl1of2x_armB_both_lora_b20_r8_lr0.0003_seed0_hq_ms400_pat4__eval23635,0,0,0,0,0,0,0,0,0,0,0,0,,,,,,
sctrl1of2x_armB_both_lora_b20_r8_lr0.0003_seed0_hq_ms400_pat4__eval23641,23641,B,both,lora,20,8,0.0003,0,protocol,loss,/root/deep-learning-project/src/training/runs/sctrl1of2x_armB_both_lora_b20_r8_lr0.0003_seed0_hq_ms400_pat4,19.719,78,120,12,0.23892,,173,47.517,0.15764,0.14365,0.013989,0.088737,0.0038799,0.024036,0.006,0.0072381,173,5576,0.10254,0.093674,82.691,,ivrit-ai/whisper-large-v3,"greedy+loopguard(cr>3.0,ngram6)",0.43572,0.095563,0.46871,0,0.43695,0.17228,0.39076,0,781,155.56,0.30547,0.35929,0.32254,0.036742,0.10226,0.029908,0.044075,0,3.0121e-21,781,17827,0.33973,0.11132,0.54895,5,0.35322,0.15078,0.496,2,0.2579,0.23229,16.917,135,0.65728,0.61796,0.03932,0.059822,0.013604,0.065761,0.005,32.756,191,0.54222,0.47021,0.072014,0.13281,0.053158,0.091646,0,36.516,167,0.36569,0.32725,0.038443,0.10512,0.023291,0.054751,0,69.368,288,0.20942,0.18927,0.020141,0.096176,0.011688,0.029149,0,,,,,,,,True,1,2,"[556, 30752, 30777, 30813, 30831, 30843]",0,74.826,1.2692,True,0.013989,0.088737,0.14365,0.0038799,0.024036,0.006,0.036742,0.10226,0.03932,0.072014,0.038443,0.020141,sctrl1of2x_armB_both_lora_b20_r8_lr0.0003_seed0_hq_ms400_pat4__eval23641,0,0,0,0,0,0,0,0,0,0,0,0,,,,,,
sctrl1of2x_armB_both_lora_b360_r8_lr0.0003_seed0_hq_ms1200_pat4__eval23558,23558,B,both,lora,360,8,0.0003,0,protocol,loss,/root/deep-learning-project/src/training/runs/sctrl1of2x_armB_both_lora_b360_r8_lr0.0003_seed0_hq_ms1200_pat4,359.86,1364,220,1.2865,0.21643,,240,46.331,0.17696,0.14348,0.033474,0.18916,0.017562,0.049272,0,4.1522e-07,240,6154,0.12038,0.091451,145.82,,ivrit-ai/whisper-large-v3,"greedy+loopguard(cr>3.0,ngram6)",0.38567,0.1157,0.49862,0,0.44507,0.31937,0.23556,0,1163,177.78,0.26062,0.34677,0.2579,0.088867,0.25627,0.077246,0.10108,0,2.7287e-52,1163,23102,0.32306,0.14805,0.5289,3,0.3763,0.357,0.2667,0,0.25574,0.18429,16.695,175,0.6665,0.44812,0.21838,0.32765,0.15803,0.29147,0,44.327,323,0.45976,0.35548,0.10428,0.22682,0.080785,0.13034,0,42.52,255,0.32713,0.24655,0.080573,0.24631,0.059907,0.10232,0,74.235,410,0.2278,0.16961,0.058191,0.25545,0.043271,0.073241,0,,,,,,,,True,1,2,"[556, 30752, 30777, 30813, 30831, 30843]",0,104.22,1.6262,True,0.033474,0.18916,0.14348,0.017562,0.049272,0,0.088867,0.25627,0.21838,0.10428,0.080573,0.058191,sctrl1of2x_armB_both_lora_b360_r8_lr0.0003_seed0_hq_ms1200_pat4__eval23558,0,0,0,0,0,0,0,0,0,0,0,0,,,,,,
sctrl1of2x_armB_both_lora_b360_r8_lr0.0003_seed0_hq_ms1200_pat4__eval23635,23635,B,both,lora,360,8,0.0003,0,protocol,loss,/root/deep-learning-project/src/training/runs/sctrl1of2x_armB_both_lora_b360_r8_lr0.0003_seed0_hq_ms1200_pat4,359.86,1364,220,1.2865,0.21643,,180,53.663,0.12792,0.11759,0.010331,0.08076,0.00030574,0.020153,0.045,0.0024264,180,6582,0.077203,0.071405,145.82,,ivrit-ai/whisper-large-v3,"greedy+loopguard(cr>3.0,ngram6)",0.43587,0.10333,0.46081,0,0.46124,0.24548,0.29328,0,486,111.94,0.4794,0.2439,0.19961,0.044294,0.1816,0.031571,0.058643,0,3.1234e-13,486,13862,0.35108,0.1047,0.54422,1,0.39827,0.28695,0.31478,0,0.17032,0.13489,4.7325,43,0.64486,0.46729,0.17757,0.27536,0.031552,0.33904,0.022,17.172,104,0.42421,0.3346,0.089609,0.21124,0.051711,0.13433,0,22.899,100,0.29942,0.23284,0.066576,0.22235,0.033507,0.09931,0,67.135,239,0.15289,0.13651,0.016386,0.10717,0.0065934,0.02571,0.001,,,,,,,,True,1,2,"[556, 30752, 30777, 30813, 30831, 30843]",0,49.503,2.3676,True,0.010331,0.08076,0.11759,0.00030574,0.020153,0.045,0.044294,0.1816,0.17757,0.089609,0.066576,0.016386,sctrl1of2x_armB_both_lora_b360_r8_lr0.0003_seed0_hq_ms1200_pat4__eval23635,0,0,0,0,0,0,0,0,0,0,0,0,,,,,,
sctrl1of2x_armB_both_lora_b360_r8_lr0.0003_seed0_hq_ms1200_pat4__eval23641,23641,B,both,lora,360,8,0.0003,0,protocol,loss,/root/deep-learning-project/src/training/runs/sctrl1of2x_armB_both_lora_b360_r8_lr0.0003_seed0_hq_ms1200_pat4,359.86,1364,220,1.2865,0.21643,,173,47.517,0.15764,0.13594,0.0217,0.13766,0.010575,0.031941,0,1.3687e-06,173,5576,0.10254,0.088213,145.82,,ivrit-ai/whisper-large-v3,"greedy+loopguard(cr>3.0,ngram6)",0.43572,0.095563,0.46871,0,0.45119,0.20317,0.34565,0,781,155.56,0.30547,0.35929,0.29298,0.066304,0.18454,0.055721,0.076916,0,2.6503e-38,781,17827,0.33973,0.11132,0.54895,5,0.3812,0.21424,0.40456,1,0.2579,0.20556,16.917,135,0.65728,0.54038,0.1169,0.17785,0.08333,0.15716,0,32.756,191,0.54222,0.4222,0.12002,0.22135,0.089755,0.15197,0,36.516,167,0.36569,0.30274,0.062951,0.17214,0.04283,0.085638,0,69.368,288,0.20942,0.17605,0.033366,0.15933,0.02423,0.044114,0,,,,,,,,True,1,2,"[556, 30752, 30777, 30813, 30831, 30843]",0,74.328,1.2397,True,0.0217,0.13766,0.13594,0.010575,0.031941,0,0.066304,0.18454,0.1169,0.12002,0.062951,0.033366,sctrl1of2x_armB_both_lora_b360_r8_lr0.0003_seed0_hq_ms1200_pat4__eval23641,0,0,0,0,0,0,0,0,0,0,0,0,,,,,,
sctrl1of2x_armB_both_lora_b360_r8_lr0.0003_seed2_hq_ms1200_pat4__eval23558,23558,B,both,lora,360,8,0.0003,2,protocol,loss,/root/deep-learning-project/src/training/runs/sctrl1of2x_armB_both_lora_b360_r8_lr0.0003_seed2_hq_ms1200_pat4,359.93,1381,260,1.5029,0.186,,240,46.331,0.17696,0.13487,0.042086,0.23783,0.02839,0.056585,0,2.5164e-09,240,6154,0.12038,0.086021,171.37,,ivrit-ai/whisper-large-v3,"greedy+loopguard(cr>3.0,ngram6)",0.38567,0.1157,0.49862,0,0.44217,0.29157,0.26627,0,1163,177.78,0.26062,0.34677,0.25197,0.094797,0.27337,0.083862,0.10672,0,2.2563e-63,1163,23102,0.32306,0.14805,0.5289,3,0.3922,0.31575,0.29205,1,0.25574,0.17795,16.695,175,0.6665,0.46146,0.20504,0.30764,0.15307,0.26129,0,44.327,323,0.45976,0.34127,0.11849,0.25773,0.094742,0.14389,0,42.52,255,0.32713,0.24208,0.085049,0.25999,0.064841,0.10605,0,74.235,410,0.2278,0.16363,0.064173,0.28171,0.04966,0.078724,0,,,,,,,,True,1,2,"[30685, 30701, 30752, 30831, 30843, 30868]",0,130.28,1.2432,True,0.042086,0.23783,0.13487,0.02839,0.056585,0,0.094797,0.27337,0.20504,0.11849,0.085049,0.064173,sctrl1of2x_armB_both_lora_b360_r8_lr0.0003_seed2_hq_ms1200_pat4__eval23558,0,0,0,0,0,0,0,0,0,0,0,0,,,,,,
sctrl1of2x_armB_both_lora_b360_r8_lr0.0003_seed2_hq_ms1200_pat4__eval23635,23635,B,both,lora,360,8,0.0003,2,protocol,loss,/root/deep-learning-project/src/training/runs/sctrl1of2x_armB_both_lora_b360_r8_lr0.0003_seed2_hq_ms1200_pat4,359.93,1381,260,1.5029,0.186,,180,53.663,0.12792,0.11805,0.0098754,0.077197,0.00078608,0.018463,0.029,0.024465,180,6582,0.077203,0.070695,171.37,,ivrit-ai/whisper-large-v3,"greedy+loopguard(cr>3.0,ngram6)",0.43587,0.10333,0.46081,0,0.46589,0.22523,0.30888,0,486,111.94,0.4794,0.2439,0.19406,0.049849,0.20438,0.036822,0.064709,0,8.2118e-16,486,13862,0.35108,0.1047,0.54422,1,0.41747,0.24572,0.3368,0,0.17032,0.12885,4.7325,43,0.64486,0.44112,0.20374,0.31594,0.058361,0.35942,0.004,17.172,104,0.42421,0.32602,0.098189,0.23146,0.059265,0.14407,0,22.899,100,0.29942,0.21509,0.084329,0.28164,0.051524,0.11863,0,67.135,239,0.15289,0.13735,0.015542,0.10165,0.0067441,0.024293,0.001,,,,,,,,True,1,2,"[30685, 30701, 30752, 30831, 30843, 30868]",0,56.502,2.2769,True,0.0098754,0.077197,0.11805,0.00078608,0.018463,0.029,0.049849,0.20438,0.20374,0.098189,0.084329,0.015542,sctrl1of2x_armB_both_lora_b360_r8_lr0.0003_seed2_hq_ms1200_pat4__eval23635,0,0,0,0,0,0,0,0,0,0,0,0,,,,,,
sctrl1of2x_armB_both_lora_b360_r8_lr0.0003_seed2_hq_ms1200_pat4__eval23641,23641,B,both,lora,360,8,0.0003,2,protocol,loss,/root/deep-learning-project/src/training/runs/sctrl1of2x_armB_both_lora_b360_r8_lr0.0003_seed2_hq_ms1200_pat4,359.93,1381,260,1.5029,0.186,,173,47.517,0.15764,0.13594,0.0217,0.13766,0.010863,0.032317,0,2.7329e-06,173,5576,0.10254,0.087996,171.37,,ivrit-ai/whisper-large-v3,"greedy+loopguard(cr>3.0,ngram6)",0.43572,0.095563,0.46871,0,0.44591,0.21504,0.33905,0,781,155.56,0.30547,0.35929,0.28406,0.075223,0.20937,0.06389,0.086799,0,1.439e-41,781,17827,0.33973,0.11132,0.54895,5,0.39159,0.21228,0.39613,1,0.2579,0.1983,16.917,135,0.65728,0.53507,0.12221,0.18593,0.082427,0.16575,0,32.756,191,0.54222,0.41062,0.1316,0.24271,0.099968,0.16555,0,36.516,167,0.36569,0.28376,0.081932,0.22405,0.060253,0.10818,0,69.368,288,0.20942,0.17253,0.036884,0.17613,0.027385,0.047434,0,,,,,,,,True,1,2,"[30685, 30701, 30752, 30831, 30843, 30868]",0,100.42,1.281,True,0.0217,0.13766,0.13594,0.010863,0.032317,0,0.075223,0.20937,0.12221,0.1316,0.081932,0.036884,sctrl1of2x_armB_both_lora_b360_r8_lr0.0003_seed2_hq_ms1200_pat4__eval23641,0,0,0,0,0,0,0,0,0,0,0,0,,,,,,
sctrl1of2x_armB_both_lora_b720_r8_lr0.0003_seed0_hq_ms3000_pat4_minep1__eval23558,23558,B,both,lora,720,8,0.0003,0,protocol,loss,/root/deep-learning-project/src/training/runs/sctrl1of2x_armB_both_lora_b720_r8_lr0.0003_seed0_hq_ms3000_pat4_minep1,719.96,2780,360,1.0345,0.21306,,240,46.331,0.17696,0.13227,0.044686,0.25253,0.030538,0.059717,0,1.5433e-09,240,6154,0.12038,0.083553,249.6,,ivrit-ai/whisper-large-v3,"greedy+loopguard(cr>3.0,ngram6)",0.38567,0.1157,0.49862,0,0.457,0.2801,0.2629,0,1163,177.78,0.26062,0.34677,0.24877,0.098,0.28261,0.086539,0.11012,0,3.8519e-61,1163,23102,0.32306,0.14805,0.5289,3,0.38437,0.32939,0.28624,0,0.25574,0.17592,16.695,175,0.6665,0.45652,0.20998,0.31505,0.14931,0.28254,0,44.327,323,0.45976,0.34429,0.11547,0.25116,0.089897,0.14112,0,42.52,255,0.32713,0.22919,0.097941,0.2994,0.076304,0.12065,0,74.235,410,0.2278,0.16271,0.065085,0.28571,0.050808,0.079934,0,,,,,,,,True,1,2,"[556, 30752, 30777, 30813, 30831, 30843]",0,124.38,1.1964,True,0.044686,0.25253,0.13227,0.030538,0.059717,0,0.098,0.28261,0.20998,0.11547,0.097941,0.065085,sctrl1of2x_armB_both_lora_b720_r8_lr0.0003_seed0_hq_ms3000_pat4_minep1__eval23558,0,0,0,0,0,0,0,0,0,0,0,0,,,,,,
sctrl1of2x_armB_both_lora_b720_r8_lr0.0003_seed0_hq_ms3000_pat4_minep1__eval23641,23641,B,both,lora,720,8,0.0003,0,protocol,loss,/root/deep-learning-project/src/training/runs/sctrl1of2x_armB_both_lora_b720_r8_lr0.0003_seed0_hq_ms3000_pat4_minep1,719.96,2780,360,1.0345,0.21306,,173,47.517,0.15764,0.13773,0.019907,0.12628,0.0086564,0.030678,0.001,2.9845e-05,173,5576,0.10254,0.0889,249.6,,ivrit-ai/whisper-large-v3,"greedy+loopguard(cr>3.0,ngram6)",0.43572,0.095563,0.46871,0,0.4401,0.20703,0.35286,0,781,155.56,0.30547,0.35929,0.28821,0.071072,0.19781,0.060404,0.081561,0,4.4043e-42,781,17827,0.33973,0.11132,0.54895,5,0.38809,0.20767,0.40424,1,0.2579,0.2016,16.917,135,0.65728,0.53401,0.12327,0.18755,0.088646,0.16279,0,32.756,191,0.54222,0.41824,0.12398,0.22865,0.094512,0.15406,0,36.516,167,0.36569,0.29121,0.074483,0.20368,0.054205,0.09908,0,69.368,288,0.20942,0.17471,0.0347,0.1657,0.025337,0.045299,0,,,,,,,,True,1,2,"[556, 30752, 30777, 30813, 30831, 30843]",0,94.732,1.2703,True,0.019907,0.12628,0.13773,0.0086564,0.030678,0.001,0.071072,0.19781,0.12327,0.12398,0.074483,0.0347,sctrl1of2x_armB_both_lora_b720_r8_lr0.0003_seed0_hq_ms3000_pat4_minep1__eval23641,0,0,0,0,0,0,0,0,0,0,0,0,,,,,,
sctrl1of2x_armB_both_lora_b80_r8_lr0.0003_seed0_hq_ms400_pat4__eval23635,23635,B,both,lora,80,8,0.0003,0,protocol,loss,/root/deep-learning-project/src/training/runs/sctrl1of2x_armB_both_lora_b80_r8_lr0.0003_seed0_hq_ms400_pat4,79.731,304,160,4.2105,0.22747,,180,53.663,0.12792,0.12048,0.0074445,0.058195,-0.00058004,0.015258,0.075,0.086368,180,6582,0.077203,0.071139,107.9,,ivrit-ai/whisper-large-v3,"greedy+loopguard(cr>3.0,ngram6)",0.43587,0.10333,0.46081,0,0.47415,0.21059,0.31526,0,486,111.94,0.4794,0.2439,0.20517,0.038739,0.15883,0.027349,0.05168,0,2.8635e-11,486,13862,0.35108,0.1047,0.54422,1,0.41632,0.21554,0.36814,0,0.17032,0.13592,4.7325,43,0.64486,0.46729,0.17757,0.27536,0.04237,0.32751,0.006,17.172,104,0.42421,0.33699,0.087226,0.20562,0.053436,0.12557,0,22.899,100,0.29942,0.2407,0.058723,0.19612,0.031381,0.088095,0,67.135,239,0.15289,0.14241,0.010482,0.068558,0.0026759,0.018477,0.009,,,,,,,,True,1,2,"[556, 30752, 30777, 30813, 30831, 30843]",0,49.175,2.8163,True,0.0074445,0.058195,0.12048,-0.00058004,0.015258,0.075,0.038739,0.15883,0.17757,0.087226,0.058723,0.010482,sctrl1of2x_armB_both_lora_b80_r8_lr0.0003_seed0_hq_ms400_pat4__eval23635,0,0,0,0,0,0,0,0,0,0,0,0,,,,,,
sctrl1of2x_armB_both_lora_b80_r8_lr0.0003_seed0_hq_ms400_pat4__eval23641,23641,B,both,lora,80,8,0.0003,0,protocol,loss,/root/deep-learning-project/src/training/runs/sctrl1of2x_armB_both_lora_b80_r8_lr0.0003_seed0_hq_ms400_pat4,79.731,304,160,4.2105,0.22747,,173,47.517,0.15764,0.14132,0.01632,0.10353,0.0066431,0.025878,0.001,0.00084346,173,5576,0.10254,0.090926,107.9,,ivrit-ai/whisper-large-v3,"greedy+loopguard(cr>3.0,ngram6)",0.43572,0.095563,0.46871,0,0.45431,0.1802,0.36548,0,781,155.56,0.30547,0.35929,0.30213,0.05716,0.15909,0.048325,0.066219,0,1.753e-34,781,17827,0.33973,0.11132,0.54895,5,0.38229,0.17805,0.43966,2,0.2579,0.21228,16.917,135,0.65728,0.57651,0.080765,0.12288,0.053508,0.11299,0,32.756,191,0.54222,0.43547,0.10675,0.19687,0.081867,0.13292,0,36.516,167,0.36569,0.30562,0.060067,0.16426,0.041155,0.080571,0,69.368,288,0.20942,0.18042,0.028998,0.13847,0.020299,0.038881,0,,,,,,,,True,1,2,"[556, 30752, 30777, 30813, 30831, 30843]",0,74.52,1.3626,True,0.01632,0.10353,0.14132,0.0066431,0.025878,0.001,0.05716,0.15909,0.080765,0.10675,0.060067,0.028998,sctrl1of2x_armB_both_lora_b80_r8_lr0.0003_seed0_hq_ms400_pat4__eval23641,0,0,0,0,0,0,0,0,0,0,0,0,,,,,,
sctrl1of2x_armB_both_lora_b80_r8_lr0.0003_seed2_hq_ms400_pat4__eval23635,23635,B,both,lora,80,8,0.0003,2,protocol,loss,/root/deep-learning-project/src/training/runs/sctrl1of2x_armB_both_lora_b80_r8_lr0.0003_seed2_hq_ms400_pat4,79.564,294,160,4.3243,0.19633,,180,53.663,0.12792,0.12094,0.0069888,0.054632,-0.0015321,0.015769,0.117,0.069354,180,6582,0.077203,0.072234,108.73,,ivrit-ai/whisper-large-v3,"greedy+loopguard(cr>3.0,ngram6)",0.43587,0.10333,0.46081,0,0.45477,0.20603,0.3392,0,486,111.94,0.4794,0.2439,0.20993,0.033978,0.13931,0.023161,0.046166,0,1.203e-09,486,13862,0.35108,0.1047,0.54422,1,0.40172,0.20584,0.39244,1,0.17032,0.14125,4.7325,43,0.64486,0.50841,0.13645,0.21159,0.015821,0.26689,0.026,17.172,104,0.42421,0.34986,0.074357,0.17528,0.039825,0.11175,0,22.899,100,0.29942,0.24001,0.059406,0.1984,0.030412,0.089661,0,67.135,239,0.15289,0.1447,0.0081928,0.053586,0.0001205,0.016462,0.047,,,,,,,,True,1,2,"[30685, 30701, 30752, 30831, 30843, 30868]",0,49.088,2.5652,True,0.0069888,0.054632,0.12094,-0.0015321,0.015769,0.117,0.033978,0.13931,0.13645,0.074357,0.059406,0.0081928,sctrl1of2x_armB_both_lora_b80_r8_lr0.0003_seed2_hq_ms400_pat4__eval23635,0,0,0,0,0,0,0,0,0,0,0,0,,,,,,
sctrl1of2x_armB_both_lora_b80_r8_lr0.0003_seed2_hq_ms400_pat4__eval23641,23641,B,both,lora,80,8,0.0003,2,protocol,loss,/root/deep-learning-project/src/training/runs/sctrl1of2x_armB_both_lora_b80_r8_lr0.0003_seed2_hq_ms400_pat4,79.564,294,160,4.3243,0.19633,,173,47.517,0.15764,0.14813,0.009505,0.060296,-0.0010737,0.019908,0.081,0.017254,173,5576,0.10254,0.096676,108.73,,ivrit-ai/whisper-large-v3,"greedy+loopguard(cr>3.0,ngram6)",0.43572,0.095563,0.46871,0,0.43826,0.19976,0.36199,0,781,155.56,0.30547,0.35929,0.31183,0.047456,0.13208,0.038883,0.056324,0,7.0423e-25,781,17827,0.33973,0.11132,0.54895,5,0.36913,0.17701,0.45386,2,0.2579,0.22015,16.917,135,0.65728,0.5797,0.077577,0.11803,0.045177,0.11338,0,32.756,191,0.54222,0.44648,0.095736,0.17656,0.072219,0.1189,0,36.516,167,0.36569,0.31788,0.047814,0.13075,0.029723,0.067969,0,69.368,288,0.20942,0.18976,0.019655,0.093859,0.010659,0.029071,0,,,,,,,,True,1,2,"[30685, 30701, 30752, 30831, 30843, 30868]",0,73.575,2.1321,True,0.009505,0.060296,0.14813,-0.0010737,0.019908,0.081,0.047456,0.13208,0.077577,0.095736,0.047814,0.019655,sctrl1of2x_armB_both_lora_b80_r8_lr0.0003_seed2_hq_ms400_pat4__eval23641,0,0,0,0,0,0,0,0,0,0,0,0,,,,,,
