cell,speaker,arm,site,method,budget,rank,lr,seed,targets,select,adapter,train_minutes,train_chunks,train_steps,train_epochs,best_eval_loss,best_epoch,n_test,test_minutes,wer_base,wer_tuned,delta_abs,delta_rel,ci_lo,ci_hi,p_boot,p_wilcoxon,n_segments,n_words,cer_base,cer_tuned,wer_base_f,wer_tuned_f,delta_abs_f,delta_rel_f,ci_lo_f,ci_hi_f,p_boot_f,p_wilcoxon_f,seconds_train,seconds_total,model,decode,base.S,base.D,base.I,base.runaway,tuned.S,tuned.D,tuned.I,tuned.runaway,base_f.S,base_f.D,base_f.I,base_f.Ish,tuned_f.S,tuned_f.D,tuned_f.I,tuned_f.Ish,test07.n_test,test07.test_minutes,test07.hq_share,test07.wer_base,test07.wer_tuned,test07.delta_abs,test07.delta_rel,test07.ci_lo,test07.ci_hi,test07.p_boot,test07.p_wilcoxon,test07.n_segments,test07.n_words,test07.base.S,test07.base.D,test07.base.I,test07.base.runaway,test07.tuned.S,test07.tuned.D,test07.tuned.I,test07.tuned.runaway,test07.cer_base,test07.cer_tuned,test07.wer_base_f,test07.wer_tuned_f,test07.delta_abs_f,test07.delta_rel_f,test07.ci_lo_f,test07.ci_hi_f,test07.p_boot_f,test07.p_wilcoxon_f,test07.base_f.S,test07.base_f.D,test07.base_f.I,test07.base_f.Ish,test07.tuned_f.S,test07.tuned_f.D,test07.tuned_f.I,test07.tuned_f.Ish,test07.bands.q070.minutes,test07.bands.q070.n_segments,test07.bands.q070.wer_base,test07.bands.q070.wer_tuned,test07.bands.q070.delta_abs,test07.bands.q070.delta_rel,test07.bands.q070.ci_lo,test07.bands.q070.ci_hi,test07.bands.q070.p_boot,test07.bands.q070.wer_base_f,test07.bands.q070.wer_tuned_f,test07.bands.q070.delta_abs_f,test07.bands.q070.delta_rel_f,test07.bands.q070.p_boot_f,test07.bands.q080.minutes,test07.bands.q080.n_segments,test07.bands.q080.wer_base,test07.bands.q080.wer_tuned,test07.bands.q080.delta_abs,test07.bands.q080.delta_rel,test07.bands.q080.ci_lo,test07.bands.q080.ci_hi,test07.bands.q080.p_boot,test07.bands.q080.wer_base_f,test07.bands.q080.wer_tuned_f,test07.bands.q080.delta_abs_f,test07.bands.q080.delta_rel_f,test07.bands.q080.p_boot_f,test07.bands.q090.minutes,test07.bands.q090.n_segments,test07.bands.q090.wer_base,test07.bands.q090.wer_tuned,test07.bands.q090.delta_abs,test07.bands.q090.delta_rel,test07.bands.q090.ci_lo,test07.bands.q090.ci_hi,test07.bands.q090.p_boot,test07.bands.q090.wer_base_f,test07.bands.q090.wer_tuned_f,test07.bands.q090.delta_abs_f,test07.bands.q090.delta_rel_f,test07.bands.q090.p_boot_f,test07.bands.q095.minutes,test07.bands.q095.n_segments,test07.bands.q095.wer_base,test07.bands.q095.wer_tuned,test07.bands.q095.delta_abs,test07.bands.q095.delta_rel,test07.bands.q095.ci_lo,test07.bands.q095.ci_hi,test07.bands.q095.p_boot,test07.bands.q095.wer_base_f,test07.bands.q095.wer_tuned_f,test07.bands.q095.delta_abs_f,test07.bands.q095.delta_rel_f,test07.bands.q095.p_boot_f,seconds_phase.train,seconds_phase.base,seconds_phase.other_arm,seconds_phase.load_tuned,seconds_phase.transcribe_tuned,seconds_phase.score,seconds_phase.test07,control,fold,folds,trained_on,saw_own_minutes,seconds_eval,improvement_from_insertions,style_not_speaker,control_delta_abs,control_delta_rel,wer_control,control_ci_lo,control_ci_hi,control_p_boot,control_delta_abs_f,control_delta_rel_f,wer_control_f,test07.control_delta_abs,test07.control_delta_rel,test07.control_delta_abs_f,test07.control_delta_rel_f,test07.bands.q070.control_delta_abs,test07.bands.q070.control_delta_abs_f,test07.bands.q080.control_delta_abs,test07.bands.q080.control_delta_abs_f,test07.bands.q090.control_delta_abs,test07.bands.q090.control_delta_abs_f,test07.bands.q095.control_delta_abs,test07.bands.q095.control_delta_abs_f,control_cell,personalization_abs,personalization_rel,personalization_abs_f,test07.personalization_abs,test07.personalization_rel,test07.personalization_abs_f,test07.personalization_rel_f,test07.bands.q070.personalization_abs,test07.bands.q070.personalization_rel,test07.bands.q070.personalization_abs_f,test07.bands.q070.personalization_rel_f,test07.bands.q080.personalization_abs,test07.bands.q080.personalization_rel,test07.bands.q080.personalization_abs_f,test07.bands.q080.personalization_rel_f,test07.bands.q090.personalization_abs,test07.bands.q090.personalization_rel,test07.bands.q090.personalization_abs_f,test07.bands.q090.personalization_rel_f,test07.bands.q095.personalization_abs,test07.bands.q095.personalization_rel,test07.bands.q095.personalization_abs_f,test07.bands.q095.personalization_rel_f,personalization_ci_lo,personalization_ci_hi,personalization_p,personalization_ci_lo_f,personalization_ci_hi_f,personalization_p_f,test07.personalization_ci_lo,test07.personalization_ci_hi,test07.personalization_p,test07.personalization_ci_lo_f,test07.personalization_ci_hi_f,test07.personalization_p_f
s23558_armB_both_lora_b20_r8_lr0.0003_seed0_hq_ms400_pat4,23558,B,both,lora,20,8,0.0003,0,protocol,loss,/root/deep-learning-project/src/training/runs/s23558_armB_both_lora_b20_r8_lr0.0003_seed0_hq_ms400_pat4,19.746,96,120,10,0.23007,3.3333,240,46.331,0.17696,0.15193,0.025024,0.14141,0.009498,0.041151,0.001,0.0020525,240,6154,0.12038,0.10116,0.11878,0.12707,-0.0082873,-0.069767,-0.020664,0.0041722,0.22,0.18759,88.624,200.61,ivrit-ai/whisper-large-v3,"greedy+loopguard(cr>3.0,ngram6)",0.38567,0.1157,0.49862,0,0.39679,0.38503,0.21818,0,0.57456,0.17237,0.25308,358,0.47442,0.46036,0.065217,153,1163,177.78,0.26062,0.34677,0.27171,0.075058,0.21645,0.064019,0.086422,0,1.2807e-36,1163,23102,0.32306,0.14805,0.5289,3,0.36196,0.37518,0.26286,1,0.25574,0.19669,0.22556,0.21929,0.0062765,0.027826,-0.0018827,0.014538,0.137,0.23153,0.49664,0.2276,0.27576,2800,0.44848,0.46486,0.086656,1211,16.695,175,0.6665,0.49259,0.17391,0.26093,0.12583,0.22809,0,0.45652,0.40119,0.055336,0.12121,0.001,44.327,323,0.45976,0.36259,0.097175,0.21136,0.070614,0.12507,0,0.2933,0.29153,0.0017765,0.0060569,0.866,42.52,255,0.32713,0.25765,0.069472,0.21237,0.049609,0.090501,0,0.21146,0.20537,0.0060877,0.028789,0.486,74.235,410,0.2278,0.18248,0.045316,0.19893,0.031728,0.059528,0,0.14751,0.14862,-0.0011152,-0.0075601,0.828,88.624,0.00081921,0.00062776,2.6538,22.13,0.088893,87.078,False,,,,,,2.2013,True,0.017062,0.096419,0.1599,0.0051923,0.029593,0.003,-0.001625,-0.01368,0.12041,0.04887,0.14093,0.015713,0.06966,0.11413,0.056818,0.05827,0.014567,0.05103,0.019158,0.028893,0.0059813,sctrl1of2_armB_both_lora_b20_r8_lr0.0003_seed0_hq_ms400_pat4__eval23558,0.0079623,0.044995,-0.0066623,0.026188,0.075521,-0.0094364,-0.041835,0.059783,0.089696,-0.0014822,-0.0032468,0.038906,0.084621,-0.012791,-0.04361,0.018442,0.056377,-0.013071,-0.061812,0.016423,0.072096,-0.0070965,-0.04811,-0.002711,0.018269,0.161,-0.015698,0.0021205,0.127,0.017677,0.034164,0,-0.01595,-0.0031129,0.004
s23558_armB_both_lora_b5_r8_lr0.0001_seed0_hq_ms400_pat4,23558,B,both,lora,5,8,0.0001,0,protocol,loss,/root/deep-learning-project/src/training/runs/s23558_armB_both_lora_b5_r8_lr0.0001_seed0_hq_ms400_pat4,4.8916,26,160,40,0.22805,20,240,46.331,0.17696,0.15193,0.025024,0.14141,0.011702,0.0389,0,0.0018778,240,6154,0.12038,0.099776,0.11878,0.1209,-0.0021124,-0.017784,-0.012221,0.0083146,0.692,0.55072,110.46,540.33,ivrit-ai/whisper-large-v3,"greedy+loopguard(cr>3.0,ngram6)",0.38567,0.1157,0.49862,0,0.41283,0.28877,0.2984,0,0.57456,0.17237,0.25308,358,0.51882,0.3629,0.11828,191,1163,177.78,0.26062,0.34677,0.27764,0.069128,0.19935,0.059908,0.079284,0,1.1688e-42,1163,23102,0.32306,0.14805,0.5289,3,0.37184,0.29202,0.33614,0,0.25574,0.19889,0.22556,0.20985,0.015713,0.06966,0.0089264,0.022961,0,1.8901e-05,0.49664,0.2276,0.27576,2800,0.49196,0.38634,0.1217,1566,16.695,175,0.6665,0.51186,0.15464,0.23202,0.10791,0.2064,0,0.45652,0.40267,0.053854,0.11797,0,44.327,323,0.45976,0.37431,0.08545,0.18586,0.061604,0.1088,0,0.2933,0.27909,0.014212,0.048455,0.108,42.52,255,0.32713,0.25873,0.068397,0.20909,0.050875,0.086682,0,0.21146,0.19015,0.021307,0.10076,0.003,74.235,410,0.2278,0.18512,0.04268,0.18736,0.030676,0.054723,0,0.14751,0.14193,0.0055758,0.037801,0.227,110.46,0.00086522,25.906,2.246,42.852,0.097533,358.75,False,,,,,,1.7143,True,0.0053624,0.030303,0.1716,-0.0079374,0.0195,0.487,-0.018687,-0.15732,0.13747,0.034759,0.10024,-0.00086573,-0.003838,0.087451,0.041008,0.051874,0.0021318,0.029364,-0.0041182,0.017234,-0.0093268,sctrl1of2_armB_both_lora_b5_r8_lr0.0001_seed0_hq_ms400_pat4__eval23558,0.019662,0.11111,0.016575,0.034369,0.099114,0.016579,0.073498,0.067194,0.10082,0.012846,0.028139,0.033576,0.073029,0.01208,0.041187,0.039033,0.11932,0.025425,0.12024,0.025446,0.1117,0.014903,0.10103,0.010233,0.028637,0,0.0074746,0.025196,0.001,0.026702,0.041502,0,0.010206,0.022717,0
s23558_armB_both_lora_b80_r8_lr0.0003_seed0_hq_ms400_pat4,23558,B,both,lora,80,8,0.0003,0,protocol,loss,/root/deep-learning-project/src/training/runs/s23558_armB_both_lora_b80_r8_lr0.0003_seed0_hq_ms400_pat4,79.694,388,180,3.6735,0.19399,2.0408,240,46.331,0.17696,0.13211,0.044849,0.25344,0.03011,0.059881,0,1.3458e-08,240,6154,0.12038,0.084244,0.11878,0.10562,0.013162,0.11081,0.0026995,0.024133,0.014,0.042473,127.79,235.03,ivrit-ai/whisper-large-v3,"greedy+loopguard(cr>3.0,ngram6)",0.38567,0.1157,0.49862,0,0.44526,0.27429,0.28044,0,0.57456,0.17237,0.25308,358,0.55692,0.34308,0.1,163,1163,177.78,0.26062,0.34677,0.24517,0.10159,0.29297,0.090503,0.11342,0,6.1031e-66,1163,23102,0.32306,0.14805,0.5289,3,0.38489,0.29096,0.32415,1,0.25574,0.17274,0.22556,0.1883,0.03727,0.16523,0.030247,0.04476,0,7.3857e-22,0.49664,0.2276,0.27576,2800,0.50115,0.37885,0.12,1314,16.695,175,0.6665,0.45751,0.20899,0.31357,0.15841,0.26551,0,0.45652,0.36462,0.091897,0.2013,0,44.327,323,0.45976,0.33096,0.1288,0.28014,0.10524,0.15353,0,0.2933,0.25102,0.042281,0.14416,0,42.52,255,0.32713,0.22936,0.097762,0.29885,0.077999,0.11887,0,0.21146,0.17386,0.037601,0.17782,0,74.235,410,0.2278,0.1616,0.0662,0.29061,0.051767,0.081277,0,0.14751,0.12449,0.023013,0.15601,0,127.79,0.00083709,0.00062013,2.6229,23.1,0.088382,81.409,False,,,,,,1.1413,True,0.033799,0.191,0.14316,0.021192,0.046588,0,0.0084498,0.071135,0.11033,0.068133,0.19648,0.021297,0.094416,0.14377,0.067194,0.081542,0.021851,0.062489,0.018263,0.048155,0.013281,sctrl1of2_armB_both_lora_b80_r8_lr0.0003_seed0_hq_ms400_pat4__eval23558,0.01105,0.062443,0.0047124,0.03346,0.096492,0.015973,0.070812,0.065217,0.09785,0.024704,0.054113,0.047255,0.10278,0.02043,0.069655,0.035273,0.10783,0.019338,0.091448,0.018045,0.079217,0.0097324,0.065979,0.0015644,0.020941,0.027,-0.0022417,0.01161,0.192,0.026506,0.040884,0,0.01099,0.02123,0
s23558_armB_both_lora_b80_r8_lr0.0003_seed0_verbatim_hq_ms400_pat4,23558,B,both,lora,80,8,0.0003,0,verbatim,loss,/root/deep-learning-project/src/training/runs/s23558_armB_both_lora_b80_r8_lr0.0003_seed0_verbatim_hq_ms400_pat4,79.694,388,180,3.6735,0.23425,2.0408,240,46.331,0.17696,0.14738,0.029574,0.16713,0.01904,0.040514,0,3.1745e-07,240,6154,0.12038,0.09688,0.11878,0.10075,0.018037,0.15185,0.0092776,0.02732,0,0.00019887,129.41,250.05,ivrit-ai/whisper-large-v3,"greedy+loopguard(cr>3.0,ngram6)",0.38567,0.1157,0.49862,0,0.40573,0.15656,0.43771,0,0.57456,0.17237,0.25308,358,0.59355,0.22903,0.17742,287,1163,177.78,0.26062,0.34677,0.29097,0.055796,0.1609,0.048021,0.063078,0,1.9035e-43,1163,23102,0.32306,0.14805,0.5289,3,0.34439,0.18774,0.46787,1,0.25574,0.21212,0.22556,0.19457,0.030993,0.1374,0.025128,0.037002,0,7.2479e-24,0.49664,0.2276,0.27576,2800,0.51502,0.28076,0.20423,2227,16.695,175,0.6665,0.56917,0.097332,0.14603,0.054796,0.13639,0,0.45652,0.40662,0.049901,0.10931,0.001,44.327,323,0.45976,0.3855,0.074258,0.16151,0.057273,0.091547,0,0.2933,0.25493,0.038373,0.13083,0,42.52,255,0.32713,0.27538,0.051746,0.15818,0.036734,0.066948,0,0.21146,0.18174,0.029722,0.14056,0,74.235,410,0.2278,0.18877,0.039031,0.17134,0.029779,0.048226,0,0.14751,0.12388,0.023621,0.16014,0,129.41,0.00087833,0.00060749,2.558,23.63,0.091279,94.334,False,,,,,,0.8022,True,0.018037,0.10193,0.15892,0.0088566,0.027783,0,0.0084498,0.071135,0.11033,0.026448,0.07627,0.016406,0.072731,0.043972,0.025198,0.025404,0.015456,0.027037,0.018084,0.023114,0.014193,sctrl1of2_armB_both_lora_b80_r8_lr0.0003_seed0_verbatim_hq_ms400_pat4__eval23558,0.011537,0.065197,0.0095873,0.029348,0.084634,0.014587,0.064671,0.05336,0.080059,0.024704,0.054113,0.048854,0.10626,0.022917,0.078134,0.024709,0.075534,0.011638,0.055038,0.015916,0.069871,0.0094282,0.063918,0.0040981,0.018553,0.004,0.0032693,0.015342,0.001,0.023229,0.035422,0,0.009744,0.019148,0
s23558_armB_both_lora_b80_r8_lr0.0003_seed1_hq_ms400_pat4,23558,B,both,lora,80,8,0.0003,1,protocol,loss,/root/deep-learning-project/src/training/runs/s23558_armB_both_lora_b80_r8_lr0.0003_seed1_hq_ms400_pat4,79.694,388,180,3.6735,0.19335,2.0408,240,46.331,0.17696,0.13763,0.039324,0.22222,0.024294,0.054514,0,6.1215e-07,240,6154,0.12038,0.088884,0.11878,0.11082,0.0079623,0.067031,-0.0036867,0.019437,0.184,0.13979,127.96,232.3,ivrit-ai/whisper-large-v3,"greedy+loopguard(cr>3.0,ngram6)",0.38567,0.1157,0.49862,0,0.43329,0.30697,0.25974,0,0.57456,0.17237,0.25308,358,0.53812,0.38123,0.080645,165,1163,177.78,0.26062,0.34677,0.24418,0.10259,0.29584,0.090694,0.11522,0,1.3611e-64,1163,23102,0.32306,0.14805,0.5289,3,0.39177,0.31572,0.2925,1,0.25574,0.17219,0.22556,0.19206,0.033504,0.14853,0.0258,0.041021,0,6.9063e-17,0.49664,0.2276,0.27576,2800,0.49808,0.4014,0.10052,1204,16.695,175,0.6665,0.44368,0.22283,0.33432,0.16446,0.29025,0,0.45652,0.3582,0.09832,0.21537,0,44.327,323,0.45976,0.32848,0.13128,0.28555,0.10617,0.1581,0,0.2933,0.25511,0.038195,0.13022,0,42.52,255,0.32713,0.22775,0.099373,0.30378,0.078371,0.12104,0,0.21146,0.17762,0.033841,0.16003,0,74.235,410,0.2278,0.16444,0.063362,0.27815,0.048718,0.078651,0,0.14751,0.13017,0.017336,0.11753,0,127.96,0.00082898,0.00058722,1.8307,22.541,0.0886,79.853,False,,,,,,1.3347,True,0.032337,0.18274,0.14462,0.020094,0.045415,0,0.0058499,0.049248,0.11293,0.06757,0.19486,0.018786,0.083285,0.13439,0.063735,0.077456,0.011725,0.069114,0.022381,0.047344,0.011557,sctrl0of2_armB_both_lora_b80_r8_lr0.0003_seed1_hq_ms400_pat4__eval23558,0.0069873,0.039486,0.0021124,0.035019,0.10099,0.014717,0.065247,0.088439,0.13269,0.034585,0.075758,0.053828,0.11708,0.02647,0.090248,0.03026,0.092501,0.011459,0.054191,0.016018,0.070316,0.0057786,0.039175,-0.0018323,0.015567,0.129,-0.0056329,0.0092167,0.593,0.02726,0.042969,0,0.0091572,0.020535,0
s23558_armB_both_lora_b80_r8_lr0.0003_seed2_hq_ms400_pat4,23558,B,both,lora,80,8,0.0003,2,protocol,loss,/root/deep-learning-project/src/training/runs/s23558_armB_both_lora_b80_r8_lr0.0003_seed2_hq_ms400_pat4,79.694,388,180,3.6735,0.19495,2.0408,240,46.331,0.17696,0.13828,0.038674,0.21855,0.024009,0.053379,0,4.1657e-07,240,6154,0.12038,0.088357,0.11878,0.1131,0.0056874,0.04788,-0.0055918,0.016663,0.322,0.46124,127.55,242.76,ivrit-ai/whisper-large-v3,"greedy+loopguard(cr>3.0,ngram6)",0.38567,0.1157,0.49862,0,0.43243,0.31492,0.25264,0,0.57456,0.17237,0.25308,358,0.52874,0.38506,0.086207,155,1163,177.78,0.26062,0.34677,0.24504,0.10172,0.29335,0.090116,0.11422,0,3.0862e-62,1163,23102,0.32306,0.14805,0.5289,3,0.38262,0.3351,0.28228,0,0.25574,0.17275,0.22556,0.19405,0.031512,0.1397,0.02404,0.039129,0,9.8358e-15,0.49664,0.2276,0.27576,2800,0.48316,0.42315,0.093687,1178,16.695,175,0.6665,0.44219,0.22431,0.33655,0.16692,0.29249,0,0.45652,0.35771,0.098814,0.21645,0,44.327,323,0.45976,0.32866,0.13111,0.28516,0.10613,0.15809,0,0.2933,0.25653,0.036774,0.12538,0,42.52,255,0.32713,0.22722,0.09991,0.30542,0.078025,0.12211,0,0.21146,0.17941,0.03205,0.15157,0,74.235,410,0.2278,0.16697,0.060827,0.26702,0.047317,0.076097,0,0.14751,0.13311,0.014396,0.097595,0.003,127.55,0.0008862,0.00063038,2.6669,22.402,0.088316,90.041,False,,,,,,1.3782,True,0.036237,0.20478,0.14072,0.023772,0.049437,0,0.010887,0.091655,0.1079,0.069734,0.2011,0.023678,0.10497,0.14377,0.060771,0.079943,0.021141,0.068397,0.026141,0.049473,0.016119,sctrl1of2_armB_both_lora_b80_r8_lr0.0003_seed2_hq_ms400_pat4__eval23558,0.0024374,0.013774,-0.0051999,0.031989,0.092248,0.0078348,0.034734,0.080534,0.12083,0.038043,0.083333,0.051164,0.11128,0.015633,0.053301,0.031513,0.096333,0.0059087,0.027942,0.011354,0.049844,-0.0017234,-0.011684,-0.00548,0.010178,0.575,-0.011895,0.00072227,0.092,0.024847,0.039818,0,0.0027434,0.01308,0.004
s30685_armB_both_lora_b20_r8_lr0.0003_seed0_hq_ms400_pat4,30685,B,both,lora,20,8,0.0003,0,protocol,loss,/root/deep-learning-project/src/training/runs/s30685_armB_both_lora_b20_r8_lr0.0003_seed0_hq_ms400_pat4,19.834,67,120,13.333,0.21513,4.4444,155,45.849,0.18032,0.17044,0.0098779,0.054781,0.0012893,0.018154,0.023,0.030384,155,5568,0.13554,0.12801,0.09842,0.10596,-0.0075431,-0.076642,-0.014493,-0.0013527,0.019,0.015481,84.676,127.08,ivrit-ai/whisper-large-v3,"greedy+loopguard(cr>3.0,ngram6)",0.2739,0.17729,0.5488,0,0.29926,0.24447,0.45627,0,0.50182,0.32482,0.17336,456,0.48136,0.39322,0.12542,359,373,80.88,0.56687,0.25993,0.23158,0.028346,0.10906,0.01885,0.038379,0,3.9167e-09,373,9772,0.28819,0.15551,0.5563,3,0.31374,0.22713,0.45913,3,0.19313,0.17079,0.14132,0.14214,-0.00081867,-0.0057929,-0.0071323,0.0053634,0.808,0.36063,0.53005,0.28602,0.18392,1159,0.51116,0.37005,0.11879,874,3.9679,40,0.669,0.56177,0.10723,0.16028,0.02932,0.20539,0.002,0.3683,0.36131,0.006993,0.018987,0.741,8.862,52,0.41488,0.35256,0.062326,0.15022,0.025007,0.11013,0,0.22233,0.21116,0.011163,0.050209,0.423,10.061,56,0.31037,0.27386,0.036515,0.11765,0.016806,0.060926,0,0.15187,0.15685,-0.0049793,-0.032787,0.526,57.989,225,0.20289,0.1859,0.01699,0.08374,0.0082463,0.025926,0,0.11341,0.11581,-0.0024069,-0.021223,0.475,84.676,0.00072384,0.00049925,1.8382,18.523,0.076206,21.946,False,,,,,,2.1455,True,0.003592,0.01992,0.17672,-0.0048126,0.011768,0.402,-0.014368,-0.14599,0.11279,0.010131,0.038976,-0.011666,-0.082549,0.041958,0.009324,0.034419,0.0074419,-0.0074689,-0.035685,0.0075039,-0.011751,sctrl1of2_armB_both_lora_b20_r8_lr0.0003_seed0_hq_ms400_pat4__eval30685,0.0062859,0.034861,0.0068247,0.018215,0.070079,0.010847,0.076756,0.065268,0.097561,-0.002331,-0.0063291,0.027907,0.067265,0.0037209,0.016736,0.043983,0.14171,0.030705,0.20219,0.0094861,0.046755,0.0093445,0.082397,-0.00036297,0.01339,0.078,0.00074719,0.012798,0.025,0.010313,0.027234,0,0.0047149,0.01729,0
s30685_armB_both_lora_b5_r8_lr0.0001_seed0_hq_ms400_pat4,30685,B,both,lora,5,8,0.0001,0,protocol,loss,/root/deep-learning-project/src/training/runs/s30685_armB_both_lora_b5_r8_lr0.0001_seed0_hq_ms400_pat4,4.7113,12,140,70,0.24128,30,155,45.849,0.18032,0.17475,0.0055675,0.030876,0.00053559,0.011,0.027,0.073888,155,5568,0.13554,0.12938,0.09842,0.10004,-0.0016164,-0.016423,-0.0053739,0.0022042,0.454,0.3034,96.387,238.37,ivrit-ai/whisper-large-v3,"greedy+loopguard(cr>3.0,ngram6)",0.2739,0.17729,0.5488,0,0.28983,0.20247,0.50771,0,0.50182,0.32482,0.17336,456,0.50628,0.35368,0.14004,416,373,80.88,0.56687,0.25993,0.24826,0.011666,0.044882,0.0050884,0.018438,0,0.00020575,373,9772,0.28819,0.15551,0.5563,3,0.30214,0.18178,0.51608,3,0.19313,0.18208,0.14132,0.14081,0.00051167,0.0036206,-0.0035178,0.0048733,0.856,0.98133,0.53005,0.28602,0.18392,1159,0.5327,0.32049,0.1468,1050,3.9679,40,0.669,0.64802,0.020979,0.031359,-0.0076391,0.062781,0.31,0.3683,0.37762,-0.009324,-0.025316,0.49,8.862,52,0.41488,0.37767,0.037209,0.089686,0.0086296,0.071735,0.013,0.22233,0.21023,0.012093,0.054393,0.311,10.061,56,0.31037,0.29544,0.014938,0.048128,-0.0015233,0.035688,0.089,0.15187,0.1527,-0.00082988,-0.0054645,0.937,57.989,225,0.20289,0.19623,0.0066544,0.032798,-0.00014624,0.013493,0.065,0.11341,0.11383,-0.00042475,-0.0037453,0.872,96.387,0.00082326,20.535,2.116,18.411,0.080513,100.8,False,,,,,,1.8387,True,-0.0082615,-0.045817,0.18858,-0.017932,0.0018601,0.119,-0.028017,-0.28467,0.12644,0.0020467,0.007874,-0.025174,-0.17813,0.020979,-0.025641,0.028837,-0.011163,0.014938,-0.032365,-0.0053802,-0.026051,sctrl1of2_armB_both_lora_b5_r8_lr0.0001_seed0_hq_ms400_pat4__eval30685,0.013829,0.076693,0.026401,0.0096193,0.037008,0.025686,0.18175,0,0,0.016317,0.044304,0.0083721,0.020179,0.023256,0.1046,0,0,0.031535,0.20765,0.012035,0.059316,0.025627,0.22597,0.0036891,0.023437,0.006,0.017108,0.035267,0,0.0017607,0.018124,0.019,0.01832,0.03303,0
s30685_armB_both_lora_b80_r8_lr0.0003_seed0_hq_ms400_pat4,30685,B,both,lora,80,8,0.0003,0,protocol,loss,/root/deep-learning-project/src/training/runs/s30685_armB_both_lora_b80_r8_lr0.0003_seed0_hq_ms400_pat4,79.967,285,160,4.4444,0.19104,2.2222,155,45.849,0.18032,0.17421,0.0061063,0.033865,-0.0064163,0.017825,0.315,0.12936,155,5568,0.13554,0.12887,0.09842,0.11135,-0.012931,-0.13139,-0.023486,-0.0032641,0.006,0.013871,113.6,157.42,ivrit-ai/whisper-large-v3,"greedy+loopguard(cr>3.0,ngram6)",0.2739,0.17729,0.5488,0,0.31237,0.24948,0.43814,0,0.50182,0.32482,0.17336,456,0.48871,0.39032,0.12097,350,373,80.88,0.56687,0.25993,0.23066,0.029267,0.1126,0.018632,0.04019,0,1.9911e-09,373,9772,0.28819,0.15551,0.5563,3,0.32431,0.21961,0.45608,3,0.19313,0.16926,0.14132,0.14306,-0.0017397,-0.01231,-0.0099124,0.0061363,0.683,0.62616,0.53005,0.28602,0.18392,1159,0.52289,0.35408,0.12303,856,3.9679,40,0.669,0.56876,0.10023,0.14983,0.028557,0.17789,0.003,0.3683,0.34732,0.020979,0.056962,0.227,8.862,52,0.41488,0.33581,0.07907,0.19058,0.042696,0.12706,0,0.22233,0.19256,0.029767,0.13389,0.01,10.061,56,0.31037,0.2722,0.038174,0.12299,0.017774,0.061445,0,0.15187,0.16515,-0.013278,-0.087432,0.178,57.989,225,0.20289,0.18703,0.015857,0.078158,0.0035844,0.02725,0.02,0.11341,0.11935,-0.0059465,-0.052434,0.215,113.6,0.00068498,0.00047016,2.8506,18.794,0.077075,22.086,False,,,,,,3.7059,True,0.0088003,0.048805,0.17152,-0.001703,0.018715,0.097,-0.0079023,-0.080292,0.10632,0.023332,0.089764,-0.004298,-0.030413,0.095571,0.006993,0.062326,0.015814,0.029046,-0.014108,0.012035,-0.0063712,sctrl1of2_armB_both_lora_b80_r8_lr0.0003_seed0_hq_ms400_pat4__eval30685,-0.002694,-0.01494,-0.0050287,0.0059353,0.022835,0.0025583,0.018103,0.004662,0.0069686,0.013986,0.037975,0.016744,0.040359,0.013953,0.062762,0.0091286,0.029412,0.00082988,0.0054645,0.0038227,0.018842,0.00042475,0.0037453,-0.012203,0.0068879,0.629,-0.01389,0.002527,0.22,-0.0012189,0.01299,0.109,-0.0038853,0.0082351,0.403
s30685_armB_both_lora_b80_r8_lr0.0003_seed0_verbatim_hq_ms400_pat4,30685,B,both,lora,80,8,0.0003,0,verbatim,loss,/root/deep-learning-project/src/training/runs/s30685_armB_both_lora_b80_r8_lr0.0003_seed0_verbatim_hq_ms400_pat4,79.967,285,180,5,0.22123,2.7778,155,45.849,0.18032,0.17439,0.0059267,0.032869,-0.0015722,0.012877,0.123,0.048808,155,5568,0.13554,0.12969,0.09842,0.099138,-0.00071839,-0.0072993,-0.007401,0.0052526,0.869,0.9597,127.08,171.32,ivrit-ai/whisper-large-v3,"greedy+loopguard(cr>3.0,ngram6)",0.2739,0.17729,0.5488,0,0.29763,0.18126,0.52111,0,0.50182,0.32482,0.17336,456,0.52355,0.31884,0.15761,419,373,80.88,0.56687,0.25993,0.24529,0.014634,0.056299,0.0077003,0.022125,0,1.7327e-05,373,9772,0.28819,0.15551,0.5563,3,0.29954,0.15895,0.54151,4,0.19313,0.18198,0.14132,0.1359,0.0054237,0.038378,-0.00041352,0.011588,0.083,0.13306,0.53005,0.28602,0.18392,1159,0.54066,0.2869,0.17244,1069,3.9679,40,0.669,0.65501,0.013986,0.020906,-0.036926,0.051344,0.546,0.3683,0.36364,0.004662,0.012658,0.851,8.862,52,0.41488,0.38419,0.030698,0.073991,0.010126,0.057758,0.002,0.22233,0.20279,0.019535,0.087866,0.035,10.061,56,0.31037,0.29959,0.010788,0.034759,-0.0066289,0.029253,0.252,0.15187,0.15104,0.00082988,0.0054645,1,57.989,225,0.20289,0.19,0.012884,0.063503,0.0049329,0.021546,0.001,0.11341,0.1093,0.0041059,0.036205,0.247,127.08,0.00076771,0.00049019,2.7017,18.985,0.07935,22.462,False,,,,,,1.3636,True,0.002694,0.01494,0.17762,-0.0045472,0.0099244,0.465,0.00071839,0.0072993,0.097701,0.003377,0.012992,0.001842,0.013034,-0.013986,-0.004662,0.022326,0.015814,-0.0024896,-0.0091286,0.0025485,0.0019822,sctrl1of2_armB_both_lora_b80_r8_lr0.0003_seed0_verbatim_hq_ms400_pat4__eval30685,0.0032328,0.017928,-0.0014368,0.011257,0.043307,0.0035817,0.025344,0.027972,0.041812,0.009324,0.025316,0.0083721,0.020179,0.0037209,0.016736,0.013278,0.042781,0.0099585,0.065574,0.010336,0.050942,0.0021237,0.018727,-0.0023469,0.0090324,0.285,-0.0057844,0.0029709,0.565,0.0049546,0.017732,0,-0.0014414,0.0087654,0.171
s30685_armB_both_lora_b80_r8_lr0.0003_seed1_hq_ms400_pat4,30685,B,both,lora,80,8,0.0003,1,protocol,loss,/root/deep-learning-project/src/training/runs/s30685_armB_both_lora_b80_r8_lr0.0003_seed1_hq_ms400_pat4,79.967,285,160,4.4444,0.19189,2.2222,155,45.849,0.18032,0.1717,0.0086207,0.047809,-0.0047684,0.021488,0.187,0.078251,155,5568,0.13554,0.12584,0.09842,0.11207,-0.013649,-0.13869,-0.024769,-0.0038341,0.008,0.0040917,114.32,157.79,ivrit-ai/whisper-large-v3,"greedy+loopguard(cr>3.0,ngram6)",0.2739,0.17729,0.5488,0,0.32322,0.25105,0.42573,0,0.50182,0.32482,0.17336,456,0.49519,0.38462,0.12019,332,373,80.88,0.56687,0.25993,0.23168,0.028244,0.10866,0.017241,0.039827,0,1.3974e-08,373,9772,0.28819,0.15551,0.5563,3,0.32641,0.21511,0.45848,3,0.19313,0.1694,0.14132,0.1448,-0.0034793,-0.02462,-0.01169,0.0046758,0.411,0.24146,0.53005,0.28602,0.18392,1159,0.52226,0.34417,0.13357,849,3.9679,40,0.669,0.56643,0.10256,0.15331,0.024774,0.1952,0.01,0.3683,0.35664,0.011655,0.031646,0.54,8.862,52,0.41488,0.3386,0.076279,0.18386,0.039354,0.125,0,0.22233,0.19349,0.028837,0.12971,0.027,10.061,56,0.31037,0.2888,0.021577,0.069519,0.00627,0.040961,0.01,0.15187,0.17344,-0.021577,-0.14208,0.001,57.989,225,0.20289,0.18533,0.017556,0.086532,0.004844,0.029722,0.007,0.11341,0.11964,-0.0062296,-0.054931,0.215,114.32,0.00072193,0.00053072,2.5931,18.59,0.076073,22.205,False,,,,,,3,True,0.0093391,0.051793,0.17098,-0.00038008,0.019141,0.064,-0.0079023,-0.080292,0.10632,0.023434,0.090157,-0.0047073,-0.033309,0.10723,0.02331,0.055814,0.011163,0.020747,-0.019917,0.013875,-0.0062296,sctrl0of2_armB_both_lora_b80_r8_lr0.0003_seed1_hq_ms400_pat4__eval30685,-0.00071839,-0.0039841,-0.0057471,0.0048097,0.018504,0.001228,0.0086894,-0.004662,-0.0069686,-0.011655,-0.031646,0.020465,0.049327,0.017674,0.079498,0.00082988,0.0026738,-0.0016598,-0.010929,0.0036812,0.018144,0,0,-0.010897,0.0087356,0.949,-0.015664,0.0031631,0.231,-0.0025343,0.011684,0.186,-0.0053187,0.007503,0.71
s30685_armB_both_lora_b80_r8_lr0.0003_seed2_hq_ms400_pat4,30685,B,both,lora,80,8,0.0003,2,protocol,loss,/root/deep-learning-project/src/training/runs/s30685_armB_both_lora_b80_r8_lr0.0003_seed2_hq_ms400_pat4,79.967,285,160,4.4444,0.18905,2.2222,155,45.849,0.18032,0.17259,0.0077227,0.042829,-0.005424,0.020322,0.257,0.13057,155,5568,0.13554,0.12708,0.09842,0.11494,-0.016523,-0.16788,-0.027341,-0.0064459,0,0.001376,113.49,157.13,ivrit-ai/whisper-large-v3,"greedy+loopguard(cr>3.0,ngram6)",0.2739,0.17729,0.5488,0,0.31634,0.27367,0.40999,0,0.50182,0.32482,0.17336,456,0.475,0.41094,0.11406,321,373,80.88,0.56687,0.25993,0.2282,0.031723,0.12205,0.020473,0.043301,0,1.4002e-09,373,9772,0.28819,0.15551,0.5563,3,0.33274,0.23139,0.43587,3,0.19313,0.16633,0.14132,0.14552,-0.0041957,-0.029689,-0.012819,0.0042513,0.334,0.22395,0.53005,0.28602,0.18392,1159,0.5218,0.36287,0.11533,808,3.9679,40,0.669,0.55944,0.10956,0.16376,0.028227,0.20168,0.005,0.3683,0.36364,0.004662,0.012658,0.844,8.862,52,0.41488,0.33488,0.08,0.19283,0.039625,0.13102,0,0.22233,0.19442,0.027907,0.12552,0.053,10.061,56,0.31037,0.27469,0.035685,0.11497,0.014703,0.060608,0.001,0.15187,0.16763,-0.015768,-0.10383,0.1,57.989,225,0.20289,0.18392,0.018972,0.09351,0.0059284,0.031215,0.005,0.11341,0.12105,-0.0076455,-0.067416,0.135,113.49,0.00074363,0.00050426,2.5924,18.993,0.085106,21.929,False,,,,,,3.6512,True,0.012213,0.067729,0.1681,0.0017621,0.023194,0.021,-0.011853,-0.12044,0.11027,0.028449,0.10945,-0.0072657,-0.051412,0.11189,-0.002331,0.064186,0.013023,0.020747,-0.025726,0.019255,-0.0075039,sctrl0of2_armB_both_lora_b80_r8_lr0.0003_seed2_hq_ms400_pat4__eval30685,-0.0044899,-0.0249,-0.0046695,0.0032747,0.012598,0.00307,0.021723,-0.002331,-0.0034843,0.006993,0.018987,0.015814,0.038117,0.014884,0.066946,0.014938,0.048128,0.0099585,0.065574,-0.00028317,-0.0013957,-0.00014158,-0.0012484,-0.015837,0.0056387,0.422,-0.01566,0.0051432,0.375,-0.0048025,0.01083,0.399,-0.0040403,0.0096982,0.386
s30701_armB_both_lora_b20_r8_lr0.0003_seed0_hq_ms400_pat4,30701,B,both,lora,20,8,0.0003,0,protocol,loss,/root/deep-learning-project/src/training/runs/s30701_armB_both_lora_b20_r8_lr0.0003_seed0_hq_ms400_pat4,19.821,79,120,12,0.22375,4,183,47.47,0.14191,0.11544,0.026465,0.1865,0.016077,0.038724,0,7.4692e-06,183,6159,0.091284,0.070329,0.084105,0.077123,0.0069817,0.083012,0.00049892,0.014064,0.039,0.066842,89.55,173.84,ivrit-ai/whisper-large-v3,"greedy+loopguard(cr>3.0,ngram6)",0.3627,0.09611,0.54119,2,0.42335,0.16174,0.41491,1,0.61197,0.16216,0.22587,356,0.63368,0.24211,0.12421,236,724,126.95,0.37393,0.31211,0.2514,0.060709,0.19451,0.049274,0.072835,0,1.1462e-26,724,16225,0.31813,0.13389,0.54799,10,0.34984,0.23045,0.41971,5,0.23019,0.18171,0.19846,0.17553,0.022928,0.11553,0.014992,0.031477,0,7.0409e-07,0.50031,0.21056,0.28913,1844,0.50105,0.33006,0.16889,1231,10.525,117,0.61735,0.51531,0.10204,0.16529,0.060469,0.14821,0,0.40816,0.38557,0.022595,0.055357,0.129,27.243,190,0.51207,0.40025,0.11182,0.21836,0.074259,0.15505,0,0.33386,0.28145,0.052414,0.15699,0,25.97,136,0.32667,0.25823,0.068449,0.20953,0.044587,0.092332,0,0.20094,0.17362,0.027321,0.13596,0.003,63.211,281,0.17986,0.14854,0.031322,0.17415,0.020082,0.042635,0,0.11143,0.10143,0.0099988,0.08973,0.016,89.55,0.00076246,0.00052595,2.7627,21.233,0.082999,60.195,False,,,,,,1.092,True,0.018672,0.13158,0.12323,0.0099324,0.029015,0,0.0032473,0.03861,0.080857,0.040863,0.13092,0.011772,0.059317,0.053207,-0.0021866,0.078145,0.036849,0.050235,0.012338,0.020841,0.0043368,sctrl1of2_armB_both_lora_b20_r8_lr0.0003_seed0_hq_ms400_pat4__eval30701,0.0077935,0.05492,0.0037344,0.019846,0.063586,0.011156,0.056211,0.048834,0.079103,0.024781,0.060714,0.033672,0.065757,0.015565,0.046622,0.018214,0.055755,0.014982,0.074561,0.010481,0.058272,0.005662,0.050811,0.0011307,0.014615,0.018,-0.0015214,0.0087126,0.181,0.012941,0.026877,0,0.0054178,0.017082,0
s30701_armB_both_lora_b5_r8_lr0.0001_seed0_hq_ms400_pat4,30701,B,both,lora,5,8,0.0001,0,protocol,loss,/root/deep-learning-project/src/training/runs/s30701_armB_both_lora_b5_r8_lr0.0001_seed0_hq_ms400_pat4,4.7079,16,140,70,0.27006,30,183,47.47,0.14191,0.12811,0.013801,0.097254,0.005563,0.023512,0.001,0.004253,183,6159,0.091284,0.080552,0.084105,0.081182,0.0029226,0.034749,-0.0026636,0.0090549,0.323,0.3656,110.38,425.84,ivrit-ai/whisper-large-v3,"greedy+loopguard(cr>3.0,ngram6)",0.3627,0.09611,0.54119,2,0.39797,0.12801,0.47402,1,0.61197,0.16216,0.22587,356,0.628,0.202,0.17,289,724,126.95,0.37393,0.31211,0.28419,0.02792,0.089455,0.017415,0.039,0,4.4044e-11,724,16225,0.31813,0.13389,0.54799,10,0.33897,0.16894,0.49208,6,0.23019,0.20856,0.19846,0.19217,0.0062866,0.031677,-0.0018655,0.014729,0.136,0.017794,0.50031,0.21056,0.28913,1844,0.50128,0.24984,0.24888,1493,10.525,117,0.61735,0.57799,0.039359,0.063754,0.010883,0.067938,0.004,0.40816,0.40015,0.0080175,0.019643,0.495,27.243,190,0.51207,0.45966,0.052414,0.10236,0.012423,0.093637,0.01,0.33386,0.31703,0.016836,0.050428,0.257,25.97,136,0.32667,0.30082,0.025852,0.079137,0.0060882,0.047609,0.011,0.20094,0.19859,0.0023502,0.011696,0.78,63.211,281,0.17986,0.16227,0.017588,0.09779,0.008239,0.028179,0,0.11143,0.10782,0.003614,0.032432,0.401,110.38,0.00092173,23.156,2.0874,21.447,0.081201,268.68,False,,,,,,1.1647,True,-0.00032473,-0.0022883,0.14223,-0.011675,0.011762,0.976,-0.017373,-0.20656,0.10148,0.024407,0.078199,-0.0072111,-0.036335,0.03207,-0.021866,0.065121,0.011436,0.024677,-0.0099882,0.0075894,-0.010722,sctrl1of2_armB_both_lora_b5_r8_lr0.0001_seed0_hq_ms400_pat4__eval30701,0.014126,0.099542,0.020296,0.0035131,0.011256,0.013498,0.068012,0.0072886,0.011806,0.029883,0.073214,-0.012706,-0.024814,0.0054003,0.016175,0.0011751,0.0035971,0.012338,0.061404,0.0099988,0.055593,0.014336,0.12865,0.0043537,0.023951,0.003,0.011601,0.029082,0,-0.0069655,0.013445,0.486,0.0044584,0.022377,0.001
s30701_armB_both_lora_b80_r8_lr0.0003_seed0_hq_ms400_pat4,30701,B,both,lora,80,8,0.0003,0,protocol,loss,/root/deep-learning-project/src/training/runs/s30701_armB_both_lora_b80_r8_lr0.0003_seed0_hq_ms400_pat4,79.82,361,180,3.913,0.20525,2.1739,183,47.47,0.14191,0.10586,0.036045,0.254,0.020158,0.055473,0,4.2422e-06,183,6159,0.091284,0.063153,0.084105,0.075662,0.0084429,0.10039,0,0.017554,0.055,0.038604,129.69,226.37,ivrit-ai/whisper-large-v3,"greedy+loopguard(cr>3.0,ngram6)",0.3627,0.09611,0.54119,2,0.45552,0.18098,0.3635,0,0.61197,0.16216,0.22587,356,0.63734,0.25322,0.10944,186,724,126.95,0.37393,0.31211,0.22447,0.087643,0.28081,0.072638,0.10411,0,2.1749e-31,724,16225,0.31813,0.13389,0.54799,10,0.39264,0.27924,0.32812,1,0.23019,0.15804,0.19846,0.16943,0.029029,0.14627,0.019096,0.039071,0,2.1252e-08,0.50031,0.21056,0.28913,1844,0.52019,0.36995,0.10986,893,10.525,117,0.61735,0.45773,0.15962,0.25856,0.10271,0.22519,0,0.40816,0.36589,0.042274,0.10357,0.018,27.243,190,0.51207,0.35515,0.15693,0.30645,0.11049,0.21281,0,0.33386,0.27891,0.054956,0.16461,0.001,25.97,136,0.32667,0.23766,0.089013,0.27248,0.058429,0.1229,0,0.20094,0.17597,0.024971,0.12427,0.002,63.211,281,0.17986,0.13095,0.04891,0.27194,0.031557,0.067294,0,0.11143,0.09276,0.018672,0.16757,0,129.69,0.00080132,0.00053501,2.7417,21.285,0.083276,72.526,False,,,,,,1.0631,True,0.027764,0.19565,0.11414,0.017072,0.039827,0,0.0060075,0.071429,0.078097,0.068659,0.21998,0.023544,0.11863,0.11735,0.022595,0.12452,0.057497,0.076675,0.023796,0.03614,0.010722,sctrl1of2_armB_both_lora_b80_r8_lr0.0003_seed0_hq_ms400_pat4__eval30701,0.0082806,0.058352,0.0024355,0.018983,0.060821,0.0054854,0.02764,0.042274,0.068477,0.019679,0.048214,0.032402,0.063275,-0.0025413,-0.0076118,0.012338,0.03777,0.0011751,0.005848,0.01277,0.070998,0.0079508,0.071351,-0.0010522,0.019799,0.097,-0.0033043,0.0085305,0.409,0.011168,0.027546,0,-0.00055394,0.011212,0.076
s30701_armB_both_lora_b80_r8_lr0.0003_seed0_verbatim_hq_ms400_pat4,30701,B,both,lora,80,8,0.0003,0,verbatim,loss,/root/deep-learning-project/src/training/runs/s30701_armB_both_lora_b80_r8_lr0.0003_seed0_verbatim_hq_ms400_pat4,79.82,361,160,3.4783,0.23443,1.7391,183,47.47,0.14191,0.13509,0.0068193,0.048055,-0.012333,0.020398,0.392,0.0013597,183,6159,0.091284,0.087061,0.084105,0.082643,0.0014613,0.017375,-0.017195,0.013483,0.749,0.002705,117.25,223.69,ivrit-ai/whisper-large-v3,"greedy+loopguard(cr>3.0,ngram6)",0.3627,0.09611,0.54119,2,0.40144,0.075721,0.52284,1,0.61197,0.16216,0.22587,356,0.65619,0.12377,0.22004,323,724,126.95,0.37393,0.31211,0.27186,0.040247,0.12895,0.028623,0.051672,0,6.9741e-20,724,16225,0.31813,0.13389,0.54799,10,0.34369,0.15575,0.50057,5,0.23019,0.19773,0.19846,0.17374,0.024715,0.12453,0.0143,0.034448,0,4.9398e-12,0.50031,0.21056,0.28913,1844,0.53778,0.2437,0.21852,1592,10.525,117,0.61735,0.55321,0.06414,0.1039,0.027397,0.10427,0.001,0.40816,0.37536,0.032799,0.080357,0.025,27.243,190,0.51207,0.42344,0.088628,0.17308,0.05406,0.12577,0,0.33386,0.27287,0.060991,0.18268,0,25.97,136,0.32667,0.28143,0.045241,0.13849,0.025715,0.066493,0,0.20094,0.17274,0.028202,0.14035,0.001,63.211,281,0.17986,0.16396,0.015902,0.088413,0.00059924,0.027802,0.048,0.11143,0.10324,0.0081918,0.073514,0.272,117.25,0.00076818,0.00052071,2.6247,30.432,0.083865,73.253,False,,,,,,0.90476,True,0.0094171,0.066362,0.13249,0.0030487,0.016012,0.006,0.0056827,0.067568,0.078422,0.018737,0.060032,0.01208,0.06087,0.012391,0.00072886,0.044155,0.034307,0.024971,0.017039,0.0075894,0.0034936,sctrl1of2_armB_both_lora_b80_r8_lr0.0003_seed0_verbatim_hq_ms400_pat4__eval30701,-0.0025978,-0.018307,-0.0042215,0.02151,0.068918,0.012635,0.063665,0.051749,0.083825,0.03207,0.078571,0.044473,0.086849,0.026684,0.079924,0.02027,0.06205,0.011163,0.055556,0.0083123,0.046216,0.0046982,0.042162,-0.02028,0.0098535,0.855,-0.021451,0.0071911,0.709,0.011549,0.031337,0,0.0040181,0.020697,0.011
s30701_armB_both_lora_b80_r8_lr0.0003_seed1_hq_ms400_pat4,30701,B,both,lora,80,8,0.0003,1,protocol,loss,/root/deep-learning-project/src/training/runs/s30701_armB_both_lora_b80_r8_lr0.0003_seed1_hq_ms400_pat4,79.82,361,160,3.4783,0.20664,1.7391,183,47.47,0.14191,0.10456,0.037344,0.26316,0.023199,0.055303,0,4.2988e-07,183,6159,0.091284,0.06201,0.084105,0.071927,0.012177,0.14479,0.0046406,0.02077,0.001,0.0081389,116.62,205.41,ivrit-ai/whisper-large-v3,"greedy+loopguard(cr>3.0,ngram6)",0.3627,0.09611,0.54119,2,0.45807,0.15994,0.38199,0,0.61197,0.16216,0.22587,356,0.66591,0.23251,0.10158,201,724,126.95,0.37393,0.31211,0.22539,0.086718,0.27784,0.071919,0.10283,0,3.8087e-33,724,16225,0.31813,0.13389,0.54799,10,0.38146,0.25485,0.36369,1,0.23019,0.1604,0.19846,0.16475,0.033713,0.16988,0.023967,0.043979,0,1.3483e-11,0.50031,0.21056,0.28913,1844,0.52189,0.34867,0.12944,984,10.525,117,0.61735,0.46429,0.15306,0.24793,0.098525,0.21401,0,0.40816,0.36006,0.048105,0.11786,0.004,27.243,190,0.51207,0.35483,0.15724,0.30707,0.11242,0.20963,0,0.33386,0.26525,0.068615,0.20552,0,25.97,136,0.32667,0.23443,0.092244,0.28237,0.061668,0.12577,0,0.20094,0.16863,0.032315,0.16082,0.001,63.211,281,0.17986,0.13312,0.046741,0.25988,0.031304,0.06346,0,0.11143,0.09276,0.018672,0.16757,0,116.62,0.00074172,0.0005157,2.6495,21.286,0.083732,64.738,False,,,,,,0.98696,True,0.030037,0.21167,0.11187,0.018029,0.044933,0,0.0051956,0.061776,0.078909,0.071926,0.23045,0.021448,0.10807,0.12172,0.017493,0.12516,0.049555,0.078143,0.019389,0.040959,0.012288,sctrl1of2_armB_both_lora_b80_r8_lr0.0003_seed1_hq_ms400_pat4__eval30701,0.0073064,0.051487,0.0069817,0.014792,0.047393,0.012265,0.061801,0.031341,0.050767,0.030612,0.075,0.032084,0.062655,0.01906,0.057088,0.014101,0.043165,0.012926,0.064327,0.0057824,0.03215,0.0063848,0.057297,0.0014615,0.013998,0.021,0.0028203,0.011516,0.001,0.0079823,0.022333,0,0.0068373,0.017652,0
s30701_armB_both_lora_b80_r8_lr0.0003_seed2_hq_ms400_pat4,30701,B,both,lora,80,8,0.0003,2,protocol,loss,/root/deep-learning-project/src/training/runs/s30701_armB_both_lora_b80_r8_lr0.0003_seed2_hq_ms400_pat4,79.82,361,180,3.913,0.20625,2.1739,183,47.47,0.14191,0.11187,0.030037,0.21167,0.016043,0.047072,0,0.0002516,183,6159,0.091284,0.066233,0.084105,0.078097,0.0060075,0.071429,-0.0020773,0.015108,0.162,0.46628,130.47,220.46,ivrit-ai/whisper-large-v3,"greedy+loopguard(cr>3.0,ngram6)",0.3627,0.09611,0.54119,2,0.46009,0.17417,0.36575,0,0.61197,0.16216,0.22587,356,0.65904,0.24948,0.091476,208,724,126.95,0.37393,0.31211,0.22632,0.085794,0.27488,0.070942,0.1017,0,6.1863e-29,724,16225,0.31813,0.13389,0.54799,10,0.38834,0.29003,0.32162,1,0.23019,0.16025,0.19846,0.17079,0.027673,0.13944,0.017824,0.037612,0,5.6228e-07,0.50031,0.21056,0.28913,1844,0.51462,0.38434,0.10105,901,10.525,117,0.61735,0.44242,0.17493,0.28335,0.1189,0.2416,0,0.40816,0.36006,0.048105,0.11786,0.003,27.243,190,0.51207,0.34879,0.16328,0.31886,0.11756,0.21618,0,0.33386,0.26652,0.067344,0.20171,0,25.97,136,0.32667,0.23766,0.089013,0.27248,0.054199,0.12344,0,0.20094,0.18184,0.019095,0.095029,0.085,63.211,281,0.17986,0.1395,0.040357,0.22438,0.024243,0.056569,0,0.11143,0.098663,0.01277,0.11459,0.031,130.47,0.00089812,0.00058103,2.9301,21.618,0.087177,65.327,False,,,,,,1.1946,True,0.028576,0.20137,0.11333,0.015111,0.043935,0,0.001786,0.021236,0.082319,0.076487,0.24506,0.02225,0.11211,0.13703,0.034985,0.15248,0.065121,0.078731,0.013807,0.036743,0.0073485,sctrl0of2_armB_both_lora_b80_r8_lr0.0003_seed2_hq_ms400_pat4__eval30701,0.0014613,0.010297,0.0042215,0.0093066,0.029818,0.0054237,0.027329,0.037901,0.061393,0.01312,0.032143,0.010801,0.021092,0.0022236,0.0066603,0.010282,0.031475,0.0052879,0.026316,0.003614,0.020094,0.005421,0.048649,-0.0065369,0.01054,0.739,-0.0014295,0.010466,0.182,0.0027057,0.016602,0.006,-0.00036578,0.011355,0.064
s30718_armB_both_lora_b20_r8_lr0.0003_seed0_hq_ms400_pat4,30718,B,both,lora,20,8,0.0003,0,protocol,loss,/root/deep-learning-project/src/training/runs/s30718_armB_both_lora_b20_r8_lr0.0003_seed0_hq_ms400_pat4,19.939,67,120,13.333,0.20598,4.4444,162,55.584,0.11558,0.11125,0.0043308,0.037471,-0.0029013,0.012114,0.251,0.53771,162,7389,0.064211,0.060383,0.081743,0.084721,-0.0029774,-0.036424,-0.0085263,0.0032829,0.339,0.050059,89.54,127.53,ivrit-ai/whisper-large-v3,"greedy+loopguard(cr>3.0,ngram6)",0.4555,0.12998,0.41452,0,0.48297,0.19586,0.32117,0,0.64404,0.18377,0.17219,250,0.63419,0.25719,0.10863,196,296,83.24,0.66776,0.17364,0.15849,0.01515,0.087252,0.0078007,0.022809,0,0.00017545,296,11023,0.40125,0.13218,0.46656,3,0.43331,0.19233,0.37436,0,0.1091,0.097805,0.11476,0.11231,0.0024494,0.021344,-0.0029768,0.0081909,0.38,0.8355,0.60711,0.2,0.19289,649,0.61147,0.27141,0.11712,509,2.0276,22,0.57762,0.4657,0.11191,0.19375,0.040623,0.23479,0.002,0.37184,0.33213,0.039711,0.1068,0.058,4.4445,32,0.36934,0.32927,0.04007,0.10849,0.0071624,0.091747,0.012,0.21951,0.19686,0.022648,0.10317,0.178,9.9402,39,0.28931,0.25393,0.035377,0.12228,0.0092922,0.068344,0.007,0.18003,0.16903,0.011006,0.061135,0.234,66.828,203,0.13191,0.12427,0.0076404,0.057922,0.00045612,0.015224,0.035,0.090674,0.09191,-0.001236,-0.013631,0.693,89.54,0.00074625,0.00057769,1.9261,20.268,0.093064,15.672,False,,,,,,2.8125,True,-0.0027067,-0.023419,0.11828,-0.01132,0.0064924,0.549,-0.012586,-0.15397,0.094329,0.0049896,0.028736,-0.0090719,-0.079051,0.064982,0.018051,0.012195,-0.0052265,0.029088,0.0031447,-0.00078652,-0.01191,sctrl1of2_armB_both_lora_b20_r8_lr0.0003_seed0_hq_ms400_pat4__eval30718,0.0070375,0.06089,0.0096089,0.010161,0.058516,0.011521,0.1004,0.046931,0.08125,0.021661,0.058252,0.027875,0.075472,0.027875,0.12698,0.0062893,0.021739,0.0078616,0.043668,0.008427,0.063884,0.010674,0.11772,0.0013865,0.013032,0.009,0.0036316,0.015794,0,0.0050711,0.015996,0,0.006585,0.017198,0
s30718_armB_both_lora_b5_r8_lr0.0001_seed0_hq_ms400_pat4,30718,B,both,lora,5,8,0.0001,0,protocol,loss,/root/deep-learning-project/src/training/runs/s30718_armB_both_lora_b5_r8_lr0.0001_seed0_hq_ms400_pat4,4.747,14,140,70,0.22678,30,162,55.584,0.11558,0.12248,-0.0069022,-0.059719,-0.011926,-0.0020581,0.005,0.012762,162,7389,0.064211,0.068774,0.081743,0.089322,-0.0075788,-0.092715,-0.012464,-0.0030162,0.002,0.0024962,104.18,243.96,ivrit-ai/whisper-large-v3,"greedy+loopguard(cr>3.0,ngram6)",0.4555,0.12998,0.41452,0,0.45193,0.12155,0.42652,0,0.64404,0.18377,0.17219,250,0.6197,0.16667,0.21364,245,296,83.24,0.66776,0.17364,0.17772,-0.0040824,-0.023511,-0.008377,9.4861e-05,0.06,0.093099,296,11023,0.40125,0.13218,0.46656,3,0.40429,0.13017,0.46554,3,0.1091,0.11239,0.11476,0.12057,-0.005806,-0.050593,-0.0095508,-0.0020641,0.005,0.0071638,0.60711,0.2,0.19289,649,0.59594,0.19187,0.21219,630,2.0276,22,0.57762,0.56318,0.01444,0.025,-0.0040494,0.043022,0.16,0.37184,0.3574,0.01444,0.038835,0.312,4.4445,32,0.36934,0.37979,-0.010453,-0.028302,-0.032139,0.0042648,0.309,0.21951,0.22997,-0.010453,-0.047619,0.309,9.9402,39,0.28931,0.28616,0.0031447,0.01087,-0.014007,0.020074,0.717,0.18003,0.18239,-0.0023585,-0.0131,0.806,66.828,203,0.13191,0.13719,-0.0052809,-0.040034,-0.0097953,-0.00077319,0.022,0.090674,0.097303,-0.0066292,-0.07311,0,104.18,0.0007534,21.696,2.0674,21.05,0.089094,94.857,False,,,,,,0.62745,True,-0.023549,-0.20375,0.13913,-0.038187,-0.010898,0,-0.034375,-0.42053,0.11612,-0.0099791,-0.057471,-0.026944,-0.23478,0.0036101,-0.032491,0.036585,-0.017422,0.012579,-0.011006,-0.016629,-0.029663,sctrl1of2_armB_both_lora_b5_r8_lr0.0001_seed0_hq_ms400_pat4__eval30718,0.016646,0.14403,0.026797,0.0058968,0.03396,0.021138,0.18419,0.01083,0.01875,0.046931,0.12621,-0.047038,-0.12736,0.0069686,0.031746,-0.009434,-0.032609,0.0086478,0.048035,0.011348,0.086031,0.023034,0.25403,0.0035797,0.031636,0.012,0.014435,0.041214,0,-0.0058074,0.017287,0.309,0.012184,0.0313,0
s30718_armB_both_lora_b80_r8_lr0.0003_seed0_hq_ms400_pat4,30718,B,both,lora,80,8,0.0003,0,protocol,loss,/root/deep-learning-project/src/training/runs/s30718_armB_both_lora_b80_r8_lr0.0003_seed0_hq_ms400_pat4,79.949,344,140,3.2558,0.18315,1.3953,162,55.584,0.11558,0.11084,0.0047368,0.040984,-0.0034834,0.013971,0.275,0.59509,162,7389,0.064211,0.060079,0.081743,0.086074,-0.0043308,-0.05298,-0.010889,0.0029591,0.233,0.043051,103.9,141.52,ivrit-ai/whisper-large-v3,"greedy+loopguard(cr>3.0,ngram6)",0.4555,0.12998,0.41452,0,0.48474,0.21978,0.29548,0,0.64404,0.18377,0.17219,250,0.62421,0.28302,0.092767,183,296,83.24,0.66776,0.17364,0.15323,0.020412,0.11755,0.01218,0.029344,0,1.4643e-05,296,11023,0.40125,0.13218,0.46656,3,0.45175,0.21433,0.33393,0,0.1091,0.093224,0.11476,0.11431,0.0004536,0.0039526,-0.0052225,0.0061923,0.886,0.76012,0.60711,0.2,0.19289,649,0.60556,0.2873,0.10714,429,2.0276,22,0.57762,0.41877,0.15884,0.275,0.06005,0.3039,0,0.37184,0.3213,0.050542,0.13592,0.057,4.4445,32,0.36934,0.31359,0.055749,0.15094,0.011545,0.12275,0.006,0.21951,0.21254,0.0069686,0.031746,0.523,9.9402,39,0.28931,0.23664,0.052673,0.18207,0.019591,0.09145,0.001,0.18003,0.17453,0.0055031,0.030568,0.58,66.828,203,0.13191,0.1227,0.0092135,0.069847,0.0018193,0.016908,0.018,0.090674,0.092921,-0.0022472,-0.024783,0.473,103.9,0.00078583,0.00053453,1.8175,20.517,0.090882,15.177,False,,,,,,3.2,True,0.0063608,0.055035,0.10922,-0.0030248,0.016483,0.193,-0.0041954,-0.051325,0.085939,0.024857,0.14316,0.0035381,0.03083,0.13357,0.043321,0.090592,0.019164,0.062107,0.018082,0.01191,-0.00078652,sctrl1of2_armB_both_lora_b80_r8_lr0.0003_seed0_hq_ms400_pat4__eval30718,-0.001624,-0.014052,-0.00013534,-0.0044453,-0.025601,-0.0030845,-0.026877,0.025271,0.04375,0.0072202,0.019417,-0.034843,-0.09434,-0.012195,-0.055556,-0.009434,-0.032609,-0.012579,-0.069869,-0.0026966,-0.020443,-0.0014607,-0.016109,-0.0068067,0.003669,0.595,-0.0047577,0.0045219,0.998,-0.010458,0.0011285,0.123,-0.0075072,0.0011678,0.181
s30718_armB_both_lora_b80_r8_lr0.0003_seed0_verbatim_hq_ms400_pat4,30718,B,both,lora,80,8,0.0003,0,verbatim,loss,/root/deep-learning-project/src/training/runs/s30718_armB_both_lora_b80_r8_lr0.0003_seed0_verbatim_hq_ms400_pat4,79.949,344,160,3.7209,0.2167,1.8605,162,55.584,0.11558,0.11368,0.0018947,0.016393,-0.0050778,0.0089005,0.611,0.61374,162,7389,0.064211,0.063831,0.081743,0.083232,-0.0014887,-0.018212,-0.0077122,0.0046412,0.642,0.67709,117.53,178.26,ivrit-ai/whisper-large-v3,"greedy+loopguard(cr>3.0,ngram6)",0.4555,0.12998,0.41452,0,0.45357,0.12738,0.41905,0,0.64404,0.18377,0.17219,250,0.61951,0.17398,0.2065,225,296,83.24,0.66776,0.17364,0.16874,0.0048988,0.028213,-0.0015967,0.011484,0.143,0.20861,296,11023,0.40125,0.13218,0.46656,3,0.4043,0.13065,0.46505,1,0.1091,0.10644,0.11476,0.11476,0,0,-0.0052726,0.0050968,1,0.96766,0.60711,0.2,0.19289,649,0.59447,0.19209,0.21344,595,2.0276,22,0.57762,0.50542,0.072202,0.125,-0.0088019,0.18558,0.093,0.37184,0.33935,0.032491,0.087379,0.129,4.4445,32,0.36934,0.36063,0.0087108,0.023585,-0.019513,0.04068,0.601,0.21951,0.21254,0.0069686,0.031746,0.562,9.9402,39,0.28931,0.28695,0.0023585,0.0081522,-0.01975,0.024594,0.862,0.18003,0.18475,-0.004717,-0.026201,0.631,66.828,203,0.13191,0.12899,0.0029213,0.022147,-0.0033349,0.0091613,0.416,0.090674,0.091461,-0.00078652,-0.0086741,0.761,117.53,0.00078273,0.00053239,1.7901,42.454,0.089501,16.368,False,,,,,,0.14286,False,0.0031127,0.026932,0.11246,-0.002096,0.0089359,0.311,0.00013534,0.0016556,0.081608,0.0085276,0.049112,0.0039917,0.034783,0.075812,0.043321,0.0052265,0.0017422,0.012579,0.011792,0.0060674,0.0017978,sctrl1of2_armB_both_lora_b80_r8_lr0.0003_seed0_verbatim_hq_ms400_pat4__eval30718,-0.001218,-0.010539,-0.001624,-0.0036288,-0.020899,-0.0039917,-0.034783,-0.0036101,-0.00625,-0.01083,-0.029126,0.0034843,0.009434,0.0052265,0.02381,-0.01022,-0.035326,-0.016509,-0.091703,-0.0031461,-0.02385,-0.0025843,-0.028501,-0.0070332,0.0044572,0.696,-0.0075699,0.0040828,0.626,-0.0085865,0.0013866,0.159,-0.0086153,0.00071407,0.1
s30718_armB_both_lora_b80_r8_lr0.0003_seed1_hq_ms400_pat4,30718,B,both,lora,80,8,0.0003,1,protocol,loss,/root/deep-learning-project/src/training/runs/s30718_armB_both_lora_b80_r8_lr0.0003_seed1_hq_ms400_pat4,79.949,344,160,3.7209,0.18263,1.8605,162,55.584,0.11558,0.11016,0.0054135,0.046838,-0.0027331,0.014651,0.231,0.46399,162,7389,0.064211,0.058533,0.081743,0.085939,-0.0041954,-0.051325,-0.010743,0.0027955,0.235,0.051927,116.55,154.19,ivrit-ai/whisper-large-v3,"greedy+loopguard(cr>3.0,ngram6)",0.4555,0.12998,0.41452,0,0.47912,0.23342,0.28747,0,0.64404,0.18377,0.17219,250,0.61417,0.29921,0.086614,179,296,83.24,0.66776,0.17364,0.15232,0.021319,0.12278,0.012314,0.031103,0,3.6529e-05,296,11023,0.40125,0.13218,0.46656,3,0.45503,0.21382,0.33115,0,0.1091,0.09065,0.11476,0.11231,0.0024494,0.021344,-0.0036411,0.0085873,0.437,0.74931,0.60711,0.2,0.19289,649,0.61712,0.28998,0.092892,441,2.0276,22,0.57762,0.40433,0.17329,0.3,0.087178,0.29383,0,0.37184,0.30686,0.064982,0.17476,0.001,4.4445,32,0.36934,0.32404,0.045296,0.12264,-0.015629,0.14136,0.202,0.21951,0.21254,0.0069686,0.031746,0.758,9.9402,39,0.28931,0.23428,0.055031,0.19022,0.024011,0.090656,0,0.18003,0.16981,0.01022,0.056769,0.326,66.828,203,0.13191,0.12169,0.010225,0.077513,0.0025961,0.018492,0.008,0.090674,0.091573,-0.00089888,-0.0099133,0.769,116.55,0.00077009,0.00052619,1.7312,20.276,0.088338,15.529,False,,,,,,3,True,0.0024361,0.021077,0.11314,-0.0058088,0.011922,0.619,-0.0075788,-0.092715,0.089322,0.021591,0.12435,0.00018144,0.001581,0.1444,0.039711,0.08885,0.012195,0.066038,0.019654,0.0070787,-0.0046067,sctrl0of2_armB_both_lora_b80_r8_lr0.0003_seed1_hq_ms400_pat4__eval30718,0.0029774,0.025761,0.0033834,-0.00027216,-0.0015674,0.002268,0.019763,0.028881,0.05,0.025271,0.067961,-0.043554,-0.11792,-0.0052265,-0.02381,-0.011006,-0.038043,-0.009434,-0.052402,0.0031461,0.02385,0.0037079,0.040892,-0.0030352,0.0091427,0.355,-0.0022313,0.0092521,0.255,-0.0065567,0.0058081,0.96,-0.0027388,0.0071714,0.398
s30718_armB_both_lora_b80_r8_lr0.0003_seed2_hq_ms400_pat4,30718,B,both,lora,80,8,0.0003,2,protocol,loss,/root/deep-learning-project/src/training/runs/s30718_armB_both_lora_b80_r8_lr0.0003_seed2_hq_ms400_pat4,79.949,344,140,3.2558,0.1844,1.3953,162,55.584,0.11558,0.11192,0.0036541,0.031616,-0.0047913,0.013045,0.427,0.77473,162,7389,0.064211,0.060865,0.081743,0.088375,-0.0066315,-0.081126,-0.013701,0.0010819,0.089,0.012116,103.13,140.44,ivrit-ai/whisper-large-v3,"greedy+loopguard(cr>3.0,ngram6)",0.4555,0.12998,0.41452,0,0.48005,0.23821,0.28174,0,0.64404,0.18377,0.17219,250,0.60796,0.30168,0.090352,174,296,83.24,0.66776,0.17364,0.15159,0.022045,0.12696,0.012496,0.032427,0,5.1979e-05,296,11023,0.40125,0.13218,0.46656,3,0.45302,0.23399,0.31299,0,0.1091,0.091285,0.11476,0.11485,-9.0719e-05,-0.00079051,-0.0063718,0.0063726,0.954,0.55711,0.60711,0.2,0.19289,649,0.59795,0.30885,0.093207,405,2.0276,22,0.57762,0.41877,0.15884,0.275,0.072605,0.28415,0,0.37184,0.3213,0.050542,0.13592,0.018,4.4445,32,0.36934,0.28223,0.087108,0.23585,0.011492,0.19154,0.018,0.21951,0.20383,0.015679,0.071429,0.353,9.9402,39,0.28931,0.23113,0.058176,0.20109,0.023843,0.099028,0.001,0.18003,0.17296,0.0070755,0.039301,0.475,66.828,203,0.13191,0.12348,0.008427,0.063884,0.0005616,0.017124,0.032,0.090674,0.094382,-0.0037079,-0.040892,0.285,103.13,0.00076079,0.00051832,1.7395,20.084,0.088336,15.384,False,,,,,,4.4815,True,0.0087969,0.076112,0.10678,0.00077214,0.017654,0.035,-0.001218,-0.014901,0.082961,0.023043,0.13271,0.0042638,0.037154,0.13357,0.025271,0.054007,0.013937,0.049528,0.011006,0.01382,0.0020225,sctrl1of2_armB_both_lora_b80_r8_lr0.0003_seed2_hq_ms400_pat4__eval30718,-0.0051428,-0.044496,-0.0054135,-0.00099791,-0.0057471,-0.0043545,-0.037945,0.025271,0.04375,0.025271,0.067961,0.033101,0.089623,0.0017422,0.0079365,0.0086478,0.029891,-0.0039308,-0.021834,-0.0053933,-0.040886,-0.0057303,-0.063197,-0.010732,0.00079607,0.081,-0.010836,0.00027432,0.059,-0.0072355,0.0055602,0.785,-0.0089936,0.00018725,0.064
s30752_armB_both_lora_b20_r8_lr0.0003_seed0_hq_ms400_pat4,30752,B,both,lora,20,8,0.0003,0,protocol,loss,/root/deep-learning-project/src/training/runs/s30752_armB_both_lora_b20_r8_lr0.0003_seed0_hq_ms400_pat4,19.94,87,120,10.909,0.22476,3.6364,152,45.723,0.11696,0.10984,0.0071192,0.06087,-0.00074975,0.015491,0.077,0.1306,152,3933,0.067369,0.059293,0.084668,0.086194,-0.0015256,-0.018018,-0.0079774,0.0046836,0.671,0.60669,81.483,109.63,ivrit-ai/whisper-large-v3,"greedy+loopguard(cr>3.0,ngram6)",0.46522,0.08913,0.44565,0,0.49769,0.16667,0.33565,0,0.64264,0.12312,0.23423,127,0.63422,0.21239,0.15339,93,320,72.184,0.63343,0.22073,0.18356,0.037174,0.16841,0.023168,0.053566,0,5.466e-07,320,6483,0.34941,0.14186,0.50874,3,0.40756,0.24286,0.34958,1,0.14846,0.11539,0.15625,0.14253,0.013728,0.087858,0.0038477,0.024665,0.007,0.02212,0.49358,0.20039,0.30602,418,0.52489,0.31277,0.16234,266,3.164,34,0.66102,0.47797,0.18305,0.27692,0.082315,0.30306,0,0.45763,0.33898,0.11864,0.25926,0,6.6802,47,0.44506,0.34631,0.098748,0.22187,0.024318,0.19527,0.007,0.32823,0.28651,0.041725,0.12712,0.126,8.4689,46,0.24658,0.21046,0.036115,0.14646,-0.0024107,0.075832,0.065,0.19427,0.18306,0.011208,0.057692,0.544,53.87,193,0.15388,0.13523,0.018646,0.12117,0.0079051,0.031583,0,0.10416,0.10094,0.0032147,0.030864,0.467,81.483,0.00060987,0.00042272,1.7365,12.96,0.059442,13.372,False,,,,,,2.1429,True,-0.0030511,-0.026087,0.12001,-0.01471,0.0094163,0.63,-0.012459,-0.14715,0.097127,0.025297,0.11461,0.0032392,0.020731,0.15932,0.11864,0.083449,0.027816,0.028643,0.0049813,0.0072868,-0.008144,sctrl0of2_armB_both_lora_b20_r8_lr0.0003_seed0_hq_ms400_pat4__eval30752,0.01017,0.086957,0.010933,0.011877,0.053809,0.010489,0.067127,0.023729,0.035897,0,0,0.015299,0.034375,0.013908,0.042373,0.007472,0.030303,0.0062267,0.032051,0.011359,0.073816,0.011359,0.10905,0.002985,0.017668,0.007,0.0051934,0.017704,0,0.0043815,0.02045,0,0.0051082,0.016691,0
s30752_armB_both_lora_b5_r8_lr0.0001_seed0_hq_ms400_pat4,30752,B,both,lora,5,8,0.0001,0,protocol,loss,/root/deep-learning-project/src/training/runs/s30752_armB_both_lora_b5_r8_lr0.0001_seed0_hq_ms400_pat4,4.9428,29,160,40,0.25996,20,152,45.723,0.11696,0.12052,-0.0035596,-0.030435,-0.010505,0.0033789,0.35,0.33604,152,3933,0.067369,0.067025,0.084668,0.089499,-0.0048309,-0.057057,-0.011092,0.0012789,0.139,0.1573,105.92,231.63,ivrit-ai/whisper-large-v3,"greedy+loopguard(cr>3.0,ngram6)",0.46522,0.08913,0.44565,0,0.46835,0.11392,0.41772,0,0.64264,0.12312,0.23423,127,0.63068,0.15341,0.21591,122,320,72.184,0.63343,0.22073,0.21734,0.0033935,0.015374,-0.0093616,0.017382,0.671,0.82126,320,6483,0.34941,0.14186,0.50874,3,0.35912,0.15898,0.4819,2,0.14846,0.14265,0.15625,0.15996,-0.003702,-0.023692,-0.01364,0.0057047,0.455,0.55217,0.49358,0.20039,0.30602,418,0.48795,0.21601,0.29605,372,3.164,34,0.66102,0.65763,0.0033898,0.0051282,-0.095615,0.11707,0.966,0.45763,0.45424,0.0033898,0.0074074,0.891,6.6802,47,0.44506,0.40334,0.041725,0.09375,-0.042471,0.1446,0.413,0.32823,0.32267,0.0055633,0.016949,0.89,8.4689,46,0.24658,0.24284,0.003736,0.015152,-0.021741,0.033376,0.893,0.19427,0.19925,-0.0049813,-0.025641,0.692,53.87,193,0.15388,0.15645,-0.0025718,-0.016713,-0.01039,0.0055016,0.555,0.10416,0.10952,-0.0053579,-0.05144,0.159,105.92,0.00065756,23.243,2.1757,13.139,0.06198,87.071,False,,,,,,-0.5,False,-0.0053394,-0.045652,0.1223,-0.014728,0.0039936,0.275,-0.0088991,-0.10511,0.093567,0.026068,0.1181,0.0097177,0.062192,0.15254,0.10847,0.11683,0.066759,0.026152,0,0.004072,-0.0036434,sctrl0of2_armB_both_lora_b5_r8_lr0.0001_seed0_hq_ms400_pat4__eval30752,0.0017798,0.015217,0.0040681,-0.022675,-0.10273,-0.01342,-0.085884,-0.14915,-0.22564,-0.10508,-0.22963,-0.075104,-0.16875,-0.061196,-0.18644,-0.022416,-0.090909,-0.0049813,-0.025641,-0.0066438,-0.043175,-0.0017145,-0.016461,-0.0077369,0.010801,0.721,-0.0044393,0.012097,0.348,-0.035641,-0.011097,0,-0.024761,-0.0033538,0.004
s30752_armB_both_lora_b80_r8_lr0.0003_seed0_hq_ms400_pat4,30752,B,both,lora,80,8,0.0003,0,protocol,loss,/root/deep-learning-project/src/training/runs/s30752_armB_both_lora_b80_r8_lr0.0003_seed0_hq_ms400_pat4,79.974,363,140,3.0435,0.21094,1.3043,152,45.723,0.11696,0.10247,0.014493,0.12391,0.0012866,0.030506,0.03,0.027461,152,3933,0.067369,0.055156,0.084668,0.085939,-0.0012713,-0.015015,-0.010106,0.0071765,0.824,0.95593,94.173,122.56,ivrit-ai/whisper-large-v3,"greedy+loopguard(cr>3.0,ngram6)",0.46522,0.08913,0.44565,0,0.5062,0.23821,0.25558,0,0.64264,0.12312,0.23423,127,0.60355,0.28402,0.11243,65,320,72.184,0.63343,0.22073,0.16752,0.053216,0.24109,0.035855,0.073156,0,4.3179e-09,320,6483,0.34941,0.14186,0.50874,3,0.42726,0.30387,0.26888,0,0.14846,0.10235,0.15625,0.13682,0.019435,0.12438,0.0082335,0.03252,0,0.0013576,0.49358,0.20039,0.30602,418,0.52311,0.37204,0.10485,199,3.164,34,0.66102,0.38644,0.27458,0.41538,0.13024,0.43936,0,0.45763,0.29153,0.1661,0.36296,0,6.6802,47,0.44506,0.31711,0.12796,0.2875,0.042925,0.23196,0,0.32823,0.26565,0.062587,0.19068,0.013,8.4689,46,0.24658,0.20548,0.041096,0.16667,0.0023025,0.080183,0.04,0.19427,0.18182,0.012453,0.064103,0.453,53.87,193,0.15388,0.12409,0.02979,0.19359,0.014212,0.046935,0,0.10416,0.099443,0.004715,0.045267,0.385,94.173,0.00073218,0.00043178,2.0005,13.246,0.062674,13.03,False,,,,,,1.7895,True,0.011187,0.095652,0.10577,-0.00025059,0.023345,0.061,-0.0012713,-0.015015,0.085939,0.044424,0.20126,0.015116,0.096742,0.22373,0.12542,0.12239,0.057024,0.038605,0.012453,0.022075,0.0021432,sctrl0of2_armB_both_lora_b80_r8_lr0.0003_seed0_hq_ms400_pat4__eval30752,0.0033054,0.028261,0,0.0087922,0.039832,0.004319,0.027641,0.050847,0.076923,0.040678,0.088889,0.0055633,0.0125,0.0055633,0.016949,0.0024907,0.010101,0,0,0.0077154,0.050139,0.0025718,0.024691,-0.0053099,0.013134,0.482,-0.0075153,0.0075246,1,0.00078087,0.0176,0.036,-0.0025397,0.011145,0.223
s30752_armB_both_lora_b80_r8_lr0.0003_seed0_verbatim_hq_ms400_pat4,30752,B,both,lora,80,8,0.0003,0,verbatim,loss,/root/deep-learning-project/src/training/runs/s30752_armB_both_lora_b80_r8_lr0.0003_seed0_verbatim_hq_ms400_pat4,79.974,363,160,3.4783,0.24765,1.7391,152,45.723,0.11696,0.10959,0.0073735,0.063043,0.00052435,0.014359,0.027,0.045684,152,3933,0.067369,0.062297,0.084668,0.080092,0.0045767,0.054054,-0.0013118,0.010458,0.131,0.13575,106.36,135.68,ivrit-ai/whisper-large-v3,"greedy+loopguard(cr>3.0,ngram6)",0.46522,0.08913,0.44565,0,0.4826,0.092807,0.42459,0,0.64264,0.12312,0.23423,127,0.66032,0.12698,0.2127,116,320,72.184,0.63343,0.22073,0.19127,0.029462,0.13347,0.016943,0.043311,0,2.0594e-07,320,6483,0.34941,0.14186,0.50874,3,0.38548,0.16774,0.44677,0,0.14846,0.12338,0.15625,0.13636,0.019898,0.12734,0.010516,0.029945,0,8.0806e-06,0.49358,0.20039,0.30602,418,0.54072,0.23529,0.22398,356,3.164,34,0.66102,0.54915,0.11186,0.16923,0.052977,0.17871,0,0.45763,0.35254,0.10508,0.22963,0,6.6802,47,0.44506,0.363,0.082058,0.18437,0.001242,0.1764,0.05,0.32823,0.27677,0.05146,0.15678,0.088,8.4689,46,0.24658,0.2254,0.021171,0.085859,-0.0049403,0.05125,0.169,0.19427,0.18182,0.012453,0.064103,0.336,53.87,193,0.15388,0.13631,0.017574,0.11421,0.0082118,0.028306,0,0.10416,0.093228,0.01093,0.10494,0.002,106.36,0.00064325,0.00041771,1.7343,13.032,0.060619,14.468,False,,,,,,0.75862,True,0.006865,0.058696,0.11009,-0.00024822,0.014398,0.067,0.0040681,0.048048,0.0806,0.027611,0.12509,0.017276,0.11056,0.1322,0.098305,0.093185,0.058414,0.028643,0.013699,0.010716,0.0064295,sctrl0of2_armB_both_lora_b80_r8_lr0.0003_seed0_verbatim_hq_ms400_pat4__eval30752,0.00050852,0.0043478,0.00050852,0.001851,0.0083857,0.0026222,0.016782,-0.020339,-0.030769,0.0067797,0.014815,-0.011127,-0.025,-0.0069541,-0.021186,-0.007472,-0.030303,-0.0012453,-0.0064103,0.0068581,0.044568,0.0045006,0.04321,-0.0058382,0.00701,0.884,-0.0044319,0.0054699,0.869,-0.0071409,0.010386,0.71,-0.0036869,0.0088063,0.44
s30752_armB_both_lora_b80_r8_lr0.0003_seed1_hq_ms400_pat4,30752,B,both,lora,80,8,0.0003,1,protocol,loss,/root/deep-learning-project/src/training/runs/s30752_armB_both_lora_b80_r8_lr0.0003_seed1_hq_ms400_pat4,79.974,363,180,3.913,0.21361,2.1739,152,45.723,0.11696,0.10475,0.012204,0.10435,0.00051059,0.025959,0.046,0.024893,152,3933,0.067369,0.057323,0.084668,0.087465,-0.0027968,-0.033033,-0.011543,0.0052023,0.531,0.72335,117.53,145.86,ivrit-ai/whisper-large-v3,"greedy+loopguard(cr>3.0,ngram6)",0.46522,0.08913,0.44565,0,0.52184,0.20388,0.27427,0,0.64264,0.12312,0.23423,127,0.625,0.24419,0.13081,68,320,72.184,0.63343,0.22073,0.17137,0.04936,0.22362,0.032653,0.068914,0,8.6684e-09,320,6483,0.34941,0.14186,0.50874,3,0.43294,0.25923,0.30783,0,0.14846,0.10529,0.15625,0.1379,0.018356,0.11747,0.0069052,0.031806,0.003,0.0053261,0.49358,0.20039,0.30602,418,0.53803,0.32215,0.13982,217,3.164,34,0.66102,0.44746,0.21356,0.32308,0.09846,0.34109,0,0.45763,0.33559,0.12203,0.26667,0.003,6.6802,47,0.44506,0.3032,0.14186,0.31875,0.052629,0.24665,0,0.32823,0.25035,0.077886,0.23729,0.007,8.4689,46,0.24658,0.21046,0.036115,0.14646,-0.0040163,0.076474,0.089,0.19427,0.18431,0.0099626,0.051282,0.598,53.87,193,0.15388,0.12688,0.027004,0.17549,0.013452,0.042706,0,0.10416,0.10009,0.004072,0.039095,0.404,117.53,0.0010381,0.00042272,1.7863,13.126,0.060881,13.343,False,,,,,,1.9167,True,0.0099161,0.084783,0.10704,0.00053155,0.020688,0.042,0.00050852,0.006006,0.08416,0.038408,0.174,0.014808,0.094768,0.14915,0.081356,0.11405,0.057024,0.031133,0.0099626,0.021003,0.0049293,sctrl0of2_armB_both_lora_b80_r8_lr0.0003_seed1_hq_ms400_pat4__eval30752,0.0022883,0.019565,-0.0033054,0.010952,0.049616,0.0035477,0.022705,0.064407,0.097436,0.040678,0.088889,0.027816,0.0625,0.020862,0.063559,0.0049813,0.020202,0,0,0.0060009,0.038997,-0.00085727,-0.0082305,-0.0076638,0.012654,0.694,-0.012441,0.004568,0.453,0.0021882,0.019341,0.017,-0.0039292,0.010049,0.337
s30752_armB_both_lora_b80_r8_lr0.0003_seed2_hq_ms400_pat4,30752,B,both,lora,80,8,0.0003,2,protocol,loss,/root/deep-learning-project/src/training/runs/s30752_armB_both_lora_b80_r8_lr0.0003_seed2_hq_ms400_pat4,79.974,363,160,3.4783,0.21183,1.7391,152,45.723,0.11696,0.10348,0.013476,0.11522,0.0020117,0.026428,0.018,0.013873,152,3933,0.067369,0.055452,0.084668,0.087974,-0.0033054,-0.039039,-0.011059,0.0045343,0.439,0.59309,105.16,133.21,ivrit-ai/whisper-large-v3,"greedy+loopguard(cr>3.0,ngram6)",0.46522,0.08913,0.44565,0,0.51351,0.23342,0.25307,0,0.64264,0.12312,0.23423,127,0.60405,0.27457,0.12139,61,320,72.184,0.63343,0.22073,0.1689,0.051828,0.2348,0.034645,0.071461,0,4.7838e-09,320,6483,0.34941,0.14186,0.50874,3,0.43927,0.29406,0.26667,0,0.14846,0.10302,0.15625,0.1379,0.018356,0.11747,0.0068034,0.031211,0.004,0.010467,0.49358,0.20039,0.30602,418,0.53803,0.36018,0.10179,201,3.164,34,0.66102,0.4,0.26102,0.39487,0.12432,0.41936,0,0.45763,0.30169,0.15593,0.34074,0,6.6802,47,0.44506,0.31154,0.13352,0.3,0.043675,0.24337,0.001,0.32823,0.25869,0.069541,0.21186,0.021,8.4689,46,0.24658,0.2142,0.032379,0.13131,-0.0082952,0.073366,0.129,0.19427,0.18929,0.0049813,0.025641,0.794,53.87,193,0.15388,0.12452,0.029361,0.19081,0.015422,0.045002,0,0.10416,0.10009,0.004072,0.039095,0.406,105.16,0.00067091,0.00046015,1.7833,13.086,0.059413,13.116,False,,,,,,1.9245,True,0.0040681,0.034783,0.11289,-0.0073203,0.015252,0.499,-0.0043224,-0.051051,0.088991,0.040259,0.18239,0.013574,0.086871,0.22712,0.12542,0.11822,0.057024,0.039851,0.016189,0.016502,-0.00064295,sctrl0of2_armB_both_lora_b80_r8_lr0.0003_seed2_hq_ms400_pat4__eval30752,0.0094076,0.080435,0.001017,0.011569,0.052411,0.0047817,0.030602,0.033898,0.051282,0.030508,0.066667,0.015299,0.034375,0.012517,0.038136,-0.007472,-0.030303,-0.011208,-0.057692,0.012859,0.083565,0.004715,0.045267,0.0017492,0.018592,0.023,-0.0056585,0.0082657,0.806,0.0035888,0.020069,0.006,-0.0029698,0.012689,0.235
s30777_armB_both_lora_b20_r8_lr0.0003_seed0_hq_ms400_pat4,30777,B,both,lora,20,8,0.0003,0,protocol,loss,/root/deep-learning-project/src/training/runs/s30777_armB_both_lora_b20_r8_lr0.0003_seed0_hq_ms400_pat4,19.716,64,120,15,0.20565,5,156,49.036,0.12797,0.11641,0.011562,0.090354,0.0011214,0.0214,0.033,0.0032642,156,6400,0.076265,0.068331,0.0825,0.087344,-0.0048437,-0.058712,-0.014939,0.0038913,0.313,0.59061,84.64,126.62,ivrit-ai/whisper-large-v3,"greedy+loopguard(cr>3.0,ngram6)",0.48107,0.080586,0.43834,0,0.49262,0.19597,0.31141,0,0.74621,0.125,0.12879,291,0.65653,0.26118,0.08229,186,359,85.059,0.57649,0.19403,0.17465,0.019385,0.099907,0.010743,0.028206,0,1.8101e-06,359,11091,0.41264,0.11803,0.46933,0,0.43676,0.2127,0.35054,0,0.12455,0.11048,0.1247,0.12857,-0.003877,-0.031092,-0.011241,0.0034263,0.3,0.39247,0.64208,0.18366,0.17426,769,0.59327,0.28892,0.11781,511,2.2483,27,0.49536,0.39009,0.10526,0.2125,0.034182,0.19185,0.005,0.37771,0.30341,0.074303,0.19672,0.05,7.0818,55,0.44903,0.37686,0.072165,0.16071,0.025932,0.1268,0.004,0.26002,0.25659,0.0034364,0.013216,0.898,12.41,59,0.26037,0.24569,0.014678,0.056373,-0.010669,0.042634,0.248,0.16465,0.17422,-0.0095724,-0.05814,0.41,63.319,218,0.14313,0.13172,0.011407,0.079698,0.0026567,0.019353,0.014,0.09318,0.099784,-0.0066042,-0.070876,0.067,84.64,0.00074005,0.00050974,1.7404,17.868,0.080988,22.25,False,,,,,,1.7162,True,0.012188,0.095238,0.11578,0.0044647,0.020273,0.005,-0.0015625,-0.018939,0.084062,0.020016,0.10316,-0.00036065,-0.0028923,0.10526,0.043344,0.034364,-0.0045819,0.03127,0.0051053,0.013088,-0.0026417,sctrl0of2_armB_both_lora_b20_r8_lr0.0003_seed0_hq_ms400_pat4__eval30777,-0.000625,-0.004884,-0.0032812,-0.00063114,-0.0032528,-0.0035164,-0.0282,0,0,0.03096,0.081967,0.037801,0.084184,0.0080183,0.030837,-0.016592,-0.063725,-0.014678,-0.089147,-0.0016811,-0.011745,-0.0039625,-0.042526,-0.0079366,0.0058314,0.957,-0.010957,0.0030108,0.392,-0.0071635,0.0058653,0.877,-0.0093947,0.0019137,0.222
s30777_armB_both_lora_b5_r8_lr0.0001_seed0_hq_ms400_pat4,30777,B,both,lora,5,8,0.0001,0,protocol,loss,/root/deep-learning-project/src/training/runs/s30777_armB_both_lora_b5_r8_lr0.0001_seed0_hq_ms400_pat4,4.8637,14,140,70,0.23573,30,156,49.036,0.12797,0.12,0.0079688,0.062271,-3.7247e-06,0.016168,0.056,0.079459,156,6400,0.076265,0.069561,0.0825,0.090156,-0.0076562,-0.092803,-0.015206,-0.00065265,0.038,0.0732,96.404,246.23,ivrit-ai/whisper-large-v3,"greedy+loopguard(cr>3.0,ngram6)",0.48107,0.080586,0.43834,0,0.50781,0.16276,0.32943,0,0.74621,0.125,0.12879,291,0.67591,0.21664,0.10745,191,359,85.059,0.57649,0.19403,0.18592,0.0081147,0.041822,0.00078902,0.015738,0.03,0.049209,359,11091,0.41264,0.11803,0.46933,0,0.44471,0.18623,0.36906,0,0.12455,0.11659,0.1247,0.13588,-0.01118,-0.08966,-0.017344,-0.0047658,0.001,0.0018813,0.64208,0.18366,0.17426,769,0.60849,0.25481,0.1367,555,2.2483,27,0.49536,0.4613,0.034056,0.06875,0.0026796,0.068598,0.049,0.37771,0.37152,0.006192,0.016393,0.794,7.0818,55,0.44903,0.41466,0.034364,0.076531,-0.004121,0.080603,0.102,0.26002,0.26231,-0.002291,-0.0088106,0.908,12.41,59,0.26037,0.2642,-0.003829,-0.014706,-0.029242,0.024158,0.818,0.16465,0.18953,-0.024888,-0.15116,0.036,63.319,218,0.14313,0.13653,0.0066042,0.046141,-0.00061986,0.013941,0.085,0.09318,0.10339,-0.010207,-0.10954,0.003,96.404,0.00075746,19.554,2.0237,17.882,0.10308,110.25,False,,,,,,2.0784,True,0.006875,0.053724,0.12109,-0.0034916,0.015522,0.186,-0.0026563,-0.032197,0.085156,0.012352,0.063662,-0.0025246,-0.020246,0.055728,-0.003096,0.029782,0.0068729,0.01404,-0.0076579,0.0085255,-0.0025216,sctrl0of2_armB_both_lora_b5_r8_lr0.0001_seed0_hq_ms400_pat4__eval30777,0.0010938,0.008547,-0.005,-0.0042377,-0.02184,-0.0086557,-0.069414,-0.021672,-0.04375,0.0092879,0.02459,0.0045819,0.010204,-0.0091638,-0.035242,-0.017869,-0.068627,-0.01723,-0.10465,-0.0019212,-0.013423,-0.0076849,-0.082474,-0.0075386,0.011456,0.9,-0.013402,0.0053094,0.302,-0.010932,0.0031814,0.228,-0.014714,-0.0016676,0.014
s30777_armB_both_lora_b80_r8_lr0.0003_seed0_hq_ms400_pat4,30777,B,both,lora,80,8,0.0003,0,protocol,loss,/root/deep-learning-project/src/training/runs/s30777_armB_both_lora_b80_r8_lr0.0003_seed0_hq_ms400_pat4,79.937,266,140,4.1176,0.18437,1.7647,156,49.036,0.12797,0.11328,0.014687,0.11477,0.0072994,0.022392,0,0.0010844,156,6400,0.076265,0.065625,0.0825,0.08375,-0.00125,-0.015152,-0.0081159,0.0052478,0.714,0.795,95.596,137.71,ivrit-ai/whisper-large-v3,"greedy+loopguard(cr>3.0,ngram6)",0.48107,0.080586,0.43834,0,0.51172,0.16552,0.32276,0,0.74621,0.125,0.12879,291,0.69216,0.22388,0.083955,189,359,85.059,0.57649,0.19403,0.17032,0.023713,0.12221,0.016075,0.03197,0,2.8721e-08,359,11091,0.41264,0.11803,0.46933,0,0.45315,0.19217,0.35469,0,0.12455,0.10705,0.1247,0.12388,0.00081147,0.0065076,-0.005715,0.0068178,0.822,0.86718,0.64208,0.18366,0.17426,769,0.623,0.26419,0.11281,515,2.2483,27,0.49536,0.41486,0.080495,0.1625,0.014051,0.16295,0.019,0.37771,0.32198,0.055728,0.14754,0.104,7.0818,55,0.44903,0.38603,0.063001,0.14031,0.011095,0.12173,0.019,0.26002,0.25773,0.002291,0.0088106,0.959,12.41,59,0.26037,0.2291,0.03127,0.1201,0.0088398,0.059942,0.003,0.16465,0.16209,0.0025526,0.015504,0.867,63.319,218,0.14313,0.12716,0.01597,0.11158,0.0090888,0.022817,0,0.09318,0.094981,-0.0018012,-0.01933,0.543,95.596,0.00071311,0.00047898,1.7273,17.957,0.083384,22.327,False,,,,,,1.3298,True,0.011562,0.090354,0.11641,0.0034288,0.019645,0.005,-0.0025,-0.030303,0.085,0.023442,0.12082,-0.00090163,-0.0072307,0.11146,0.080495,0.085911,0,0.023612,-0.0051053,0.013449,-0.0033622,sctrl0of2_armB_both_lora_b80_r8_lr0.0003_seed0_hq_ms400_pat4__eval30777,0.003125,0.02442,0.00125,0.00027049,0.0013941,0.0017131,0.013738,-0.03096,-0.0625,-0.024768,-0.065574,-0.02291,-0.05102,0.002291,0.0088106,0.0076579,0.029412,0.0076579,0.046512,0.0025216,0.017617,0.001561,0.016753,-0.0023127,0.0088334,0.289,-0.0043877,0.0073892,0.728,-0.0058615,0.0056133,0.96,-0.0029416,0.006334,0.544
s30777_armB_both_lora_b80_r8_lr0.0003_seed0_verbatim_hq_ms400_pat4,30777,B,both,lora,80,8,0.0003,0,verbatim,loss,/root/deep-learning-project/src/training/runs/s30777_armB_both_lora_b80_r8_lr0.0003_seed0_verbatim_hq_ms400_pat4,79.937,266,140,4.1176,0.21051,1.7647,156,49.036,0.12797,0.12172,0.00625,0.04884,0.00077672,0.012484,0.031,0.10085,156,6400,0.076265,0.071191,0.0825,0.080625,0.001875,0.022727,-0.0035123,0.0076616,0.528,0.64689,95.646,139.24,ivrit-ai/whisper-large-v3,"greedy+loopguard(cr>3.0,ngram6)",0.48107,0.080586,0.43834,0,0.49679,0.079589,0.42362,0,0.74621,0.125,0.12879,291,0.75,0.12016,0.12984,263,359,85.059,0.57649,0.19403,0.18438,0.0096475,0.049721,0.0038091,0.015187,0,0.00076795,359,11091,0.41264,0.11803,0.46933,0,0.42249,0.11589,0.46161,0,0.12455,0.11716,0.1247,0.11965,0.0050491,0.040492,0,0.0098812,0.051,0.044202,0.64208,0.18366,0.17426,769,0.65109,0.1786,0.17031,718,2.2483,27,0.49536,0.43344,0.06192,0.125,0.013695,0.13565,0.011,0.37771,0.31889,0.058824,0.15574,0.005,7.0818,55,0.44903,0.42383,0.0252,0.056122,-0.0081706,0.054417,0.151,0.26002,0.24857,0.011455,0.044053,0.349,12.41,59,0.26037,0.25016,0.010211,0.039216,-0.0049725,0.02625,0.196,0.16465,0.15188,0.012763,0.077519,0.066,63.319,218,0.14313,0.13725,0.0058838,0.041107,0.00059926,0.011401,0.036,0.09318,0.092339,0.00084054,0.0090206,0.73,95.646,0.0007844,0.00051332,1.8796,18.376,0.083126,23.229,False,,,,,,0.725,True,0.00875,0.068376,0.11922,0.0029554,0.014618,0.002,0.00375,0.045455,0.07875,0.012623,0.065056,0.0035164,0.0282,0.034056,0.03096,0.04811,-0.0034364,0.0082961,0.0031908,0.0088857,0.0032421,sctrl0of2_armB_both_lora_b80_r8_lr0.0003_seed0_verbatim_hq_ms400_pat4__eval30777,-0.0025,-0.019536,-0.001875,-0.0029754,-0.015335,0.0015328,0.012292,0.027864,0.05625,0.027864,0.07377,-0.02291,-0.05102,0.014891,0.057269,0.0019145,0.0073529,0.0095724,0.05814,-0.0030019,-0.020973,-0.0024015,-0.025773,-0.0064894,0.0015758,0.254,-0.0054539,0.0018573,0.344,-0.0076675,0.0016284,0.201,-0.001968,0.0053153,0.43
s30777_armB_both_lora_b80_r8_lr0.0003_seed1_hq_ms400_pat4,30777,B,both,lora,80,8,0.0003,1,protocol,loss,/root/deep-learning-project/src/training/runs/s30777_armB_both_lora_b80_r8_lr0.0003_seed1_hq_ms400_pat4,79.937,266,140,4.1176,0.1828,1.7647,156,49.036,0.12797,0.11297,0.015,0.11722,0.0072655,0.022642,0,0.00051853,156,6400,0.076265,0.064272,0.0825,0.081406,0.0010938,0.013258,-0.0055202,0.0075967,0.772,0.51545,95.739,137.76,ivrit-ai/whisper-large-v3,"greedy+loopguard(cr>3.0,ngram6)",0.48107,0.080586,0.43834,0,0.52282,0.1314,0.34578,0,0.74621,0.125,0.12879,291,0.72553,0.18234,0.092131,202,359,85.059,0.57649,0.19403,0.17104,0.022992,0.11849,0.015428,0.030627,0,1.1943e-08,359,11091,0.41264,0.11803,0.46933,0,0.45967,0.16921,0.37111,0,0.12455,0.10633,0.1247,0.12343,0.0012623,0.010123,-0.0046133,0.0068609,0.677,0.56994,0.64208,0.18366,0.17426,769,0.63696,0.23448,0.12856,528,2.2483,27,0.49536,0.42724,0.068111,0.1375,0.0036486,0.13739,0.045,0.37771,0.33746,0.040248,0.10656,0.233,7.0818,55,0.44903,0.3677,0.081329,0.18112,0.036233,0.13626,0.001,0.26002,0.25315,0.0068729,0.026432,0.664,12.41,59,0.26037,0.23548,0.024888,0.095588,0.003743,0.052353,0.02,0.16465,0.16401,0.00063816,0.003876,0.99,63.319,218,0.14313,0.12836,0.014769,0.10319,0.0080697,0.02135,0,0.09318,0.0939,-0.00072046,-0.007732,0.812,95.739,0.00073552,0.00050974,1.7497,17.969,0.083192,22.206,False,,,,,,1.1354,True,0.0092187,0.072039,0.11875,0.0019674,0.016368,0.011,-0.00125,-0.015152,0.08375,0.018844,0.097119,0.0018934,0.015184,0.10217,0.089783,0.061856,0.0045819,0.022974,0.0012763,0.010327,-0.0016811,sctrl0of2_armB_both_lora_b80_r8_lr0.0003_seed1_hq_ms400_pat4__eval30777,0.0057812,0.045177,0.0023437,0.0041475,0.021375,-0.00063114,-0.0050615,-0.034056,-0.06875,-0.049536,-0.13115,0.019473,0.043367,0.002291,0.0088106,0.0019145,0.0073529,-0.00063816,-0.003876,0.0044428,0.03104,0.00096061,0.010309,-0.00032666,0.011837,0.075,-0.0035599,0.0083753,0.467,-0.0016338,0.0093247,0.166,-0.0056215,0.0037778,0.781
s30777_armB_both_lora_b80_r8_lr0.0003_seed2_hq_ms400_pat4,30777,B,both,lora,80,8,0.0003,2,protocol,loss,/root/deep-learning-project/src/training/runs/s30777_armB_both_lora_b80_r8_lr0.0003_seed2_hq_ms400_pat4,79.937,266,160,4.7059,0.18241,2.3529,156,49.036,0.12797,0.11406,0.013906,0.10867,0.0061431,0.02132,0.001,0.00057283,156,6400,0.076265,0.066332,0.0825,0.084687,-0.0021875,-0.026515,-0.0095392,0.0041094,0.505,0.82191,108.78,151.27,ivrit-ai/whisper-large-v3,"greedy+loopguard(cr>3.0,ngram6)",0.48107,0.080586,0.43834,0,0.50959,0.16438,0.32603,0,0.74621,0.125,0.12879,291,0.68635,0.2214,0.092251,188,359,85.059,0.57649,0.19403,0.17185,0.02218,0.11431,0.014593,0.030427,0,4.0211e-07,359,11091,0.41264,0.11803,0.46933,0,0.45278,0.19203,0.35519,0,0.12455,0.10777,0.1247,0.12614,-0.0014426,-0.011569,-0.0078091,0.0049025,0.652,0.58329,0.64208,0.18366,0.17426,769,0.61687,0.26162,0.12152,507,2.2483,27,0.49536,0.42724,0.068111,0.1375,-0.0060725,0.15686,0.086,0.37771,0.33437,0.043344,0.11475,0.262,7.0818,55,0.44903,0.36426,0.084765,0.18878,0.035191,0.14181,0,0.26002,0.24399,0.016037,0.061674,0.38,12.41,59,0.26037,0.24123,0.019145,0.073529,-0.0057809,0.050862,0.15,0.16465,0.17549,-0.010849,-0.065891,0.399,63.319,218,0.14313,0.12872,0.014409,0.10067,0.0076362,0.021372,0,0.09318,0.096422,-0.0032421,-0.034794,0.287,108.78,0.00074124,0.00051904,1.73,18.204,0.08325,22.452,False,,,,,,1.3596,True,0.014375,0.11233,0.11359,0.006616,0.02226,0,0.0032812,0.039773,0.079219,0.024615,0.12686,0.0073934,0.059291,0.11146,0.095975,0.066438,0.0080183,0.032546,0.010211,0.01537,0.0033622,sctrl1of2_armB_both_lora_b80_r8_lr0.0003_seed2_hq_ms400_pat4__eval30777,-0.00046875,-0.003663,-0.0054687,-0.0024344,-0.012546,-0.008836,-0.07086,-0.043344,-0.0875,-0.052632,-0.13934,0.018328,0.040816,0.0080183,0.030837,-0.013401,-0.051471,-0.021059,-0.12791,-0.00096061,-0.0067114,-0.0066042,-0.070876,-0.006436,0.0053485,0.871,-0.011238,0,0.053,-0.0089232,0.0034515,0.424,-0.013651,-0.0040463,0
s30813_armB_both_lora_b20_r8_lr0.0003_seed0_hq_ms400_pat4,30813,B,both,lora,20,8,0.0003,0,protocol,loss,/root/deep-learning-project/src/training/runs/s30813_armB_both_lora_b20_r8_lr0.0003_seed0_hq_ms400_pat4,19.959,77,120,12,0.22706,4,208,57.176,0.10397,0.11115,-0.0071759,-0.069018,-0.016047,0.0013839,0.106,0.14208,208,6271,0.054248,0.060331,0.074629,0.093287,-0.018657,-0.25,-0.027036,-0.010411,0,4.6309e-05,84.635,130.65,ivrit-ai/whisper-large-v3,"greedy+loopguard(cr>3.0,ngram6)",0.51687,0.10276,0.38037,0,0.49785,0.27977,0.22238,0,0.72009,0.14316,0.13675,184,0.59316,0.33333,0.073504,112,441,98.553,0.58015,0.17192,0.17173,0.00018758,0.0010911,-0.0091984,0.010604,0.987,0.49722,441,10662,0.42008,0.12384,0.45608,2,0.44184,0.25669,0.30147,1,0.10744,0.10505,0.11555,0.13459,-0.01904,-0.16477,-0.027512,-0.0097656,0.001,1.8642e-07,0.625,0.18425,0.19075,601,0.56376,0.32753,0.10871,396,3.6174,34,0.59621,0.39117,0.20505,0.34392,0.056592,0.49191,0,0.33754,0.2082,0.12934,0.38318,0.018,10.949,69,0.31097,0.29918,0.011786,0.037901,-0.019522,0.043855,0.503,0.1922,0.22665,-0.034451,-0.17925,0.018,15.504,79,0.23036,0.23509,-0.0047253,-0.020513,-0.027383,0.02096,0.709,0.16125,0.18606,-0.024808,-0.15385,0.053,68.482,259,0.12068,0.12969,-0.0090078,-0.074643,-0.017255,-0.00082321,0.034,0.084779,0.1065,-0.021725,-0.25625,0,84.635,0.00075364,0.0005374,1.7213,22.923,0.084359,21.277,False,,,,,,-2.0667,False,-0.0074948,-0.072086,0.11147,-0.017635,0.0017455,0.112,-0.019614,-0.26282,0.094243,0.0039392,0.022913,-0.017914,-0.15503,0.1735,0.10726,0.029012,-0.022665,0.017129,-0.017129,-0.0098026,-0.022652,sctrl0of2_armB_both_lora_b20_r8_lr0.0003_seed0_hq_ms400_pat4__eval30813,0.00031893,0.0030675,0.00095679,-0.0037516,-0.021822,-0.0011255,-0.0097403,0.031546,0.05291,0.022082,0.065421,-0.017226,-0.055394,-0.011786,-0.061321,-0.021855,-0.094872,-0.0076787,-0.047619,0.00079481,0.0065862,0.00092728,0.010937,-0.0072889,0.0078952,0.912,-0.0061627,0.0083729,0.801,-0.010528,0.0026049,0.277,-0.0070317,0.0045939,0.73
s30813_armB_both_lora_b5_r8_lr0.0001_seed0_hq_ms400_pat4,30813,B,both,lora,5,8,0.0001,0,protocol,loss,/root/deep-learning-project/src/training/runs/s30813_armB_both_lora_b5_r8_lr0.0001_seed0_hq_ms400_pat4,4.7115,23,160,53.333,0.2351,26.667,208,57.176,0.10397,0.11864,-0.014671,-0.1411,-0.024043,-0.0060538,0,0.0089272,208,6271,0.054248,0.06503,0.074629,0.10046,-0.025833,-0.34615,-0.034489,-0.017549,0,3.2366e-08,113.2,277.8,ivrit-ai/whisper-large-v3,"greedy+loopguard(cr>3.0,ngram6)",0.51687,0.10276,0.38037,0,0.47446,0.31317,0.21237,0,0.72009,0.14316,0.13675,184,0.56032,0.36984,0.069841,114,441,98.553,0.58015,0.17192,0.17877,-0.0068467,-0.039825,-0.016553,0.0033635,0.168,0.038762,441,10662,0.42008,0.12384,0.45608,2,0.42865,0.27807,0.29328,2,0.10744,0.11057,0.11555,0.14106,-0.025511,-0.22078,-0.033615,-0.016536,0,5.1675e-11,0.625,0.18425,0.19075,601,0.54322,0.35239,0.10439,402,3.6174,34,0.59621,0.42271,0.1735,0.29101,0.029516,0.42312,0.009,0.33754,0.2429,0.094637,0.28037,0.144,10.949,69,0.31097,0.30553,0.0054397,0.017493,-0.029468,0.038571,0.823,0.1922,0.22756,-0.035358,-0.18396,0.007,15.504,79,0.23036,0.23804,-0.0076787,-0.033333,-0.031274,0.019953,0.574,0.16125,0.19492,-0.033668,-0.20879,0.014,68.482,259,0.12068,0.13671,-0.016029,-0.13282,-0.024884,-0.0077088,0,0.084779,0.11207,-0.027288,-0.32188,0,113.2,0.00076962,24.568,2.0146,23.154,0.083881,114.76,False,,,,,,-0.97826,False,-0.004465,-0.042945,0.10844,-0.012774,0.0038958,0.297,-0.013873,-0.1859,0.088503,0.0015944,0.0092744,-0.0136,-0.11769,0.091483,0.037855,0.0045331,-0.029012,0.019492,-0.001772,-0.0066234,-0.016161,sctrl0of2_armB_both_lora_b5_r8_lr0.0001_seed0_hq_ms400_pat4__eval30813,-0.010206,-0.09816,-0.01196,-0.0084412,-0.0491,-0.011911,-0.10308,0.082019,0.13757,0.056782,0.16822,0.00090662,0.0029155,-0.0063463,-0.033019,-0.027171,-0.11795,-0.031896,-0.1978,-0.0094052,-0.077936,-0.011127,-0.13125,-0.018583,-0.0021618,0.013,-0.019931,-0.0038472,0.003,-0.016598,-0.0010823,0.028,-0.02009,-0.0046931,0.001
s30813_armB_both_lora_b80_r8_lr0.0003_seed0_hq_ms400_pat4,30813,B,both,lora,80,8,0.0003,0,protocol,loss,/root/deep-learning-project/src/training/runs/s30813_armB_both_lora_b80_r8_lr0.0003_seed0_hq_ms400_pat4,79.77,296,160,4.3243,0.21516,2.1622,208,57.176,0.10397,0.10397,0,0,-0.009685,0.0091409,0.983,0.75254,208,6271,0.054248,0.053849,0.074629,0.0893,-0.014671,-0.19658,-0.023545,-0.0063468,0.001,0.006559,111.94,157.59,ivrit-ai/whisper-large-v3,"greedy+loopguard(cr>3.0,ngram6)",0.51687,0.10276,0.38037,0,0.54141,0.26227,0.19632,0,0.72009,0.14316,0.13675,184,0.63036,0.30536,0.064286,92,441,98.553,0.58015,0.17192,0.16123,0.010692,0.062193,0.00072864,0.020574,0.038,0.064105,441,10662,0.42008,0.12384,0.45608,2,0.45957,0.27341,0.26702,1,0.10744,0.097775,0.11555,0.13037,-0.014819,-0.12825,-0.023042,-0.0067407,0,0.00031783,0.625,0.18425,0.19075,601,0.56835,0.33813,0.093525,329,3.6174,34,0.59621,0.43849,0.15773,0.26455,0.052322,0.33689,0,0.33754,0.25868,0.078864,0.23364,0.118,10.949,69,0.31097,0.26111,0.049864,0.16035,0.017869,0.085868,0,0.1922,0.20671,-0.014506,-0.075472,0.27,15.504,79,0.23036,0.21087,0.019492,0.084615,-0.01012,0.056819,0.238,0.16125,0.17484,-0.013585,-0.084249,0.306,68.482,259,0.12068,0.12386,-0.0031792,-0.026345,-0.012072,0.006047,0.52,0.084779,0.10385,-0.019075,-0.225,0,111.94,0.00077152,0.00055814,1.7576,22.738,0.084449,21.05,False,,,,,,,False,-0.010525,-0.10123,0.1145,-0.021761,0.00045367,0.062,-0.024717,-0.3312,0.099346,0.0029075,0.016912,-0.025042,-0.21672,0.20189,0.10726,0.037171,-0.029012,0.019492,-0.023036,-0.014174,-0.030468,sctrl0of2_armB_both_lora_b80_r8_lr0.0003_seed0_hq_ms400_pat4__eval30813,0.010525,0.10123,0.010046,0.0077847,0.045281,0.010223,0.088474,-0.044164,-0.074074,-0.028391,-0.084112,0.012693,0.040816,0.014506,0.075472,0,0,0.0094507,0.058608,0.010995,0.091109,0.011392,0.13437,0.0022355,0.019306,0.008,0.0017551,0.018928,0.013,0.00038316,0.01527,0.041,0.003308,0.017325,0.004
s30813_armB_both_lora_b80_r8_lr0.0003_seed0_verbatim_hq_ms400_pat4,30813,B,both,lora,80,8,0.0003,0,verbatim,loss,/root/deep-learning-project/src/training/runs/s30813_armB_both_lora_b80_r8_lr0.0003_seed0_verbatim_hq_ms400_pat4,79.77,296,160,4.3243,0.25335,2.1622,208,57.176,0.10397,0.097273,0.0066975,0.064417,0.0010861,0.012378,0.02,0.030086,208,6271,0.054248,0.049548,0.074629,0.071121,0.0035082,0.047009,-0.0015849,0.0086755,0.177,0.20431,111.99,158.85,ivrit-ai/whisper-large-v3,"greedy+loopguard(cr>3.0,ngram6)",0.51687,0.10276,0.38037,0,0.53607,0.1,0.36393,0,0.72009,0.14316,0.13675,184,0.73318,0.13677,0.13004,164,441,98.553,0.58015,0.17192,0.15954,0.01238,0.072013,0.0055084,0.021254,0.002,0.0015505,441,10662,0.42008,0.12384,0.45608,2,0.45561,0.12111,0.42328,1,0.10744,0.096486,0.11555,0.10842,0.0071281,0.061688,0.0010273,0.014861,0.02,0.11214,0.625,0.18425,0.19075,601,0.67042,0.1782,0.15138,545,3.6174,34,0.59621,0.43849,0.15773,0.26455,0.025817,0.41817,0.01,0.33754,0.2082,0.12934,0.38318,0.014,10.949,69,0.31097,0.28468,0.026292,0.084548,0.0040827,0.049343,0.026,0.1922,0.18223,0.0099728,0.051887,0.249,15.504,79,0.23036,0.22091,0.0094507,0.041026,-0.0089345,0.030263,0.336,0.16125,0.15298,0.0082693,0.051282,0.366,68.482,259,0.12068,0.11578,0.0049013,0.040615,0.00013382,0.0099556,0.047,0.084779,0.083455,0.0013247,0.015625,0.57,111.99,0.00079489,0.00053787,1.7769,23.059,0.082961,21.917,False,,,,,,0.61905,True,0.0041461,0.039877,0.099825,-0.0020026,0.010578,0.201,-0.0015946,-0.021368,0.076224,0.008535,0.049645,0,0,0.13249,0.1041,0.034451,0.0072529,0.0041347,-0.001772,0.00052987,-0.0050338,sctrl0of2_armB_both_lora_b80_r8_lr0.0003_seed0_verbatim_hq_ms400_pat4__eval30813,0.0025514,0.02454,0.0051029,0.0038454,0.022368,0.0071281,0.061688,0.025237,0.042328,0.025237,0.074766,-0.0081596,-0.026239,0.0027199,0.014151,0.005316,0.023077,0.010041,0.062271,0.0043714,0.036224,0.0063585,0.075,-0.0023878,0.0075651,0.323,0.0006329,0.0095507,0.032,-0.00066302,0.0089857,0.108,0.0030673,0.011651,0
s30813_armB_both_lora_b80_r8_lr0.0003_seed1_hq_ms400_pat4,30813,B,both,lora,80,8,0.0003,1,protocol,loss,/root/deep-learning-project/src/training/runs/s30813_armB_both_lora_b80_r8_lr0.0003_seed1_hq_ms400_pat4,79.77,296,160,4.3243,0.21848,2.1622,208,57.176,0.10397,0.1003,0.0036677,0.035276,-0.0053928,0.012843,0.416,0.29443,208,6271,0.054248,0.05219,0.074629,0.083719,-0.0090895,-0.12179,-0.017624,-0.00082277,0.033,0.16668,111.86,158.73,ivrit-ai/whisper-large-v3,"greedy+loopguard(cr>3.0,ngram6)",0.51687,0.10276,0.38037,0,0.52146,0.24483,0.2337,0,0.72009,0.14316,0.13675,184,0.62476,0.29333,0.081905,104,441,98.553,0.58015,0.17192,0.16001,0.011911,0.069285,0.0022337,0.021963,0.012,0.024359,441,10662,0.42008,0.12384,0.45608,2,0.45252,0.24209,0.30539,1,0.10744,0.096578,0.11555,0.12446,-0.0089101,-0.07711,-0.017115,-0.00057658,0.035,0.040714,0.625,0.18425,0.19075,601,0.58176,0.31123,0.10701,379,3.6174,34,0.59621,0.42902,0.16719,0.28042,0.05102,0.38689,0,0.33754,0.23344,0.1041,0.30841,0.042,10.949,69,0.31097,0.25839,0.052584,0.1691,0.023496,0.085346,0,0.1922,0.19674,-0.0045331,-0.023585,0.723,15.504,79,0.23036,0.21618,0.014176,0.061538,-0.010996,0.04527,0.326,0.16125,0.16775,-0.0064973,-0.040293,0.625,68.482,259,0.12068,0.12174,-0.0010597,-0.0087816,-0.009867,0.008009,0.847,0.084779,0.099616,-0.014836,-0.175,0,111.86,0.0007863,0.00055647,1.8748,22.939,0.08419,21.961,False,,,,,,4.3913,True,-0.0081327,-0.078221,0.1121,-0.018497,0.0018321,0.12,-0.021528,-0.28846,0.096157,0.0024386,0.014184,-0.023073,-0.19968,0.20505,0.12303,0.035358,-0.024479,0.0041347,-0.028352,-0.01126,-0.027818,sctrl1of2_armB_both_lora_b80_r8_lr0.0003_seed1_hq_ms400_pat4__eval30813,0.0118,0.1135,0.012438,0.0094729,0.055101,0.014162,0.12256,-0.037855,-0.063492,-0.018927,-0.056075,0.017226,0.055394,0.019946,0.10377,0.010041,0.04359,0.021855,0.13553,0.0102,0.084523,0.012982,0.15312,0.0043423,0.020114,0.001,0.0050942,0.020612,0.001,0.0022582,0.016319,0.006,0.0077494,0.020601,0
s30813_armB_both_lora_b80_r8_lr0.0003_seed2_hq_ms400_pat4,30813,B,both,lora,80,8,0.0003,2,protocol,loss,/root/deep-learning-project/src/training/runs/s30813_armB_both_lora_b80_r8_lr0.0003_seed2_hq_ms400_pat4,79.77,296,160,4.3243,0.21937,2.1622,208,57.176,0.10397,0.09807,0.0059002,0.056748,-0.0034796,0.0152,0.207,0.14705,208,6271,0.054248,0.049948,0.074629,0.081646,-0.0070164,-0.094017,-0.015734,0.0008403,0.087,0.21062,112.77,159.58,ivrit-ai/whisper-large-v3,"greedy+loopguard(cr>3.0,ngram6)",0.51687,0.10276,0.38037,0,0.53008,0.23089,0.23902,0,0.72009,0.14316,0.13675,184,0.63672,0.27734,0.085938,103,441,98.553,0.58015,0.17192,0.15907,0.012849,0.074741,0.003732,0.021975,0.005,0.014446,441,10662,0.42008,0.12384,0.45608,2,0.4546,0.23231,0.31309,1,0.10744,0.095566,0.11555,0.12287,-0.0073157,-0.063312,-0.015022,0.00055876,0.064,0.088016,0.625,0.18425,0.19075,601,0.58855,0.30076,0.11069,386,3.6174,34,0.59621,0.45426,0.14196,0.2381,0.038805,0.31989,0.001,0.33754,0.25552,0.082019,0.24299,0.069,10.949,69,0.31097,0.26383,0.047144,0.1516,0.0151,0.083858,0.001,0.1922,0.19764,-0.0054397,-0.028302,0.683,15.504,79,0.23036,0.21559,0.014767,0.064103,-0.011906,0.04646,0.306,0.16125,0.16598,-0.0047253,-0.029304,0.746,68.482,259,0.12068,0.11869,0.001987,0.016465,-0.006455,0.011192,0.657,0.084779,0.096702,-0.011922,-0.14062,0.001,112.77,0.00077295,0.00056148,1.8091,23.285,0.084286,21.605,False,,,,,,2.7297,True,-0.0049434,-0.047546,0.10891,-0.013769,0.004713,0.313,-0.017222,-0.23077,0.091851,0.00028137,0.0016367,-0.021291,-0.18425,0.13249,0.069401,0.019039,-0.035358,0.0023627,-0.023627,-0.0084779,-0.02252,sctrl1of2_armB_both_lora_b80_r8_lr0.0003_seed2_hq_ms400_pat4__eval30813,0.010844,0.10429,0.010206,0.012568,0.073104,0.013975,0.12094,0.0094637,0.015873,0.012618,0.037383,0.028105,0.090379,0.029918,0.15566,0.012404,0.053846,0.018901,0.11722,0.010465,0.086718,0.010597,0.125,0.003189,0.018983,0.003,0.0026343,0.018052,0.009,0.006521,0.018944,0,0.0083509,0.020145,0
s30831_armB_both_lora_b20_r8_lr0.0003_seed0_hq_ms400_pat4,30831,B,both,lora,20,8,0.0003,0,protocol,loss,/root/deep-learning-project/src/training/runs/s30831_armB_both_lora_b20_r8_lr0.0003_seed0_hq_ms400_pat4,19.986,66,120,13.333,0.20105,4.4444,173,50.1,0.14165,0.12948,0.01217,0.085919,0.0066736,0.01834,0,7.7452e-05,173,5916,0.097415,0.087768,0.070656,0.069304,0.0013523,0.019139,-0.0026851,0.0053452,0.511,0.49247,82.671,127.1,ivrit-ai/whisper-large-v3,"greedy+loopguard(cr>3.0,ngram6)",0.33174,0.087112,0.58115,1,0.34073,0.13316,0.52611,1,0.66507,0.17464,0.16029,420,0.63659,0.24878,0.11463,356,415,92.445,0.54194,0.25706,0.23454,0.022525,0.087623,0.015569,0.030651,0,1.8436e-10,415,10655,0.29536,0.10223,0.60241,8,0.30532,0.13806,0.55662,6,0.18883,0.17083,0.13252,0.12661,0.0059127,0.044618,0.00056392,0.011584,0.026,0.030833,0.57295,0.1983,0.22875,1327,0.5656,0.25574,0.17865,1150,5.7173,43,0.8167,0.75681,0.059891,0.073333,0.013697,0.12834,0.005,0.42105,0.39564,0.025408,0.060345,0.229,11.626,78,0.46469,0.42937,0.035313,0.075993,0.002412,0.067539,0.036,0.25281,0.24799,0.0048154,0.019048,0.769,11.125,59,0.32315,0.28859,0.034566,0.10697,0.016733,0.053542,0,0.17042,0.14791,0.022508,0.13208,0.006,63.976,235,0.17179,0.15603,0.01576,0.091743,0.009188,0.023883,0,0.085763,0.083793,0.0019701,0.022971,0.338,82.671,0.00077581,0.00054955,1.8284,18.586,0.080605,23.915,False,,,,,,1.1667,True,0.016058,0.11337,0.12559,0.0075086,0.02485,0,0.00016903,0.0023923,0.070487,0.033505,0.13034,0.0054435,0.041076,0.07441,0.016334,0.078652,0.017657,0.04582,0.015273,0.021145,0.0010507,sctrl0of2_armB_both_lora_b20_r8_lr0.0003_seed0_hq_ms400_pat4__eval30831,-0.0038878,-0.027446,0.0011832,-0.010981,-0.042716,0.00046926,0.0035411,-0.014519,-0.017778,0.0090744,0.021552,-0.043339,-0.093264,-0.012841,-0.050794,-0.011254,-0.034826,0.0072347,0.042453,-0.0053848,-0.031346,0.00091936,0.01072,-0.010176,0.0022065,0.231,-0.0040083,0.0068751,0.706,-0.018031,-0.004842,0,-0.004567,0.0050911,0.888
s30831_armB_both_lora_b5_r8_lr0.0001_seed0_hq_ms400_pat4,30831,B,both,lora,5,8,0.0001,0,protocol,loss,/root/deep-learning-project/src/training/runs/s30831_armB_both_lora_b5_r8_lr0.0001_seed0_hq_ms400_pat4,4.7698,26,160,40,0.20523,20,173,50.1,0.14165,0.13185,0.0098039,0.069212,0.0025875,0.017323,0.008,0.0086033,173,5916,0.097415,0.088137,0.070656,0.074713,-0.0040568,-0.057416,-0.0098148,0.0018015,0.201,0.23205,103.37,255.76,ivrit-ai/whisper-large-v3,"greedy+loopguard(cr>3.0,ngram6)",0.33174,0.087112,0.58115,1,0.34615,0.15897,0.49487,1,0.66507,0.17464,0.16029,420,0.61086,0.28054,0.1086,338,415,92.445,0.54194,0.25706,0.23332,0.023745,0.092369,0.01625,0.03183,0,1.6975e-09,415,10655,0.29536,0.10223,0.60241,8,0.30893,0.15084,0.54023,6,0.18883,0.16838,0.13252,0.13008,0.0024402,0.018414,-0.003049,0.0082551,0.416,0.30855,0.57295,0.1983,0.22875,1327,0.55411,0.27056,0.17532,1100,5.7173,43,0.8167,0.73503,0.08167,0.1,0.032412,0.14721,0.001,0.42105,0.39564,0.025408,0.060345,0.087,11.626,78,0.46469,0.42055,0.044141,0.094991,0.01514,0.073268,0.002,0.25281,0.24559,0.0072231,0.028571,0.551,11.125,59,0.32315,0.29662,0.026527,0.08209,0.0048692,0.048387,0.02,0.17042,0.16158,0.0088424,0.051887,0.462,63.976,235,0.17179,0.15603,0.01576,0.091743,0.0079331,0.024758,0,0.085763,0.086814,-0.0010507,-0.012251,0.738,103.37,0.00073695,19.973,2.1387,18.433,0.078129,111.75,False,,,,,,1.7414,True,0.012339,0.087112,0.12931,0.0059686,0.018939,0,0.00084517,0.011962,0.069811,0.027874,0.10843,0.0076021,0.057365,0.07804,0.030853,0.063403,0.012841,0.03537,0.020096,0.017205,0.0030208,sctrl0of2_armB_both_lora_b5_r8_lr0.0001_seed0_hq_ms400_pat4__eval30831,-0.0025355,-0.0179,-0.004902,-0.0041295,-0.016064,-0.0051619,-0.038952,0.0036298,0.0044444,-0.0054446,-0.012931,-0.019262,-0.041451,-0.005618,-0.022222,-0.0088424,-0.027363,-0.011254,-0.066038,-0.0014447,-0.0084098,-0.0040714,-0.047473,-0.0095764,0.0047472,0.509,-0.01142,0.0018626,0.168,-0.011419,0.0026399,0.232,-0.010654,-0.00019045,0.049
s30831_armB_both_lora_b80_r8_lr0.0003_seed0_hq_ms400_pat4,30831,B,both,lora,80,8,0.0003,0,protocol,loss,/root/deep-learning-project/src/training/runs/s30831_armB_both_lora_b80_r8_lr0.0003_seed0_hq_ms400_pat4,79.745,266,160,4.7059,0.17869,2.3529,173,50.1,0.14165,0.12525,0.016396,0.11575,0.0068264,0.026248,0.001,0.0047947,173,5916,0.097415,0.082053,0.070656,0.073191,-0.0025355,-0.035885,-0.0091601,0.0045303,0.486,0.21976,109.56,152.45,ivrit-ai/whisper-large-v3,"greedy+loopguard(cr>3.0,ngram6)",0.33174,0.087112,0.58115,1,0.35223,0.16734,0.48043,1,0.66507,0.17464,0.16029,420,0.60277,0.28637,0.11085,308,415,92.445,0.54194,0.25706,0.21455,0.042515,0.16539,0.030825,0.055476,0,1.8045e-11,415,10655,0.29536,0.10223,0.60241,8,0.34646,0.16885,0.48469,3,0.18883,0.15082,0.13252,0.12867,0.003848,0.029037,-0.0040926,0.011573,0.354,0.56465,0.57295,0.1983,0.22875,1327,0.57768,0.28155,0.14077,915,5.7173,43,0.8167,0.68603,0.13067,0.16,0.039127,0.25628,0.001,0.42105,0.39201,0.029038,0.068966,0.365,11.626,78,0.46469,0.35072,0.11396,0.24525,0.056029,0.17513,0,0.25281,0.23034,0.022472,0.088889,0.233,11.125,59,0.32315,0.27653,0.046624,0.14428,0.021823,0.077883,0,0.17042,0.16961,0.00080386,0.004717,0.936,63.976,235,0.17179,0.14802,0.023772,0.13838,0.01313,0.035939,0,0.085763,0.086288,-0.00052535,-0.0061256,0.887,109.56,0.00096273,0.000525,1.8082,17.682,0.078798,23.262,False,,,,,,1.3505,True,0.021129,0.14916,0.12052,0.010745,0.032086,0,0.00084517,0.011962,0.069811,0.046269,0.17999,0.0088221,0.066572,0.16878,0.047187,0.10353,0.019262,0.044212,0.016881,0.028369,0.0030208,sctrl0of2_armB_both_lora_b80_r8_lr0.0003_seed0_hq_ms400_pat4__eval30831,-0.0047329,-0.033413,-0.0033807,-0.0037541,-0.014604,-0.0049742,-0.037535,-0.038113,-0.046667,-0.018149,-0.043103,0.010433,0.022453,0.0032103,0.012698,0.0024116,0.0074627,-0.016077,-0.09434,-0.0045968,-0.026758,-0.0035461,-0.041348,-0.011862,0.0018899,0.169,-0.010016,0.0032639,0.337,-0.01004,0.0028392,0.272,-0.01131,0.00086097,0.119
s30831_armB_both_lora_b80_r8_lr0.0003_seed0_verbatim_hq_ms400_pat4,30831,B,both,lora,80,8,0.0003,0,verbatim,loss,/root/deep-learning-project/src/training/runs/s30831_armB_both_lora_b80_r8_lr0.0003_seed0_verbatim_hq_ms400_pat4,79.745,266,140,4.1176,0.19363,1.7647,173,50.1,0.14165,0.13404,0.0076065,0.053699,0.0015438,0.014104,0.01,0.080941,173,5916,0.097415,0.090759,0.070656,0.069135,0.0015213,0.021531,-0.0030609,0.0063094,0.567,0.71253,96.889,145.19,ivrit-ai/whisper-large-v3,"greedy+loopguard(cr>3.0,ngram6)",0.33174,0.087112,0.58115,1,0.3367,0.10214,0.56116,1,0.66507,0.17464,0.16029,420,0.65281,0.19804,0.14914,384,415,92.445,0.54194,0.25706,0.24589,0.011168,0.043447,0.004159,0.017769,0,0.00072562,415,10655,0.29536,0.10223,0.60241,8,0.29962,0.11183,0.58855,8,0.18883,0.18025,0.13252,0.12886,0.0036603,0.02762,-0.0019596,0.0090075,0.202,0.11837,0.57295,0.1983,0.22875,1327,0.57174,0.2134,0.21486,1247,5.7173,43,0.8167,0.80581,0.010889,0.013333,-0.029063,0.04592,0.548,0.42105,0.42105,0,0,0.976,11.626,78,0.46469,0.44623,0.018459,0.039724,-0.013615,0.051864,0.292,0.25281,0.25522,-0.0024077,-0.0095238,0.868,11.125,59,0.32315,0.30225,0.0209,0.064677,0.0042143,0.040721,0.017,0.17042,0.15354,0.016881,0.099057,0.074,63.976,235,0.17179,0.16338,0.0084056,0.04893,0.0024297,0.014905,0.008,0.085763,0.083005,0.0027581,0.032159,0.223,96.889,0.00073266,0.00050497,1.8052,18.443,0.079005,27.963,False,,,,,,0.93333,True,0.015889,0.11217,0.12576,0.0084048,0.024494,0,0.0072684,0.10287,0.063387,0.020178,0.078496,0.010042,0.075779,0,-0.0036298,0.032103,0.010433,0.036174,0.028135,0.017074,0.0080116,sctrl0of2_armB_both_lora_b80_r8_lr0.0003_seed0_verbatim_hq_ms400_pat4__eval30831,-0.0082826,-0.058473,-0.0057471,-0.0090099,-0.035049,-0.006382,-0.048159,0.010889,0.013333,0.0036298,0.0086207,-0.013644,-0.029361,-0.012841,-0.050794,-0.015273,-0.047264,-0.011254,-0.066038,-0.0086682,-0.050459,-0.0052535,-0.061256,-0.014481,-0.0026278,0.002,-0.010413,-0.0012041,0.018,-0.014993,-0.0036453,0,-0.011677,-0.0017166,0.008
s30831_armB_both_lora_b80_r8_lr0.0003_seed1_hq_ms400_pat4,30831,B,both,lora,80,8,0.0003,1,protocol,loss,/root/deep-learning-project/src/training/runs/s30831_armB_both_lora_b80_r8_lr0.0003_seed1_hq_ms400_pat4,79.745,266,160,4.7059,0.17437,2.3529,173,50.1,0.14165,0.13049,0.011156,0.078759,-0.004141,0.025466,0.165,0.029392,173,5916,0.097415,0.086692,0.070656,0.08046,-0.0098039,-0.13876,-0.023707,0.0011407,0.086,0.088264,109.1,160.52,ivrit-ai/whisper-large-v3,"greedy+loopguard(cr>3.0,ngram6)",0.33174,0.087112,0.58115,1,0.34845,0.17746,0.47409,1,0.66507,0.17464,0.16029,420,0.56513,0.28782,0.14706,296,415,92.445,0.54194,0.25706,0.21614,0.04092,0.15918,0.02666,0.056844,0,1.2542e-10,415,10655,0.29536,0.10223,0.60241,8,0.34477,0.18715,0.46809,4,0.18883,0.1524,0.13252,0.13402,-0.0015016,-0.011331,-0.012454,0.0088712,0.802,0.90589,0.57295,0.1983,0.22875,1327,0.55602,0.30182,0.14216,875,5.7173,43,0.8167,0.6461,0.1706,0.20889,0.075551,0.2964,0,0.42105,0.38113,0.039927,0.094828,0.214,11.626,78,0.46469,0.35233,0.11236,0.2418,0.056695,0.17446,0,0.25281,0.23114,0.021669,0.085714,0.226,11.125,59,0.32315,0.26849,0.054662,0.16915,0.023326,0.096349,0,0.17042,0.1664,0.0040193,0.023585,0.819,63.976,235,0.17179,0.15419,0.017599,0.10245,0.0018915,0.033193,0.03,0.085763,0.094957,-0.0091936,-0.1072,0.112,109.1,0.00071764,0.00049329,1.7457,27.194,0.077787,22.371,False,,,,,,1.8333,True,0.020622,0.14558,0.12103,0.012022,0.029957,0,0.0042258,0.059809,0.06643,0.039606,0.15407,0.010136,0.076487,0.10526,0.032668,0.093098,0.027287,0.043408,0.016881,0.025479,0.0045968,sctrl0of2_armB_both_lora_b80_r8_lr0.0003_seed1_hq_ms400_pat4__eval30831,-0.0094659,-0.066826,-0.01403,0.0013139,0.0051114,-0.011638,-0.087819,0.065336,0.08,0.0072595,0.017241,0.019262,0.041451,-0.005618,-0.022222,0.011254,0.034826,-0.012862,-0.075472,-0.0078802,-0.045872,-0.01379,-0.1608,-0.022283,0.00074304,0.07,-0.027452,-0.0041191,0.002,-0.0091539,0.010805,0.76,-0.021405,-0.003769,0.001
s30831_armB_both_lora_b80_r8_lr0.0003_seed2_hq_ms400_pat4,30831,B,both,lora,80,8,0.0003,2,protocol,loss,/root/deep-learning-project/src/training/runs/s30831_armB_both_lora_b80_r8_lr0.0003_seed2_hq_ms400_pat4,79.745,266,140,4.1176,0.17766,1.7647,173,50.1,0.14165,0.12373,0.017918,0.12649,0.0086179,0.027906,0,0.000533,173,5916,0.097415,0.080809,0.070656,0.07167,-0.0010142,-0.014354,-0.0076655,0.0060292,0.763,0.64663,96.24,139.62,ivrit-ai/whisper-large-v3,"greedy+loopguard(cr>3.0,ngram6)",0.33174,0.087112,0.58115,1,0.35109,0.18169,0.46721,1,0.66507,0.17464,0.16029,420,0.60613,0.31368,0.080189,308,415,92.445,0.54194,0.25706,0.21558,0.041483,0.16137,0.030153,0.054422,0,2.2971e-13,415,10655,0.29536,0.10223,0.60241,8,0.32956,0.18241,0.48803,2,0.18883,0.15327,0.13252,0.12614,0.006382,0.048159,-0.00084913,0.014168,0.087,0.13748,0.57295,0.1983,0.22875,1327,0.56324,0.31176,0.125,953,5.7173,43,0.8167,0.68603,0.13067,0.16,0.03943,0.25718,0.002,0.42105,0.38294,0.038113,0.090517,0.243,11.626,78,0.46469,0.3748,0.089888,0.19344,0.038003,0.14403,0,0.25281,0.23596,0.016854,0.066667,0.393,11.125,59,0.32315,0.27412,0.049035,0.15174,0.01981,0.089093,0.001,0.17042,0.15997,0.01045,0.061321,0.408,63.976,235,0.17179,0.14592,0.025873,0.15061,0.015501,0.038032,0,0.085763,0.084056,0.0017074,0.019908,0.579,96.24,0.0006938,0.00049543,1.7614,18.303,0.077024,23.213,False,,,,,,1.3679,True,0.019608,0.13842,0.12204,0.0097877,0.029862,0,-0.0015213,-0.021531,0.072177,0.044486,0.17306,0.0054435,0.041076,0.14338,0.039927,0.12119,0.025682,0.03537,0.0072347,0.026267,-0.00065669,sctrl0of2_armB_both_lora_b80_r8_lr0.0003_seed2_hq_ms400_pat4__eval30831,-0.0016903,-0.011933,0.0005071,-0.0030033,-0.011683,0.00093853,0.0070822,-0.012704,-0.015556,-0.0018149,-0.0043103,-0.0313,-0.067358,-0.0088283,-0.034921,0.013666,0.042289,0.0032154,0.018868,-0.00039401,-0.0022936,0.0023641,0.027565,-0.0082249,0.0050991,0.616,-0.0058418,0.0074777,0.915,-0.0095382,0.0033097,0.352,-0.0050409,0.0067773,0.791
s30843_armB_both_lora_b20_r8_lr0.0003_seed0_hq_ms400_pat4,30843,B,both,lora,20,8,0.0003,0,protocol,loss,/root/deep-learning-project/src/training/runs/s30843_armB_both_lora_b20_r8_lr0.0003_seed0_hq_ms400_pat4,19.881,62,120,15,0.17765,5,112,30.227,0.17351,0.15547,0.018035,0.10394,0.0060689,0.030455,0.002,0.0045022,112,3216,0.096592,0.086378,0.11567,0.11256,0.0031095,0.026882,-0.006474,0.012564,0.558,0.46713,81.346,128.13,ivrit-ai/whisper-large-v3,"greedy+loopguard(cr>3.0,ngram6)",0.5,0.080645,0.41935,0,0.51,0.134,0.356,0,0.75,0.12097,0.12903,186,0.70442,0.18508,0.1105,138,448,90.581,0.3337,0.30878,0.28204,0.026735,0.086583,0.019329,0.034407,0,2.9263e-11,448,9800,0.43424,0.09848,0.46728,2,0.45333,0.13748,0.40919,2,0.20012,0.18199,0.20663,0.20163,0.005,0.024198,-0.0014183,0.012087,0.144,0.034381,0.64889,0.14716,0.20395,1001,0.63411,0.19231,0.17358,788,6.5399,63,0.63676,0.60588,0.030882,0.048499,-0.0037882,0.06847,0.083,0.44559,0.45,-0.0044118,-0.009901,0.825,20.206,119,0.42671,0.39739,0.029316,0.068702,0.012759,0.045121,0,0.28246,0.27408,0.008376,0.029654,0.298,25.868,115,0.2976,0.26662,0.030978,0.10409,0.018048,0.044899,0,0.20292,0.19735,0.0055691,0.027444,0.365,37.966,151,0.20034,0.17862,0.021718,0.1084,0.010672,0.033217,0,0.12982,0.12543,0.0043924,0.033835,0.304,81.346,0.00052071,0.00035381,1.6934,11.364,0.052741,33.665,False,,,,,,0.96552,True,0.018657,0.10753,0.15485,0.004863,0.033651,0.008,-0.0065299,-0.056452,0.1222,0.036633,0.11864,-0.0027551,-0.013333,0.058824,0.011765,0.050256,-0.0046533,0.038984,-0.00069614,0.024158,-0.0056125,sctrl0of2_armB_both_lora_b20_r8_lr0.0003_seed0_hq_ms400_pat4__eval30843,-0.00062189,-0.0035842,0.0096393,-0.009898,-0.032056,0.0077551,0.037531,-0.027941,-0.04388,-0.016176,-0.036304,-0.02094,-0.049073,0.013029,0.046129,-0.0080056,-0.026901,0.0062652,0.030875,-0.0024402,-0.01218,0.010005,0.077068,-0.012534,0.010515,0.897,-0.0016052,0.020849,0.102,-0.018535,-0.0017021,0.027,9.3967e-05,0.015681,0.05
s30843_armB_both_lora_b5_r8_lr0.0001_seed0_hq_ms400_pat4,30843,B,both,lora,5,8,0.0001,0,protocol,loss,/root/deep-learning-project/src/training/runs/s30843_armB_both_lora_b5_r8_lr0.0001_seed0_hq_ms400_pat4,4.511,11,140,70,0.20896,30,112,30.227,0.17351,0.16387,0.0096393,0.055556,0.00030187,0.019316,0.049,0.05203,112,3216,0.096592,0.092039,0.11567,0.11505,0.00062189,0.0053763,-0.0083832,0.010214,0.949,0.78555,86.334,236,ivrit-ai/whisper-large-v3,"greedy+loopguard(cr>3.0,ngram6)",0.5,0.080645,0.41935,0,0.50474,0.10816,0.3871,0,0.75,0.12097,0.12903,186,0.71892,0.15405,0.12703,157,448,90.581,0.3337,0.30878,0.29571,0.013061,0.0423,0.0067383,0.019712,0.001,9.0708e-05,448,9800,0.43424,0.09848,0.46728,2,0.45066,0.11663,0.43271,3,0.20012,0.19193,0.20663,0.2101,-0.0034694,-0.01679,-0.010322,0.0032501,0.328,0.59867,0.64889,0.14716,0.20395,1001,0.63429,0.16416,0.20155,839,6.5399,63,0.63676,0.62794,0.0088235,0.013857,-0.020031,0.038082,0.592,0.44559,0.46324,-0.017647,-0.039604,0.435,20.206,119,0.42671,0.41601,0.010703,0.025082,-0.0063955,0.025403,0.224,0.28246,0.28944,-0.00698,-0.024712,0.412,25.868,115,0.2976,0.27915,0.018448,0.061988,0.0060166,0.030556,0.003,0.20292,0.20501,-0.0020884,-0.010292,0.786,37.966,151,0.20034,0.18912,0.011225,0.056029,0.0028535,0.019977,0.005,0.12982,0.13006,-0.00024402,-0.0018797,0.979,86.334,0.0005753,12.54,2.2696,11.741,0.054908,123.04,False,,,,,,0.96774,True,0.0015547,0.0089606,0.17195,-0.012821,0.016452,0.859,-0.023943,-0.20699,0.13961,0.021429,0.069399,-0.016224,-0.078519,0.016176,-0.0044118,0.032108,-0.021871,0.035503,-0.005221,0.0068326,-0.022938,sctrl0of2_armB_both_lora_b5_r8_lr0.0001_seed0_hq_ms400_pat4__eval30843,0.0080846,0.046595,0.024565,-0.0083673,-0.027098,0.012755,0.061728,-0.0073529,-0.011547,-0.013235,-0.029703,-0.021405,-0.050164,0.014891,0.052718,-0.017055,-0.05731,0.0031326,0.015437,0.0043924,0.021924,0.022694,0.17481,-0.0038576,0.020306,0.198,0.014179,0.036117,0,-0.018095,0.0012189,0.083,0.0049991,0.020734,0.001
s30843_armB_both_lora_b80_r8_lr0.0003_seed0_hq_ms400_pat4,30843,B,both,lora,80,8,0.0003,0,protocol,loss,/root/deep-learning-project/src/training/runs/s30843_armB_both_lora_b80_r8_lr0.0003_seed0_hq_ms400_pat4,79.852,272,140,4.1176,0.17117,1.7647,112,30.227,0.17351,0.14863,0.024876,0.14337,0.013119,0.037732,0,7.781e-05,112,3216,0.096592,0.081242,0.11567,0.10914,0.0065299,0.056452,-0.002835,0.016192,0.2,0.084335,94.028,139.72,ivrit-ai/whisper-large-v3,"greedy+loopguard(cr>3.0,ngram6)",0.5,0.080645,0.41935,0,0.53138,0.14854,0.32008,0,0.75,0.12097,0.12903,186,0.72365,0.20228,0.074074,127,448,90.581,0.3337,0.30878,0.26551,0.043265,0.14012,0.034129,0.052549,0,1.1958e-18,448,9800,0.43424,0.09848,0.46728,2,0.46234,0.17179,0.36587,1,0.20012,0.16998,0.20663,0.19469,0.011939,0.057778,0.0044402,0.019632,0,0.00037868,0.64889,0.14716,0.20395,1001,0.6305,0.23428,0.13522,694,6.5399,63,0.63676,0.56471,0.072059,0.11316,0.027536,0.12407,0.001,0.44559,0.42353,0.022059,0.049505,0.352,20.206,119,0.42671,0.3718,0.054909,0.12868,0.03358,0.077991,0,0.28246,0.26524,0.017217,0.060956,0.089,25.868,115,0.2976,0.25061,0.046989,0.15789,0.031425,0.062459,0,0.20292,0.19248,0.010442,0.051458,0.123,37.966,151,0.20034,0.17057,0.029771,0.1486,0.01819,0.041377,0,0.12982,0.12128,0.0085408,0.065789,0.061,94.028,0.00056005,0.00037003,1.8167,11.173,0.052873,32.623,False,,,,,,1.0125,True,0.015547,0.089606,0.15796,0.00062368,0.031295,0.045,-0.0077736,-0.067204,0.12345,0.035612,0.11533,-0.002449,-0.011852,0.091176,0.036765,0.037692,-0.0079107,0.03968,-0.0034807,0.02245,-0.0053685,sctrl0of2_armB_both_lora_b80_r8_lr0.0003_seed0_hq_ms400_pat4__eval30843,0.0093284,0.053763,0.014303,0.0076531,0.024785,0.014388,0.06963,-0.019118,-0.030023,-0.014706,-0.033003,0.017217,0.040349,0.025128,0.088962,0.0073094,0.024561,0.013923,0.068611,0.0073206,0.036541,0.013909,0.10714,-0.0022426,0.021313,0.125,0.0031277,0.026155,0.009,-0.00021112,0.015629,0.058,0.0062906,0.022061,0
s30843_armB_both_lora_b80_r8_lr0.0003_seed0_verbatim_hq_ms400_pat4,30843,B,both,lora,80,8,0.0003,0,verbatim,loss,/root/deep-learning-project/src/training/runs/s30843_armB_both_lora_b80_r8_lr0.0003_seed0_verbatim_hq_ms400_pat4,79.852,272,180,5.2941,0.19099,2.9412,112,30.227,0.17351,0.16169,0.011816,0.0681,0.0032816,0.021488,0.003,0.016355,112,3216,0.096592,0.090872,0.11567,0.10759,0.0080846,0.069892,0.00059694,0.016425,0.039,0.064246,119.46,166.88,ivrit-ai/whisper-large-v3,"greedy+loopguard(cr>3.0,ngram6)",0.5,0.080645,0.41935,0,0.48654,0.086538,0.42692,0,0.75,0.12097,0.12903,186,0.73121,0.13006,0.13873,174,448,90.581,0.3337,0.30878,0.28714,0.021633,0.070059,0.014062,0.029439,0,6.3405e-08,448,9800,0.43424,0.09848,0.46728,2,0.43106,0.11301,0.45593,3,0.20012,0.18484,0.20663,0.19367,0.012959,0.062716,0.0056568,0.020403,0,8.1514e-05,0.64889,0.14716,0.20395,1001,0.63909,0.16754,0.19336,916,6.5399,63,0.63676,0.60882,0.027941,0.04388,-0.0052473,0.063051,0.124,0.44559,0.43088,0.014706,0.033003,0.501,20.206,119,0.42671,0.39879,0.02792,0.065431,0.011124,0.045815,0.001,0.28246,0.2671,0.015356,0.054366,0.043,25.868,115,0.2976,0.27393,0.023669,0.079532,0.0069604,0.041247,0.01,0.20292,0.1897,0.013227,0.06518,0.077,37.966,151,0.20034,0.18448,0.015861,0.079172,0.007013,0.025012,0,0.12982,0.11859,0.011225,0.086466,0,119.46,0.00054479,0.00036812,1.7285,11.542,0.054195,34.074,False,,,,,,0.31579,False,0.018035,0.10394,0.15547,0.0091578,0.028131,0,0.0083955,0.072581,0.10728,0.026939,0.087244,0.014184,0.068642,0.045588,0.042647,0.028385,0.013029,0.034459,0.017403,0.017814,0.0078087,sctrl0of2_armB_both_lora_b80_r8_lr0.0003_seed0_verbatim_hq_ms400_pat4__eval30843,-0.0062189,-0.035842,-0.00031095,-0.0053061,-0.017184,-0.0012245,-0.0059259,-0.017647,-0.027714,-0.027941,-0.062706,-0.00046533,-0.0010905,0.0023267,0.0082372,-0.01079,-0.036257,-0.0041768,-0.020583,-0.0019522,-0.0097442,0.0034163,0.026316,-0.013635,0.0012899,0.118,-0.0075989,0.0076602,0.953,-0.012676,0.0021198,0.151,-0.0079203,0.0055017,0.729
s30843_armB_both_lora_b80_r8_lr0.0003_seed1_hq_ms400_pat4,30843,B,both,lora,80,8,0.0003,1,protocol,loss,/root/deep-learning-project/src/training/runs/s30843_armB_both_lora_b80_r8_lr0.0003_seed1_hq_ms400_pat4,79.852,272,140,4.1176,0.17032,1.7647,112,30.227,0.17351,0.14428,0.029229,0.16846,0.018067,0.041978,0,8.2977e-07,112,3216,0.096592,0.078382,0.11567,0.10199,0.013682,0.11828,0.0056276,0.022436,0,0.0019583,93.522,139.02,ivrit-ai/whisper-large-v3,"greedy+loopguard(cr>3.0,ngram6)",0.5,0.080645,0.41935,0,0.53233,0.11638,0.35129,0,0.75,0.12097,0.12903,186,0.75305,0.16463,0.082317,136,448,90.581,0.3337,0.30878,0.2648,0.04398,0.14243,0.035265,0.052386,0,1.7136e-20,448,9800,0.43424,0.09848,0.46728,2,0.4501,0.17225,0.37765,2,0.20012,0.17043,0.20663,0.19173,0.014898,0.072099,0.0080407,0.022218,0,4.8066e-06,0.64889,0.14716,0.20395,1001,0.62161,0.23789,0.1405,716,6.5399,63,0.63676,0.56912,0.067647,0.10624,0.02694,0.11307,0.001,0.44559,0.41471,0.030882,0.069307,0.181,20.206,119,0.42671,0.37087,0.05584,0.13086,0.036257,0.075541,0,0.28246,0.26291,0.019544,0.069193,0.031,25.868,115,0.2976,0.25096,0.046641,0.15673,0.029729,0.064013,0,0.20292,0.19144,0.011486,0.056604,0.084,37.966,151,0.20034,0.16837,0.031967,0.15956,0.021413,0.042189,0,0.12982,0.11762,0.012201,0.093985,0.004,93.522,0.0005765,0.00036359,1.7697,11.213,0.05264,32.454,False,,,,,,0.75532,True,0.021455,0.12366,0.15205,0.0072652,0.037465,0.004,-0.0034204,-0.02957,0.11909,0.038878,0.12591,0.0015306,0.0074074,0.070588,0.027941,0.048395,-0.002792,0.044901,0.0034807,0.024402,-0.0019522,sctrl1of2_armB_both_lora_b80_r8_lr0.0003_seed1_hq_ms400_pat4__eval30843,0.0077736,0.044803,0.017102,0.005102,0.016523,0.013367,0.064691,-0.0029412,-0.0046189,0.0029412,0.0066007,0.0074453,0.017448,0.022336,0.079077,0.0017403,0.005848,0.0080056,0.039451,0.0075647,0.037759,0.014153,0.10902,-0.0033932,0.018853,0.21,0.0062455,0.028359,0.002,-0.002451,0.012524,0.212,0.0061546,0.020651,0
s30843_armB_both_lora_b80_r8_lr0.0003_seed2_hq_ms400_pat4,30843,B,both,lora,80,8,0.0003,2,protocol,loss,/root/deep-learning-project/src/training/runs/s30843_armB_both_lora_b80_r8_lr0.0003_seed2_hq_ms400_pat4,79.852,272,160,4.7059,0.1688,2.3529,112,30.227,0.17351,0.15143,0.022077,0.12724,0.0091822,0.035899,0.001,0.0012298,112,3216,0.096592,0.083518,0.11567,0.11194,0.0037313,0.032258,-0.0067166,0.013896,0.502,0.33794,106.38,151.69,ivrit-ai/whisper-large-v3,"greedy+loopguard(cr>3.0,ngram6)",0.5,0.080645,0.41935,0,0.51951,0.17454,0.30595,0,0.75,0.12097,0.12903,186,0.70278,0.23611,0.061111,127,448,90.581,0.3337,0.30878,0.26765,0.041122,0.13318,0.031128,0.051028,0,3.7128e-15,448,9800,0.43424,0.09848,0.46728,2,0.45749,0.18948,0.35303,2,0.20012,0.16988,0.20663,0.19918,0.007449,0.036049,-0.00051845,0.015541,0.075,0.014772,0.64889,0.14716,0.20395,1001,0.61475,0.25461,0.13064,671,6.5399,63,0.63676,0.55588,0.080882,0.12702,0.031429,0.13404,0,0.44559,0.41618,0.029412,0.066007,0.259,20.206,119,0.42671,0.36761,0.059097,0.1385,0.034585,0.084731,0,0.28246,0.26664,0.015821,0.056013,0.112,25.868,115,0.2976,0.2621,0.035503,0.1193,0.016413,0.053939,0.001,0.20292,0.20466,-0.0017403,-0.0085763,0.856,37.966,151,0.20034,0.1713,0.029039,0.14495,0.017372,0.041023,0,0.12982,0.12396,0.0058565,0.045113,0.22,106.38,0.00062323,0.00038457,1.8109,11.17,0.053886,32.26,False,,,,,,1.1972,True,0.020522,0.11828,0.15299,0.0053215,0.036892,0.01,-0.0065299,-0.056452,0.1222,0.039694,0.12855,-0.0015306,-0.0074074,0.10294,0.041176,0.046068,-0.00698,0.041768,-0.0031326,0.024402,-0.0046364,sctrl0of2_armB_both_lora_b80_r8_lr0.0003_seed2_hq_ms400_pat4__eval30843,0.0015547,0.0089606,0.010261,0.0014286,0.0046266,0.0089796,0.043457,-0.022059,-0.034642,-0.011765,-0.026403,0.013029,0.030534,0.022801,0.080725,-0.0062652,-0.021053,0.0013923,0.0068611,0.0046364,0.023143,0.010493,0.080827,-0.012242,0.016034,0.911,-0.0030967,0.024761,0.166,-0.0070548,0.01003,0.767,0.00091337,0.017174,0.033
s30859_armB_both_lora_b20_r8_lr0.0003_seed0_hq_ms400_pat4,30859,B,both,lora,20,8,0.0003,0,protocol,loss,/root/deep-learning-project/src/training/runs/s30859_armB_both_lora_b20_r8_lr0.0003_seed0_hq_ms400_pat4,19.75,61,120,15,0.16779,5,166,47.564,0.1055,0.098649,0.006848,0.064912,0.0016768,0.012416,0.01,0.017807,166,5403,0.070599,0.063459,0.05645,0.055155,0.0012956,0.022951,-0.0034261,0.0062314,0.591,0.75814,85.79,131.92,ivrit-ai/whisper-large-v3,"greedy+loopguard(cr>3.0,ngram6)",0.36842,0.082456,0.54912,0,0.40713,0.10131,0.49156,0,0.68852,0.1541,0.15738,265,0.72819,0.18121,0.090604,235,391,79.155,0.6009,0.19343,0.17523,0.018198,0.094083,0.011618,0.026038,0,8.3326e-08,391,8737,0.29882,0.15503,0.54615,3,0.32789,0.17374,0.49837,3,0.14216,0.12587,0.1148,0.10679,0.0080119,0.069791,0.0031127,0.013514,0.001,0.0086734,0.50349,0.26122,0.23529,687,0.53805,0.2851,0.17685,598,2.3958,36,0.50593,0.43478,0.071146,0.14063,0.026662,0.12342,0.002,0.39921,0.33202,0.067194,0.16832,0.002,10.24,83,0.45274,0.38507,0.067662,0.14945,0.027144,0.11642,0,0.24279,0.21294,0.029851,0.12295,0.019,10.715,65,0.27182,0.25364,0.018182,0.06689,0.003154,0.031354,0.021,0.17455,0.17091,0.0036364,0.020833,0.693,55.804,207,0.12667,0.11836,0.0083085,0.065594,0.0034685,0.013804,0,0.073052,0.070074,0.0029785,0.040773,0.191,85.79,0.00069284,0.00050259,1.7269,16.592,0.073585,27.724,False,,,,,,1.3784,True,0.0064779,0.061404,0.099019,0.00051929,0.012828,0.04,-0.0011105,-0.019672,0.057561,0.015566,0.080473,0.001259,0.010967,0.059289,0.047431,0.044776,-0.0029851,0.016364,-0.0036364,0.0090923,0.00094059,sctrl1of2_armB_both_lora_b20_r8_lr0.0003_seed0_hq_ms400_pat4__eval30859,0.00037016,0.0035088,0.0024061,0.0026325,0.013609,0.0067529,0.058824,0.011858,0.023438,0.019763,0.049505,0.022886,0.050549,0.032836,0.13525,0.0018182,0.006689,0.0072727,0.041667,-0.00078382,-0.0061881,0.0020379,0.027897,-0.0047027,0.0061359,0.925,-0.0019976,0.007157,0.319,-0.0036928,0.0094515,0.452,0.00068683,0.012875,0.026
s30859_armB_both_lora_b5_r8_lr0.0001_seed0_hq_ms400_pat4,30859,B,both,lora,5,8,0.0001,0,protocol,loss,/root/deep-learning-project/src/training/runs/s30859_armB_both_lora_b5_r8_lr0.0001_seed0_hq_ms400_pat4,4.7387,12,160,80,0.18678,40,166,47.564,0.1055,0.10531,0.00018508,0.0017544,-0.0050071,0.0056745,0.978,0.98403,166,5403,0.070599,0.068952,0.05645,0.059411,-0.0029613,-0.052459,-0.0077384,0.0017172,0.243,0.2406,107.13,241.3,ivrit-ai/whisper-large-v3,"greedy+loopguard(cr>3.0,ngram6)",0.36842,0.082456,0.54912,0,0.37786,0.091388,0.53076,0,0.68852,0.1541,0.15738,265,0.66978,0.16199,0.16822,248,391,79.155,0.6009,0.19343,0.19423,-0.00080119,-0.004142,-0.0074237,0.0051872,0.812,0.91729,391,8737,0.29882,0.15503,0.54615,3,0.29817,0.15203,0.54979,3,0.14216,0.14155,0.1148,0.11835,-0.0035481,-0.030907,-0.0096893,0.0019634,0.217,0.34034,0.50349,0.26122,0.23529,687,0.48936,0.24952,0.26112,663,2.3958,36,0.50593,0.50198,0.0039526,0.0078125,-0.041403,0.05682,0.945,0.39921,0.37549,0.023715,0.059406,0.319,10.24,83,0.45274,0.4597,-0.0069652,-0.015385,-0.047088,0.025359,0.788,0.24279,0.25572,-0.012935,-0.053279,0.487,10.715,65,0.27182,0.27,0.0018182,0.006689,-0.013366,0.015993,0.883,0.17455,0.17545,-0.00090909,-0.0052083,0.915,55.804,207,0.12667,0.12714,-0.00047029,-0.0037129,-0.0053644,0.0046218,0.844,0.073052,0.076658,-0.0036056,-0.049356,0.116,107.13,0.00073004,18.164,2.1631,16.665,0.072663,97.089,False,,,,,,5,True,0.0037016,0.035088,0.1018,-0.0045054,0.012258,0.391,-0.0072182,-0.12787,0.063668,0.0045782,0.023669,-0.0099577,-0.08674,0.051383,0.043478,0.029851,-0.0029851,-0.0090909,-0.024545,0.0010974,-0.01066,sctrl1of2_armB_both_lora_b5_r8_lr0.0001_seed0_hq_ms400_pat4__eval30859,-0.0035166,-0.033333,0.0042569,-0.0053794,-0.027811,0.0064095,0.055833,-0.047431,-0.09375,-0.019763,-0.049505,-0.036816,-0.081319,-0.0099502,-0.040984,0.010909,0.040134,0.023636,0.13542,-0.0015676,-0.012376,0.0070544,0.096567,-0.010894,0.0033798,0.345,-0.00095825,0.0092845,0.113,-0.013172,0.0027641,0.196,-0.00067878,0.013768,0.081
s30859_armB_both_lora_b80_r8_lr0.0003_seed0_hq_ms400_pat4,30859,B,both,lora,80,8,0.0003,0,protocol,loss,/root/deep-learning-project/src/training/runs/s30859_armB_both_lora_b80_r8_lr0.0003_seed0_hq_ms400_pat4,79.899,251,140,4.375,0.14576,1.875,166,47.564,0.1055,0.096058,0.0094392,0.089474,0.0014789,0.017776,0.025,0.0045629,166,5403,0.070599,0.062251,0.05645,0.055525,0.00092541,0.016393,-0.0057389,0.0076999,0.788,0.38331,100.63,138.15,ivrit-ai/whisper-large-v3,"greedy+loopguard(cr>3.0,ngram6)",0.36842,0.082456,0.54912,0,0.39306,0.15029,0.45665,0,0.68852,0.1541,0.15738,265,0.68,0.26,0.06,219,391,79.155,0.6009,0.19343,0.16585,0.027584,0.1426,0.017827,0.038816,0,1.5862e-09,391,8737,0.29882,0.15503,0.54615,3,0.32298,0.24638,0.43064,2,0.14216,0.11876,0.1148,0.10725,0.0075541,0.065803,-0.00045211,0.015726,0.068,0.0061356,0.50349,0.26122,0.23529,687,0.49947,0.381,0.11953,512,2.3958,36,0.50593,0.4585,0.047431,0.09375,-0.0034608,0.098592,0.07,0.39921,0.35968,0.039526,0.09901,0.103,10.24,83,0.45274,0.34428,0.10846,0.23956,0.058233,0.16772,0,0.24279,0.20498,0.037811,0.15574,0.039,10.715,65,0.27182,0.24455,0.027273,0.10033,-0.006832,0.058721,0.104,0.17455,0.18182,-0.0072727,-0.041667,0.765,55.804,207,0.12667,0.11256,0.014109,0.11139,0.0057469,0.022507,0,0.073052,0.068976,0.0040759,0.055794,0.238,100.63,0.00072742,0.0004971,1.8885,16.795,0.075708,18.738,False,,,,,,1.4902,True,0.01129,0.10702,0.094207,0.0042868,0.018536,0.002,0.0011105,0.019672,0.05534,0.027584,0.1426,0.0060662,0.052841,0.11462,0.063241,0.10846,0.034826,0.010909,-0.021818,0.014266,0.0040759,sctrl1of2_armB_both_lora_b80_r8_lr0.0003_seed0_hq_ms400_pat4__eval30859,-0.0018508,-0.017544,-0.00018508,0,0,0.0014879,0.012961,-0.067194,-0.13281,-0.023715,-0.059406,0,0,0.0029851,0.012295,0.016364,0.060201,0.014545,0.083333,-0.00015676,-0.0012376,0,0,-0.0074918,0.00364,0.509,-0.0049948,0.004274,0.972,-0.0062536,0.0062133,1,-0.0031093,0.0060307,0.554
s30859_armB_both_lora_b80_r8_lr0.0003_seed0_verbatim_hq_ms400_pat4,30859,B,both,lora,80,8,0.0003,0,verbatim,loss,/root/deep-learning-project/src/training/runs/s30859_armB_both_lora_b80_r8_lr0.0003_seed0_verbatim_hq_ms400_pat4,79.899,251,140,4.375,0.16721,1.875,166,47.564,0.1055,0.10143,0.0040718,0.038596,-0.00074227,0.0090483,0.105,0.078627,166,5403,0.070599,0.066498,0.05645,0.054599,0.0018508,0.032787,-0.0028369,0.0065507,0.44,0.34161,99.526,137.12,ivrit-ai/whisper-large-v3,"greedy+loopguard(cr>3.0,ngram6)",0.36842,0.082456,0.54912,0,0.37956,0.083942,0.5365,0,0.68852,0.1541,0.15738,265,0.70508,0.15593,0.13898,253,391,79.155,0.6009,0.19343,0.18004,0.013391,0.069231,0.0076608,0.01995,0,8.5028e-06,391,8737,0.29882,0.15503,0.54615,3,0.30896,0.15766,0.53338,3,0.14216,0.13093,0.1148,0.10679,0.0080119,0.069791,0.0029168,0.01363,0.003,0.0040297,0.50349,0.26122,0.23529,687,0.5209,0.26581,0.21329,640,2.3958,36,0.50593,0.47826,0.027668,0.054688,-0.011508,0.067195,0.184,0.39921,0.36759,0.031621,0.079208,0.109,10.24,83,0.45274,0.40995,0.042786,0.094505,0.011798,0.078097,0.009,0.24279,0.21493,0.027861,0.11475,0.068,10.715,65,0.27182,0.24455,0.027273,0.10033,0.0093183,0.045174,0.001,0.17455,0.16364,0.010909,0.0625,0.214,55.804,207,0.12667,0.12087,0.0058003,0.045792,0.0012262,0.010825,0.015,0.073052,0.069603,0.0034488,0.04721,0.114,99.526,0.00075674,0.00049686,1.8048,16.836,0.073431,18.868,False,,,,,,0.86364,True,0.00055525,0.0052632,0.10494,-0.0041971,0.0053103,0.865,-0.00092541,-0.016393,0.057376,0.007783,0.040237,0.003777,0.032901,0.047431,0.055336,0.036816,0.022886,0,-0.010909,0.0029785,0.0012541,sctrl1of2_armB_both_lora_b80_r8_lr0.0003_seed0_verbatim_hq_ms400_pat4__eval30859,0.0035166,0.033333,0.0027762,0.0056083,0.028994,0.0042349,0.036889,-0.019763,-0.039062,-0.023715,-0.059406,0.0059701,0.013187,0.0049751,0.020492,0.027273,0.10033,0.021818,0.125,0.0028218,0.022277,0.0021947,0.030043,-0.00037425,0.0076049,0.093,-0.00041819,0.0061532,0.106,0.0013678,0.0098588,0.012,0.00068645,0.0080475,0.029
s30859_armB_both_lora_b80_r8_lr0.0003_seed1_hq_ms400_pat4,30859,B,both,lora,80,8,0.0003,1,protocol,loss,/root/deep-learning-project/src/training/runs/s30859_armB_both_lora_b80_r8_lr0.0003_seed1_hq_ms400_pat4,79.899,251,140,4.375,0.14675,1.875,166,47.564,0.1055,0.095873,0.0096243,0.091228,0.0029003,0.016338,0.006,0.0072964,166,5403,0.070599,0.061042,0.05645,0.056265,0.00018508,0.0032787,-0.0055751,0.0060973,0.931,0.89661,99.573,136.55,ivrit-ai/whisper-large-v3,"greedy+loopguard(cr>3.0,ngram6)",0.36842,0.082456,0.54912,0,0.40927,0.1332,0.45753,0,0.68852,0.1541,0.15738,265,0.69737,0.22697,0.075658,214,391,79.155,0.6009,0.19343,0.16802,0.025409,0.13136,0.016554,0.036332,0,9.7136e-08,391,8737,0.29882,0.15503,0.54615,3,0.32766,0.24659,0.42575,2,0.14216,0.12024,0.1148,0.11068,0.0041204,0.035892,-0.0034508,0.011732,0.285,0.23055,0.50349,0.26122,0.23529,687,0.49741,0.37435,0.12823,501,2.3958,36,0.50593,0.43874,0.067194,0.13281,0,0.14182,0.058,0.39921,0.36759,0.031621,0.079208,0.269,10.24,83,0.45274,0.35224,0.1005,0.22198,0.051759,0.15658,0,0.24279,0.21294,0.029851,0.12295,0.063,10.715,65,0.27182,0.25636,0.015455,0.056856,-0.017019,0.047037,0.342,0.17455,0.19273,-0.018182,-0.10417,0.344,55.804,207,0.12667,0.11303,0.013639,0.10767,0.006405,0.021505,0,0.073052,0.07023,0.0028218,0.038627,0.384,99.573,0.00064588,0.00047159,1.7438,16.659,0.072004,18.48,False,,,,,,1.4615,True,0.011475,0.10877,0.094022,0.0046362,0.01875,0,0.002221,0.039344,0.054229,0.028843,0.14911,0.0059517,0.051844,0.086957,0.055336,0.11244,0.035821,0.018182,-0.024545,0.015206,0.0045462,sctrl1of2_armB_both_lora_b80_r8_lr0.0003_seed1_hq_ms400_pat4__eval30859,-0.0018508,-0.017544,-0.0020359,-0.0034337,-0.017751,-0.0018313,-0.015952,-0.019763,-0.039062,-0.023715,-0.059406,-0.01194,-0.026374,-0.0059701,-0.02459,-0.0027273,-0.010033,0.0063636,0.036458,-0.0015676,-0.012376,-0.0017244,-0.023605,-0.005972,0.0019149,0.373,-0.0054647,0.0013852,0.254,-0.0087673,0.0015772,0.181,-0.0063723,0.0022349,0.405
s30859_armB_both_lora_b80_r8_lr0.0003_seed2_hq_ms400_pat4,30859,B,both,lora,80,8,0.0003,2,protocol,loss,/root/deep-learning-project/src/training/runs/s30859_armB_both_lora_b80_r8_lr0.0003_seed2_hq_ms400_pat4,79.899,251,140,4.375,0.14575,1.875,166,47.564,0.1055,0.094762,0.010735,0.10175,0.0039473,0.017974,0.004,0.00097174,166,5403,0.070599,0.061884,0.05645,0.052563,0.0038867,0.068852,-0.0021035,0.010023,0.207,0.1115,99.531,136.77,ivrit-ai/whisper-large-v3,"greedy+loopguard(cr>3.0,ngram6)",0.36842,0.082456,0.54912,0,0.39062,0.12891,0.48047,0,0.68852,0.1541,0.15738,265,0.70423,0.23239,0.06338,228,391,79.155,0.6009,0.19343,0.16676,0.026668,0.13787,0.018401,0.036475,0,1.3451e-10,391,8737,0.29882,0.15503,0.54615,3,0.32395,0.22649,0.44955,2,0.14216,0.11963,0.1148,0.10507,0.0097287,0.084746,0.0024564,0.017074,0.012,0.0004543,0.50349,0.26122,0.23529,687,0.51416,0.35948,0.12636,539,2.3958,36,0.50593,0.43874,0.067194,0.13281,0.0076321,0.14011,0.031,0.39921,0.35968,0.039526,0.09901,0.128,10.24,83,0.45274,0.36517,0.087562,0.19341,0.045924,0.13327,0,0.24279,0.21294,0.029851,0.12295,0.063,10.715,65,0.27182,0.24273,0.029091,0.10702,-0.0017668,0.05659,0.066,0.17455,0.17182,0.0027273,0.015625,0.827,55.804,207,0.12667,0.11162,0.015049,0.11881,0.007782,0.022764,0,0.073052,0.066468,0.0065841,0.090129,0.032,99.531,0.00070882,0.00049925,1.8358,16.604,0.073739,18.709,False,,,,,,1.1552,True,0.01018,0.096491,0.095317,0.003607,0.016866,0.003,0.0029613,0.052459,0.053489,0.026325,0.13609,0.0068673,0.059821,0.075099,0.051383,0.10249,0.033831,0.023636,-0.013636,0.012855,0.0043894,sctrl1of2_armB_both_lora_b80_r8_lr0.0003_seed2_hq_ms400_pat4__eval30859,0.00055525,0.0052632,0.00092541,0.00034337,0.0017751,0.0028614,0.024925,-0.0079051,-0.015625,-0.011858,-0.029703,-0.014925,-0.032967,-0.0039801,-0.016393,0.0054545,0.020067,0.016364,0.09375,0.0021947,0.017327,0.0021947,0.030043,-0.0051774,0.0059893,0.891,-0.0042775,0.0057906,0.759,-0.0058134,0.0065278,0.913,-0.0025082,0.0082624,0.326
s30868_armB_both_lora_b20_r8_lr0.0003_seed0_hq_ms400_pat4,30868,B,both,lora,20,8,0.0003,0,protocol,loss,/root/deep-learning-project/src/training/runs/s30868_armB_both_lora_b20_r8_lr0.0003_seed0_hq_ms400_pat4,19.911,81,120,10.909,0.17077,3.6364,161,47.113,0.12099,0.12382,-0.0028284,-0.023377,-0.015195,0.008211,0.641,0.83836,161,6364,0.071805,0.078371,0.081552,0.099151,-0.017599,-0.2158,-0.030098,-0.0070252,0,0.0091184,86.55,147.38,ivrit-ai/whisper-large-v3,"greedy+loopguard(cr>3.0,ngram6)",0.47922,0.1013,0.41948,0,0.44289,0.31726,0.23985,0,0.71098,0.15029,0.13873,251,0.55309,0.3962,0.050713,157,431,89.193,0.52822,0.23116,0.2171,0.014066,0.060848,0.005283,0.02308,0.003,4.2822e-05,431,11944,0.38863,0.12495,0.48642,0,0.40532,0.24952,0.34516,0,0.15576,0.14629,0.14853,0.15908,-0.010549,-0.071026,-0.018101,-0.0031411,0.001,0.081302,0.60485,0.19448,0.20068,987,0.55316,0.34053,0.10632,693,3.4421,44,0.55388,0.52586,0.028017,0.050584,-0.0076396,0.064673,0.138,0.37716,0.38147,-0.0043103,-0.011429,0.891,10.872,83,0.43938,0.39313,0.046251,0.10526,0.012698,0.085613,0.004,0.28241,0.28031,0.0021023,0.0074442,0.855,17.15,87,0.32137,0.28457,0.036791,0.11448,0.018813,0.054254,0,0.20035,0.20124,-0.00088652,-0.0044248,0.947,57.73,217,0.14775,0.14698,0.00076953,0.0052083,-0.0097133,0.010929,0.873,0.095421,0.11145,-0.016032,-0.16801,0,86.55,0.000736,0.00051594,1.7499,28.509,0.08171,30.479,False,,,,,,-5,False,0.0048712,0.04026,0.11612,-0.0035129,0.012943,0.25,-0.0067568,-0.082852,0.088309,0.018922,0.081854,-0.001507,-0.010147,0.028017,0,0.044149,0.013315,0.041667,0.0097518,0.0071822,-0.007567,sctrl1of2_armB_both_lora_b20_r8_lr0.0003_seed0_hq_ms400_pat4__eval30868,-0.0076996,-0.063636,-0.010842,-0.004856,-0.021007,-0.0090422,-0.060879,0,0,-0.0043103,-0.011429,0.0021023,0.0047847,-0.011212,-0.039702,-0.0048759,-0.015172,-0.010638,-0.053097,-0.0064127,-0.043403,-0.0084648,-0.08871,-0.019541,0.0039699,0.203,-0.022536,-0.00071829,0.036,-0.013337,0.0032209,0.245,-0.017155,-0.0014123,0.019
s30868_armB_both_lora_b5_r8_lr0.0001_seed0_hq_ms400_pat4,30868,B,both,lora,5,8,0.0001,0,protocol,loss,/root/deep-learning-project/src/training/runs/s30868_armB_both_lora_b5_r8_lr0.0001_seed0_hq_ms400_pat4,4.782,20,140,46.667,0.23235,20,161,47.113,0.12099,0.13388,-0.012885,-0.10649,-0.023661,-0.0025215,0.017,0.025676,161,6364,0.071805,0.081578,0.081552,0.11486,-0.033312,-0.40848,-0.04345,-0.023467,0,1.9721e-08,97.901,329.52,ivrit-ai/whisper-large-v3,"greedy+loopguard(cr>3.0,ngram6)",0.47922,0.1013,0.41948,0,0.46244,0.35329,0.18427,0,0.71098,0.15029,0.13873,251,0.53899,0.41176,0.049248,121,431,89.193,0.52822,0.23116,0.22346,0.0077026,0.033321,-0.00071666,0.016249,0.071,0.022824,431,11944,0.38863,0.12495,0.48642,0,0.40839,0.28513,0.30648,0,0.15576,0.14917,0.14853,0.1723,-0.023778,-0.16009,-0.031029,-0.016531,0,2.0253e-07,0.60485,0.19448,0.20068,987,0.52964,0.36978,0.10058,611,3.4421,44,0.55388,0.52155,0.032328,0.058366,0.0020279,0.069168,0.047,0.37716,0.39009,-0.012931,-0.034286,0.452,10.872,83,0.43938,0.39804,0.041345,0.094099,0.013367,0.071028,0.001,0.28241,0.28591,-0.0035039,-0.012407,0.755,17.15,87,0.32137,0.28679,0.034574,0.10759,0.012886,0.055339,0.003,0.20035,0.21365,-0.013298,-0.066372,0.145,57.73,217,0.14775,0.15544,-0.0076953,-0.052083,-0.017021,0.0019976,0.142,0.095421,0.12659,-0.031166,-0.32661,0,97.901,0.00076962,30.537,2.5082,20.248,0.08491,178.21,False,,,,,,-2.0244,False,-0.021056,-0.17403,0.14205,-0.030198,-0.011518,0,-0.034727,-0.42582,0.11628,0.00025117,0.0010866,-0.023778,-0.16009,-0.025862,-0.038793,0.053959,0.016819,0.025709,-0.011082,-0.015391,-0.033987,sctrl1of2_armB_both_lora_b5_r8_lr0.0001_seed0_hq_ms400_pat4__eval30868,0.008171,0.067532,0.0014142,0.0074514,0.032235,0,0,0.05819,0.10506,0.025862,0.068571,-0.012614,-0.028708,-0.020322,-0.07196,0.0088652,0.027586,-0.0022163,-0.011062,0.0076953,0.052083,0.0028216,0.02957,-0.0023515,0.018448,0.135,-0.0092157,0.011711,0.817,-0.0012181,0.016093,0.09,-0.0083315,0.0082857,0.998
s30868_armB_both_lora_b80_r8_lr0.0003_seed0_hq_ms400_pat4,30868,B,both,lora,80,8,0.0003,0,protocol,loss,/root/deep-learning-project/src/training/runs/s30868_armB_both_lora_b80_r8_lr0.0003_seed0_hq_ms400_pat4,79.665,316,160,4,0.15178,2,161,47.113,0.12099,0.10387,0.017128,0.14156,0.0072631,0.026485,0,0.0011055,161,6364,0.071805,0.062273,0.081552,0.082967,-0.0014142,-0.017341,-0.0085147,0.0052478,0.682,0.89479,114.85,167.87,ivrit-ai/whisper-large-v3,"greedy+loopguard(cr>3.0,ngram6)",0.47922,0.1013,0.41948,0,0.49168,0.26172,0.2466,0,0.71098,0.15029,0.13873,251,0.61553,0.32765,0.056818,133,431,89.193,0.52822,0.23116,0.19357,0.037592,0.16262,0.028044,0.047939,0,3.666e-14,431,11944,0.38863,0.12495,0.48642,0,0.41306,0.25303,0.33391,0,0.15576,0.12844,0.14853,0.14082,0.0077026,0.05186,0.0010062,0.015052,0.024,0.0634,0.60485,0.19448,0.20068,987,0.56778,0.3478,0.084423,630,3.4421,44,0.55388,0.5431,0.010776,0.019455,-0.035052,0.057025,0.627,0.37716,0.41164,-0.034483,-0.091429,0.042,10.872,83,0.43938,0.35319,0.086195,0.19617,0.045424,0.13249,0,0.28241,0.24807,0.034338,0.12159,0.012,17.15,87,0.32137,0.25266,0.068706,0.21379,0.046452,0.092672,0,0.20035,0.17332,0.027039,0.13496,0.001,57.73,217,0.14775,0.12646,0.02129,0.1441,0.012184,0.031452,0,0.095421,0.095678,-0.00025651,-0.0026882,0.973,114.85,0.00067425,0.00051928,1.7805,20.54,0.079059,30.59,False,,,,,,1.4679,True,0.014299,0.11818,0.10669,0.0044827,0.023199,0.004,-0.0025141,-0.030829,0.084067,0.032652,0.14125,0.0043537,0.029312,0.0086207,-0.036638,0.077085,0.030133,0.057181,0.016401,0.018853,-0.0014108,sctrl1of2_armB_both_lora_b80_r8_lr0.0003_seed0_hq_ms400_pat4__eval30868,0.0028284,0.023377,0.0010999,0.0049397,0.021369,0.003349,0.022548,0.0021552,0.0038911,0.0021552,0.0057143,0.00911,0.020734,0.0042046,0.014888,0.011525,0.035862,0.010638,0.053097,0.0024368,0.016493,0.0011543,0.012097,-0.0028295,0.0084832,0.314,-0.0046194,0.0069822,0.72,-0.00051683,0.010809,0.079,-0.0016096,0.0088658,0.203
s30868_armB_both_lora_b80_r8_lr0.0003_seed0_verbatim_hq_ms400_pat4,30868,B,both,lora,80,8,0.0003,0,verbatim,loss,/root/deep-learning-project/src/training/runs/s30868_armB_both_lora_b80_r8_lr0.0003_seed0_verbatim_hq_ms400_pat4,79.665,316,160,4,0.16696,2,161,47.113,0.12099,0.10874,0.012256,0.1013,0.0054508,0.019527,0,0.00090129,161,6364,0.071805,0.065117,0.081552,0.073382,0.008171,0.10019,0.0029552,0.013453,0.001,0.0023124,115.17,178.41,ivrit-ai/whisper-large-v3,"greedy+loopguard(cr>3.0,ngram6)",0.47922,0.1013,0.41948,0,0.47688,0.12139,0.40173,0,0.71098,0.15029,0.13873,251,0.70664,0.17987,0.11349,225,431,89.193,0.52822,0.23116,0.21258,0.018587,0.080406,0.013396,0.024331,0,1.8062e-10,431,11944,0.38863,0.12495,0.48642,0,0.38716,0.13864,0.4742,0,0.15576,0.14332,0.14853,0.13505,0.01348,0.090755,0.0091214,0.01801,0,1.6846e-08,0.60485,0.19448,0.20068,987,0.60942,0.21823,0.17235,926,3.4421,44,0.55388,0.53664,0.017241,0.031128,-0.030505,0.06935,0.471,0.37716,0.37284,0.0043103,0.011429,0.826,10.872,83,0.43938,0.40154,0.037842,0.086124,0.018566,0.058737,0,0.28241,0.25508,0.02733,0.096774,0.003,17.15,87,0.32137,0.29521,0.026152,0.081379,0.013538,0.038945,0,0.20035,0.17908,0.021277,0.10619,0,57.73,217,0.14775,0.1348,0.012954,0.087674,0.0073272,0.01925,0,0.095421,0.086187,0.0092343,0.096774,0,115.17,0.00071764,0.00050235,1.732,20.598,0.080212,40.806,False,,,,,,0.57692,True,0.007071,0.058442,0.11392,0.0008479,0.013214,0.024,0.0064425,0.078998,0.07511,0.0090422,0.039116,0.0079538,0.053551,-0.017241,-0.015086,0.019622,0.014716,0.015514,0.015514,0.0067975,0.0058997,sctrl1of2_armB_both_lora_b80_r8_lr0.0003_seed0_verbatim_hq_ms400_pat4__eval30868,0.0051854,0.042857,0.0017285,0.0095445,0.041289,0.0055258,0.037204,0.034483,0.062257,0.019397,0.051429,0.01822,0.041467,0.012614,0.044665,0.010638,0.033103,0.0057624,0.028761,0.0061562,0.041667,0.0033346,0.034946,-0.00091942,0.011587,0.099,-0.0029153,0.0063623,0.472,0.0044048,0.014916,0,0.0012326,0.0099292,0.015
s30868_armB_both_lora_b80_r8_lr0.0003_seed1_hq_ms400_pat4,30868,B,both,lora,80,8,0.0003,1,protocol,loss,/root/deep-learning-project/src/training/runs/s30868_armB_both_lora_b80_r8_lr0.0003_seed1_hq_ms400_pat4,79.665,316,160,4,0.15161,2,161,47.113,0.12099,0.10449,0.016499,0.13636,0.0070827,0.025631,0,0.00066451,161,6364,0.071805,0.061728,0.081552,0.082652,-0.0010999,-0.013487,-0.0082157,0.0054476,0.751,0.91086,115.21,185.74,ivrit-ai/whisper-large-v3,"greedy+loopguard(cr>3.0,ngram6)",0.47922,0.1013,0.41948,0,0.48872,0.24962,0.26165,0,0.71098,0.15029,0.13873,251,0.61787,0.31559,0.06654,139,431,89.193,0.52822,0.23116,0.19675,0.034411,0.14886,0.025374,0.044194,0,2.9514e-14,431,11944,0.38863,0.12495,0.48642,0,0.41362,0.23489,0.35149,0,0.15576,0.13036,0.14853,0.14233,0.0061956,0.041714,-8.4927e-05,0.01294,0.055,0.074975,0.60485,0.19448,0.20068,987,0.57176,0.32471,0.10353,650,3.4421,44,0.55388,0.53448,0.019397,0.035019,-0.026194,0.063605,0.394,0.37716,0.40086,-0.023707,-0.062857,0.158,10.872,83,0.43938,0.35249,0.086896,0.19777,0.0458,0.13338,0,0.28241,0.24457,0.037842,0.134,0.006,17.15,87,0.32137,0.2633,0.058067,0.18069,0.036981,0.08121,0,0.20035,0.18262,0.01773,0.088496,0.024,57.73,217,0.14775,0.1289,0.018853,0.1276,0.010599,0.027819,0.001,0.095421,0.096576,-0.0011543,-0.012097,0.785,115.21,0.000705,0.00051999,1.7979,20.469,0.079874,48.158,False,,,,,,1.419,True,0.010057,0.083117,0.11094,-0.00015804,0.019577,0.051,-0.0065996,-0.080925,0.088152,0.028969,0.12532,-0.00058607,-0.0039459,0.015086,-0.038793,0.078486,0.023125,0.054078,0.013298,0.013467,-0.0066692,sctrl1of2_armB_both_lora_b80_r8_lr0.0003_seed1_hq_ms400_pat4__eval30868,0.0064425,0.053247,0.0054997,0.0054421,0.023542,0.0067816,0.04566,0.0043103,0.0077821,0.015086,0.04,0.0084093,0.019139,0.014716,0.052109,0.0039894,0.012414,0.0044326,0.022124,0.0053867,0.036458,0.0055149,0.057796,0.00029166,0.012515,0.045,-0.00015066,0.011193,0.059,0.00025853,0.010787,0.039,0.0018502,0.011622,0.006
s30868_armB_both_lora_b80_r8_lr0.0003_seed2_hq_ms400_pat4,30868,B,both,lora,80,8,0.0003,2,protocol,loss,/root/deep-learning-project/src/training/runs/s30868_armB_both_lora_b80_r8_lr0.0003_seed2_hq_ms400_pat4,79.665,316,160,4,0.1518,2,161,47.113,0.12099,0.10292,0.01807,0.14935,0.0082133,0.027588,0,0.00042615,161,6364,0.071805,0.061153,0.081552,0.084538,-0.0029855,-0.036609,-0.010393,0.0040515,0.402,0.717,115.53,180.22,ivrit-ai/whisper-large-v3,"greedy+loopguard(cr>3.0,ngram6)",0.47922,0.1013,0.41948,0,0.49618,0.2855,0.21832,0,0.71098,0.15029,0.13873,251,0.60409,0.34758,0.048327,117,431,89.193,0.52822,0.23116,0.19466,0.036504,0.15791,0.026484,0.04697,0,4.2799e-14,431,11944,0.38863,0.12495,0.48642,0,0.41634,0.2671,0.31656,0,0.15576,0.12958,0.14853,0.14442,0.0041025,0.027621,-0.003866,0.012249,0.319,0.19817,0.60485,0.19448,0.20068,987,0.56116,0.36,0.078841,600,3.4421,44,0.55388,0.53664,0.017241,0.031128,-0.030427,0.063295,0.451,0.37716,0.40517,-0.028017,-0.074286,0.117,10.872,83,0.43938,0.35459,0.084793,0.19298,0.043689,0.13298,0,0.28241,0.24737,0.035039,0.12407,0.009,17.15,87,0.32137,0.25754,0.06383,0.19862,0.036752,0.092195,0,0.20035,0.1844,0.015957,0.079646,0.26,57.73,217,0.14775,0.12684,0.020905,0.14149,0.011511,0.031306,0,0.095421,0.098499,-0.0030781,-0.032258,0.448,115.53,0.00073767,0.00053668,1.9426,20.918,0.082668,41.716,False,,,,,,1.5652,True,0.0064425,0.053247,0.11455,-0.0039441,0.0169,0.228,-0.011471,-0.14066,0.093023,0.03148,0.13618,-0.0016745,-0.011274,0.032328,-0.012931,0.090399,0.030133,0.055851,0.0097518,0.013595,-0.010132,sctrl0of2_armB_both_lora_b80_r8_lr0.0003_seed2_hq_ms400_pat4__eval30868,0.011628,0.096104,0.0084852,0.0050234,0.021731,0.005777,0.038895,-0.015086,-0.027237,-0.015086,-0.04,-0.0056062,-0.012759,0.0049054,0.01737,0.0079787,0.024828,0.0062057,0.030973,0.0073105,0.049479,0.007054,0.073925,0.0049875,0.017863,0,0.0011996,0.014938,0.026,-0.0018103,0.011463,0.135,-0.00189,0.012809,0.119
s556_armB_both_lora_b20_r8_lr0.0003_seed0_hq_ms400_pat4,556,B,both,lora,20,8,0.0003,0,protocol,loss,/root/deep-learning-project/src/training/runs/s556_armB_both_lora_b20_r8_lr0.0003_seed0_hq_ms400_pat4,19.928,110,120,8.5714,0.1942,2.8571,205,45.031,0.19067,0.14563,0.04504,0.23621,0.032647,0.05829,0,1.3938e-10,205,5040,0.13424,0.095268,0.10972,0.09504,0.014683,0.13382,0.0054593,0.024031,0.003,0.0061024,94.422,179.21,ivrit-ai/whisper-large-v3,"greedy+loopguard(cr>3.0,ngram6)",0.33923,0.074922,0.58585,0,0.41689,0.14169,0.44142,0,0.58951,0.1302,0.28029,408,0.63883,0.21712,0.14405,255,797,144.37,0.31193,0.33989,0.26649,0.073403,0.21596,0.0632,0.083793,0,1.2592e-45,797,15299,0.31019,0.089615,0.60019,7,0.35688,0.1457,0.49742,3,0.25689,0.19307,0.19217,0.16387,0.028303,0.14728,0.021145,0.03556,0,9.354e-13,0.54864,0.1585,0.29286,2260,0.58037,0.23694,0.18269,1570,12.526,121,0.6307,0.52758,0.10312,0.1635,0.064984,0.14771,0,0.3709,0.33413,0.036771,0.099138,0.039,25.017,164,0.52487,0.40937,0.1155,0.22005,0.083621,0.14897,0,0.30662,0.24702,0.059597,0.19437,0,36.562,181,0.33891,0.26884,0.070064,0.20673,0.050872,0.09112,0,0.17675,0.15552,0.021231,0.12012,0.001,70.261,331,0.23665,0.17943,0.057219,0.24179,0.046607,0.068442,0,0.13559,0.11495,0.020645,0.15226,0,94.422,0.00078058,0.00056791,2.5023,21.032,0.077872,61.145,False,,,,,,1.0529,True,0.039683,0.20812,0.15099,0.027652,0.051767,0,0.0125,0.11392,0.097222,0.068174,0.20058,0.026276,0.13673,0.095124,0.039968,0.10316,0.048089,0.071921,0.024416,0.05123,0.018224,sctrl0of2_armB_both_lora_b20_r8_lr0.0003_seed0_hq_ms400_pat4__eval556,0.0053571,0.028096,0.0021825,0.0052291,0.015385,0.0020263,0.010544,0.0079936,0.012674,-0.0031974,-0.0086207,0.01233,0.023493,0.011508,0.037534,-0.0018577,-0.0054816,-0.0031847,-0.018018,0.0059896,0.02531,0.0024213,0.017857,-0.002917,0.013858,0.198,-0.0046569,0.0090275,0.518,-0.0014206,0.011666,0.107,-0.0028916,0.0069583,0.406
s556_armB_both_lora_b5_r8_lr0.0001_seed0_hq_ms400_pat4,556,B,both,lora,5,8,0.0001,0,protocol,loss,/root/deep-learning-project/src/training/runs/s556_armB_both_lora_b5_r8_lr0.0001_seed0_hq_ms400_pat4,4.8303,23,160,53.333,0.22201,26.667,205,45.031,0.19067,0.17421,0.016468,0.086368,0.0041955,0.028111,0.003,0.026822,205,5040,0.13424,0.117,0.10972,0.11944,-0.0097222,-0.088608,-0.019511,-0.00042275,0.048,0.065703,127.86,418.81,ivrit-ai/whisper-large-v3,"greedy+loopguard(cr>3.0,ngram6)",0.33923,0.074922,0.58585,0,0.39749,0.12415,0.47836,0,0.58951,0.1302,0.28029,408,0.57973,0.18106,0.2392,276,797,144.37,0.31193,0.33989,0.30113,0.038761,0.11404,0.029394,0.047689,0,5.2251e-15,797,15299,0.31019,0.089615,0.60019,7,0.34209,0.12025,0.53766,4,0.25689,0.22105,0.19217,0.18903,0.0031375,0.016327,-0.0040786,0.010458,0.371,0.97596,0.54864,0.1585,0.29286,2260,0.54495,0.19156,0.26349,1715,12.526,121,0.6307,0.56675,0.063949,0.10139,0.035115,0.093173,0,0.3709,0.35492,0.015987,0.043103,0.294,25.017,164,0.52487,0.45253,0.072339,0.13782,0.044488,0.10101,0,0.30662,0.27538,0.031237,0.10188,0.008,36.562,181,0.33891,0.30573,0.033174,0.097886,0.015474,0.050758,0.002,0.17675,0.18232,-0.0055732,-0.031532,0.355,70.261,331,0.23665,0.20963,0.027017,0.11416,0.015949,0.038824,0,0.13559,0.13903,-0.0034408,-0.025376,0.47,127.86,0.00078678,23.798,2.0842,29.745,0.075915,235.24,False,,,,,,1.7229,True,0.028373,0.1488,0.1623,0.018083,0.038878,0,0.0099206,0.090416,0.099802,0.047389,0.13942,0.020001,0.10408,0.043165,0.018385,0.08508,0.041924,0.046709,0.017251,0.036702,0.014783,sctrl0of2_armB_both_lora_b5_r8_lr0.0001_seed0_hq_ms400_pat4__eval556,-0.011905,-0.062435,-0.019643,-0.008628,-0.025385,-0.016864,-0.087755,0.020783,0.032953,-0.0023981,-0.0064655,-0.012741,-0.024276,-0.010686,-0.034853,-0.013535,-0.039937,-0.022824,-0.12913,-0.0096852,-0.040926,-0.018224,-0.1344,-0.024599,0.00035105,0.057,-0.031333,-0.0086781,0.002,-0.016974,-0.00066237,0.032,-0.024101,-0.010382,0
s556_armB_both_lora_b80_r8_lr0.0003_seed0_hq_ms400_pat4,556,B,both,lora,80,8,0.0003,0,protocol,loss,/root/deep-learning-project/src/training/runs/s556_armB_both_lora_b80_r8_lr0.0003_seed0_hq_ms400_pat4,79.959,450,160,2.807,0.18179,1.4035,205,45.031,0.19067,0.13294,0.057738,0.30281,0.043441,0.072737,0,1.9488e-14,205,5040,0.13424,0.086846,0.10972,0.08869,0.021032,0.19168,0.010125,0.032312,0.001,9.2205e-06,123.44,208.8,ivrit-ai/whisper-large-v3,"greedy+loopguard(cr>3.0,ngram6)",0.33923,0.074922,0.58585,0,0.41194,0.17313,0.41493,0,0.58951,0.1302,0.28029,408,0.61745,0.25951,0.12304,223,797,144.37,0.31193,0.33989,0.24649,0.093405,0.27481,0.081079,0.10577,0,2.3658e-53,797,15299,0.31019,0.089615,0.60019,7,0.37258,0.17767,0.44975,3,0.25689,0.17776,0.19217,0.1591,0.033074,0.17211,0.024449,0.041613,0,3.1571e-17,0.54864,0.1585,0.29286,2260,0.57724,0.27527,0.14749,1337,12.526,121,0.6307,0.5004,0.1303,0.20659,0.087398,0.17956,0,0.3709,0.32614,0.044764,0.12069,0.016,25.017,164,0.52487,0.36621,0.15865,0.30227,0.12274,0.19966,0,0.30662,0.23633,0.070284,0.22922,0,36.562,181,0.33891,0.24947,0.089437,0.2639,0.066052,0.11396,0,0.17675,0.14835,0.028397,0.16066,0,70.261,331,0.23665,0.16745,0.069198,0.29241,0.055047,0.084021,0,0.13559,0.11367,0.021919,0.16165,0.002,123.44,0.00079012,0.00053167,2.735,21.045,0.078647,61.461,False,,,,,,0.97938,True,0.05119,0.26847,0.13948,0.03937,0.063802,0,0.016071,0.14647,0.093651,0.085823,0.2525,0.030852,0.16054,0.13429,0.055156,0.13522,0.053021,0.080945,0.026008,0.06512,0.022429,sctrl0of2_armB_both_lora_b80_r8_lr0.0003_seed0_hq_ms400_pat4__eval556,0.0065476,0.034339,0.0049603,0.0075822,0.022308,0.0022224,0.011565,-0.0039968,-0.0063371,-0.010392,-0.028017,0.023428,0.044636,0.017263,0.0563,0.0084926,0.025059,0.0023885,0.013514,0.004078,0.017232,-0.00050975,-0.0037594,-0.0020036,0.014555,0.135,-0.0036745,0.012768,0.239,0.0004436,0.014548,0.038,-0.0040233,0.0081883,0.472
s556_armB_both_lora_b80_r8_lr0.0003_seed0_verbatim_hq_ms400_pat4,556,B,both,lora,80,8,0.0003,0,verbatim,loss,/root/deep-learning-project/src/training/runs/s556_armB_both_lora_b80_r8_lr0.0003_seed0_verbatim_hq_ms400_pat4,79.959,450,200,3.5088,0.21115,2.1053,205,45.031,0.19067,0.15774,0.032937,0.17274,0.022035,0.043561,0,3.4048e-09,205,5040,0.13424,0.10703,0.10972,0.091667,0.018056,0.16456,0.01021,0.026044,0,2.8149e-05,153.47,229.63,ivrit-ai/whisper-large-v3,"greedy+loopguard(cr>3.0,ngram6)",0.33923,0.074922,0.58585,0,0.37233,0.096855,0.53082,0,0.58951,0.1302,0.28029,408,0.64069,0.16667,0.19264,333,797,144.37,0.31193,0.33989,0.28623,0.053664,0.15788,0.044628,0.06263,0,2.0501e-33,797,15299,0.31019,0.089615,0.60019,7,0.32724,0.11327,0.55949,4,0.25689,0.21044,0.19217,0.16119,0.030982,0.16122,0.024163,0.038038,0,3.8071e-18,0.54864,0.1585,0.29286,2260,0.5811,0.20114,0.21776,1913,12.526,121,0.6307,0.57554,0.055156,0.087452,0.016358,0.098709,0.007,0.3709,0.34612,0.02478,0.06681,0.139,25.017,164,0.52487,0.42293,0.10193,0.19421,0.073401,0.1344,0,0.30662,0.23962,0.066995,0.2185,0,36.562,181,0.33891,0.28715,0.051752,0.1527,0.036406,0.069024,0,0.17675,0.14915,0.027601,0.15616,0,70.261,331,0.23665,0.19727,0.039378,0.1664,0.02981,0.049494,0,0.13559,0.11316,0.022429,0.16541,0,153.47,0.0008018,0.00052452,2.6414,21.547,0.078275,51.857,False,,,,,,0.8494,True,0.028968,0.15193,0.16171,0.019735,0.038377,0,0.015873,0.14467,0.093849,0.044121,0.12981,0.025426,0.13231,0.067146,0.034373,0.068229,0.042335,0.042463,0.025212,0.033771,0.018861,sctrl0of2_armB_both_lora_b80_r8_lr0.0003_seed0_verbatim_hq_ms400_pat4__eval556,0.0039683,0.020812,0.0021825,0.0095431,0.028077,0.0055559,0.028912,-0.01199,-0.019011,-0.0095923,-0.025862,0.033703,0.064213,0.024661,0.080429,0.0092887,0.027408,0.0023885,0.013514,0.0056072,0.023694,0.0035682,0.026316,-0.0052822,0.012418,0.408,-0.0027491,0.007097,0.381,0.0037588,0.015732,0.001,0.0010326,0.010077,0.013
s556_armB_both_lora_b80_r8_lr0.0003_seed1_hq_ms400_pat4,556,B,both,lora,80,8,0.0003,1,protocol,loss,/root/deep-learning-project/src/training/runs/s556_armB_both_lora_b80_r8_lr0.0003_seed1_hq_ms400_pat4,79.959,450,140,2.4561,0.18358,1.0526,205,45.031,0.19067,0.14028,0.050397,0.26431,0.036785,0.064944,0,2.5237e-12,205,5040,0.13424,0.091017,0.10972,0.095437,0.014286,0.1302,0.0040851,0.024735,0.005,0.0027583,109.54,184.01,ivrit-ai/whisper-large-v3,"greedy+loopguard(cr>3.0,ngram6)",0.33923,0.074922,0.58585,0,0.4017,0.20226,0.39604,0,0.58951,0.1302,0.28029,408,0.59044,0.2973,0.11227,226,797,144.37,0.31193,0.33989,0.24936,0.090529,0.26635,0.078992,0.10277,0,1.6345e-53,797,15299,0.31019,0.089615,0.60019,7,0.36986,0.18925,0.44089,3,0.25689,0.17726,0.19217,0.16138,0.030786,0.1602,0.023294,0.038402,0,8.4403e-14,0.54864,0.1585,0.29286,2260,0.57149,0.29243,0.13609,1346,12.526,121,0.6307,0.5028,0.1279,0.20279,0.082076,0.18256,0,0.3709,0.32854,0.042366,0.11422,0.018,25.017,164,0.52487,0.37074,0.15413,0.29366,0.11737,0.1963,0,0.30662,0.24085,0.065762,0.21448,0,36.562,181,0.33891,0.25133,0.08758,0.25842,0.064843,0.11227,0,0.17675,0.15234,0.024416,0.13814,0,70.261,331,0.23665,0.17038,0.066267,0.28002,0.053944,0.08025,0,0.13559,0.11444,0.021155,0.15602,0,109.54,0.00080061,0.00055408,2.5515,21.203,0.078219,50.603,False,,,,,,1.1142,True,0.049802,0.26119,0.14087,0.037797,0.0623,0,0.017063,0.15552,0.092659,0.08262,0.24308,0.028891,0.15034,0.10552,0.028777,0.13235,0.058775,0.087049,0.02707,0.061425,0.020517,sctrl1of2_armB_both_lora_b80_r8_lr0.0003_seed1_hq_ms400_pat4__eval556,0.00059524,0.0031217,-0.0027778,0.007909,0.023269,0.0018955,0.0098639,0.022382,0.035488,0.013589,0.036638,0.021784,0.041504,0.0069873,0.022788,0.00053079,0.0015662,-0.0026539,-0.015015,0.0048426,0.020463,0.00063719,0.0046992,-0.0062513,0.0076805,0.902,-0.0086435,0.0032118,0.347,0.0026611,0.013334,0.002,-0.0024492,0.0065796,0.411
s556_armB_both_lora_b80_r8_lr0.0003_seed2_hq_ms400_pat4,556,B,both,lora,80,8,0.0003,2,protocol,loss,/root/deep-learning-project/src/training/runs/s556_armB_both_lora_b80_r8_lr0.0003_seed2_hq_ms400_pat4,79.959,450,140,2.4561,0.18284,1.0526,205,45.031,0.19067,0.13948,0.05119,0.26847,0.036789,0.065745,0,9.2927e-13,205,5040,0.13424,0.091335,0.10972,0.099802,0.0099206,0.090416,-0.00075695,0.020963,0.072,0.027601,108.39,181.57,ivrit-ai/whisper-large-v3,"greedy+loopguard(cr>3.0,ngram6)",0.33923,0.074922,0.58585,0,0.40541,0.23471,0.35989,0,0.58951,0.1302,0.28029,408,0.5666,0.32803,0.10537,200,797,144.37,0.31193,0.33989,0.24609,0.093797,0.27596,0.081177,0.10659,0,1.1695e-52,797,15299,0.31019,0.089615,0.60019,7,0.3668,0.21089,0.42231,3,0.25689,0.17554,0.19217,0.16361,0.028564,0.14864,0.02065,0.036725,0,3.7029e-12,0.54864,0.1585,0.29286,2260,0.55174,0.31722,0.13104,1262,12.526,121,0.6307,0.4948,0.13589,0.21546,0.083913,0.19513,0,0.3709,0.33173,0.039169,0.1056,0.051,25.017,164,0.52487,0.36621,0.15865,0.30227,0.12102,0.20277,0,0.30662,0.24127,0.065351,0.21314,0,36.562,181,0.33891,0.24867,0.090234,0.26625,0.067273,0.11545,0,0.17675,0.15366,0.023089,0.13063,0.003,70.261,331,0.23665,0.16796,0.068689,0.29025,0.05528,0.084224,0,0.13559,0.1175,0.018096,0.13346,0,108.39,0.00077987,0.00053167,2.539,20.46,0.077428,50.095,False,,,,,,1.2016,True,0.046429,0.2435,0.14425,0.03414,0.059112,0,0.016667,0.1519,0.093056,0.075953,0.22346,0.028695,0.14932,0.093525,0.033573,0.13769,0.064529,0.069002,0.022293,0.057347,0.01988,sctrl1of2_armB_both_lora_b80_r8_lr0.0003_seed2_hq_ms400_pat4__eval556,0.0047619,0.024974,-0.006746,0.017844,0.0525,-0.00013073,-0.00068027,0.042366,0.067174,0.0055955,0.015086,0.020962,0.039937,0.00082203,0.002681,0.021231,0.062647,0.00079618,0.0045045,0.011342,0.047927,-0.0017841,-0.013158,-0.0040127,0.013571,0.278,-0.0143,0.00058958,0.072,0.010651,0.024752,0,-0.005187,0.0052769,0.961
sctrl0of2_armB_both_lora_b20_r8_lr0.0003_seed0_hq_ms400_pat4__eval30752,30752,B,both,lora,20,8,0.0003,0,protocol,loss,/root/deep-learning-project/src/training/runs/sctrl0of2_armB_both_lora_b20_r8_lr0.0003_seed0_hq_ms400_pat4,19.711,67,120,13.333,0.21903,,152,45.723,0.11696,0.12001,-0.0030511,-0.026087,-0.01471,0.0094163,0.63,0.49801,152,3933,0.067369,0.065399,0.084668,0.097127,-0.012459,-0.14715,-0.022111,-0.0037647,0.005,0.011809,82.024,,ivrit-ai/whisper-large-v3,"greedy+loopguard(cr>3.0,ngram6)",0.46522,0.08913,0.44565,0,0.48941,0.22034,0.29025,0,0.64264,0.12312,0.23423,127,0.60471,0.27225,0.12304,90,320,72.184,0.63343,0.22073,0.19543,0.025297,0.11461,0.010397,0.042157,0,0.0059736,320,6483,0.34941,0.14186,0.50874,3,0.39937,0.26204,0.3386,2,0.14846,0.1232,0.15625,0.15302,0.0032392,0.020731,-0.0067748,0.014206,0.566,0.9023,0.49358,0.20039,0.30602,418,0.51008,0.33468,0.15524,275,3.164,34,0.66102,0.50169,0.15932,0.24103,0.076918,0.27348,0,0.45763,0.33898,0.11864,0.25926,0,6.6802,47,0.44506,0.36161,0.083449,0.1875,0.0042517,0.18478,0.043,0.32823,0.30042,0.027816,0.084746,0.329,8.4689,46,0.24658,0.21793,0.028643,0.11616,-0.0037268,0.062846,0.1,0.19427,0.18929,0.0049813,0.025641,0.751,53.87,193,0.15388,0.14659,0.0072868,0.047354,-0.0052648,0.020627,0.278,0.10416,0.1123,-0.008144,-0.078189,0.107,,,,,,,,True,0,2,"[23558, 30685, 30701, 30718, 30859, 30868]",0,36.051,-5,False,-0.0030511,-0.026087,0.12001,-0.01471,0.0094163,0.63,-0.012459,-0.14715,0.097127,0.025297,0.11461,0.0032392,0.020731,0.15932,0.11864,0.083449,0.027816,0.028643,0.0049813,0.0072868,-0.008144,sctrl0of2_armB_both_lora_b20_r8_lr0.0003_seed0_hq_ms400_pat4__eval30752,0,0,0,0,0,0,0,0,0,0,0,0,0,0,0,0,0,0,0,0,0,0,0,,,,,,,,,,,,
sctrl0of2_armB_both_lora_b20_r8_lr0.0003_seed0_hq_ms400_pat4__eval30777,30777,B,both,lora,20,8,0.0003,0,protocol,loss,/root/deep-learning-project/src/training/runs/sctrl0of2_armB_both_lora_b20_r8_lr0.0003_seed0_hq_ms400_pat4,19.711,67,120,13.333,0.21903,,156,49.036,0.12797,0.11578,0.012188,0.095238,0.0044647,0.020273,0.005,0.0014901,156,6400,0.076265,0.068731,0.0825,0.084062,-0.0015625,-0.018939,-0.0089302,0.0054519,0.657,0.96395,82.024,,ivrit-ai/whisper-large-v3,"greedy+loopguard(cr>3.0,ngram6)",0.48107,0.080586,0.43834,0,0.50472,0.16059,0.33468,0,0.74621,0.125,0.12879,291,0.69517,0.22119,0.083643,203,359,85.059,0.57649,0.19403,0.17401,0.020016,0.10316,0.012086,0.028472,0,1.3836e-07,359,11091,0.41264,0.11803,0.46933,0,0.44145,0.19326,0.36528,0,0.12455,0.111,0.1247,0.12506,-0.00036065,-0.0028923,-0.0066436,0.0055609,0.936,0.96826,0.64208,0.18366,0.17426,769,0.61428,0.26893,0.1168,543,2.2483,27,0.49536,0.39009,0.10526,0.2125,0.026611,0.20066,0.008,0.37771,0.33437,0.043344,0.11475,0.148,7.0818,55,0.44903,0.41466,0.034364,0.076531,-0.006552,0.077956,0.117,0.26002,0.2646,-0.0045819,-0.017621,0.794,12.41,59,0.26037,0.2291,0.03127,0.1201,0.0066896,0.065768,0.01,0.16465,0.15954,0.0051053,0.031008,0.643,63.319,218,0.14313,0.13004,0.013088,0.091443,0.0053439,0.020281,0.001,0.09318,0.095821,-0.0026417,-0.028351,0.4,,,,,,,,True,0,2,"[23558, 30685, 30701, 30718, 30859, 30868]",0,39.894,1.4231,True,0.012188,0.095238,0.11578,0.0044647,0.020273,0.005,-0.0015625,-0.018939,0.084062,0.020016,0.10316,-0.00036065,-0.0028923,0.10526,0.043344,0.034364,-0.0045819,0.03127,0.0051053,0.013088,-0.0026417,sctrl0of2_armB_both_lora_b20_r8_lr0.0003_seed0_hq_ms400_pat4__eval30777,0,0,0,0,0,0,0,0,0,0,0,0,0,0,0,0,0,0,0,0,0,0,0,,,,,,,,,,,,
sctrl0of2_armB_both_lora_b20_r8_lr0.0003_seed0_hq_ms400_pat4__eval30813,30813,B,both,lora,20,8,0.0003,0,protocol,loss,/root/deep-learning-project/src/training/runs/sctrl0of2_armB_both_lora_b20_r8_lr0.0003_seed0_hq_ms400_pat4,19.711,67,120,13.333,0.21903,,208,57.176,0.10397,0.11147,-0.0074948,-0.072086,-0.017635,0.0017455,0.112,0.15056,208,6271,0.054248,0.059778,0.074629,0.094243,-0.019614,-0.26282,-0.029159,-0.011144,0,5.1796e-05,82.024,,ivrit-ai/whisper-large-v3,"greedy+loopguard(cr>3.0,ngram6)",0.51687,0.10276,0.38037,0,0.49499,0.29614,0.20887,0,0.72009,0.14316,0.13675,184,0.58545,0.35025,0.064298,108,441,98.553,0.58015,0.17192,0.16798,0.0039392,0.022913,-0.0067755,0.014622,0.446,0.90201,441,10662,0.42008,0.12384,0.45608,2,0.46008,0.26745,0.27247,1,0.10744,0.10114,0.11555,0.13346,-0.017914,-0.15503,-0.026421,-0.0095939,0,2.0598e-06,0.625,0.18425,0.19075,601,0.57906,0.33661,0.084329,368,3.6174,34,0.59621,0.42271,0.1735,0.29101,0.042546,0.40507,0.001,0.33754,0.23028,0.10726,0.31776,0.019,10.949,69,0.31097,0.28196,0.029012,0.093294,-0.0058731,0.06503,0.112,0.1922,0.21487,-0.022665,-0.11792,0.052,15.504,79,0.23036,0.21323,0.017129,0.074359,-0.01097,0.049076,0.256,0.16125,0.17838,-0.017129,-0.10623,0.165,68.482,259,0.12068,0.13048,-0.0098026,-0.081229,-0.018941,-0.00037666,0.042,0.084779,0.10743,-0.022652,-0.26719,0,,,,,,,,True,0,2,"[23558, 30685, 30701, 30718, 30859, 30868]",0,43.554,-2.1702,False,-0.0074948,-0.072086,0.11147,-0.017635,0.0017455,0.112,-0.019614,-0.26282,0.094243,0.0039392,0.022913,-0.017914,-0.15503,0.1735,0.10726,0.029012,-0.022665,0.017129,-0.017129,-0.0098026,-0.022652,sctrl0of2_armB_both_lora_b20_r8_lr0.0003_seed0_hq_ms400_pat4__eval30813,0,0,0,0,0,0,0,0,0,0,0,0,0,0,0,0,0,0,0,0,0,0,0,,,,,,,,,,,,
sctrl0of2_armB_both_lora_b20_r8_lr0.0003_seed0_hq_ms400_pat4__eval30831,30831,B,both,lora,20,8,0.0003,0,protocol,loss,/root/deep-learning-project/src/training/runs/sctrl0of2_armB_both_lora_b20_r8_lr0.0003_seed0_hq_ms400_pat4,19.711,67,120,13.333,0.21903,,173,50.1,0.14165,0.12559,0.016058,0.11337,0.0075086,0.02485,0,0.00012586,173,5916,0.097415,0.085515,0.070656,0.070487,0.00016903,0.0023923,-0.006806,0.0067595,0.954,0.60943,82.024,,ivrit-ai/whisper-large-v3,"greedy+loopguard(cr>3.0,ngram6)",0.33174,0.087112,0.58115,1,0.33917,0.18439,0.47645,1,0.66507,0.17464,0.16029,420,0.60432,0.32854,0.067146,326,415,92.445,0.54194,0.25706,0.22356,0.033505,0.13034,0.024372,0.043876,0,6.5887e-12,415,10655,0.29536,0.10223,0.60241,8,0.31906,0.1738,0.50714,6,0.18883,0.16035,0.13252,0.12708,0.0054435,0.041076,-0.0009119,0.011867,0.095,0.078842,0.57295,0.1983,0.22875,1327,0.5613,0.30576,0.13294,1028,5.7173,43,0.8167,0.74229,0.07441,0.091111,0.014995,0.14792,0.017,0.42105,0.40472,0.016334,0.038793,0.483,11.626,78,0.46469,0.38604,0.078652,0.16926,0.044499,0.1138,0,0.25281,0.23515,0.017657,0.069841,0.196,11.125,59,0.32315,0.27733,0.04582,0.14179,0.018681,0.077103,0.001,0.17042,0.15514,0.015273,0.089623,0.156,63.976,235,0.17179,0.15064,0.021145,0.12309,0.012474,0.031898,0,0.085763,0.084712,0.0010507,0.012251,0.735,,,,,,,,True,0,2,"[23558, 30685, 30701, 30718, 30859, 30868]",0,48.317,1.4,True,0.016058,0.11337,0.12559,0.0075086,0.02485,0,0.00016903,0.0023923,0.070487,0.033505,0.13034,0.0054435,0.041076,0.07441,0.016334,0.078652,0.017657,0.04582,0.015273,0.021145,0.0010507,sctrl0of2_armB_both_lora_b20_r8_lr0.0003_seed0_hq_ms400_pat4__eval30831,0,0,0,0,0,0,0,0,0,0,0,0,0,0,0,0,0,0,0,0,0,0,0,,,,,,,,,,,,
sctrl0of2_armB_both_lora_b20_r8_lr0.0003_seed0_hq_ms400_pat4__eval30843,30843,B,both,lora,20,8,0.0003,0,protocol,loss,/root/deep-learning-project/src/training/runs/sctrl0of2_armB_both_lora_b20_r8_lr0.0003_seed0_hq_ms400_pat4,19.711,67,120,13.333,0.21903,,112,30.227,0.17351,0.15485,0.018657,0.10753,0.004863,0.033651,0.008,0.018771,112,3216,0.096592,0.081709,0.11567,0.1222,-0.0065299,-0.056452,-0.018463,0.006168,0.309,0.32123,82.024,,ivrit-ai/whisper-large-v3,"greedy+loopguard(cr>3.0,ngram6)",0.5,0.080645,0.41935,0,0.54819,0.1747,0.27711,0,0.75,0.12097,0.12903,186,0.69466,0.22137,0.083969,105,448,90.581,0.3337,0.30878,0.27214,0.036633,0.11864,0.026514,0.047239,0,2.6068e-12,448,9800,0.43424,0.09848,0.46728,2,0.47094,0.21072,0.31834,2,0.20012,0.17343,0.20663,0.20939,-0.0027551,-0.013333,-0.010715,0.0060451,0.554,0.99791,0.64889,0.14716,0.20395,1001,0.61209,0.27388,0.11404,615,6.5399,63,0.63676,0.57794,0.058824,0.092379,0.018835,0.10567,0.003,0.44559,0.43382,0.011765,0.026403,0.611,20.206,119,0.42671,0.37645,0.050256,0.11778,0.026109,0.076595,0,0.28246,0.28711,-0.0046533,-0.016474,0.661,25.868,115,0.2976,0.25861,0.038984,0.13099,0.019055,0.059079,0,0.20292,0.20362,-0.00069614,-0.0034305,0.971,37.966,151,0.20034,0.17618,0.024158,0.12058,0.011635,0.037381,0,0.12982,0.13543,-0.0056125,-0.043233,0.345,,,,,,,,True,0,2,"[23558, 30685, 30701, 30718, 30859, 30868]",0,54.013,1.6,True,0.018657,0.10753,0.15485,0.004863,0.033651,0.008,-0.0065299,-0.056452,0.1222,0.036633,0.11864,-0.0027551,-0.013333,0.058824,0.011765,0.050256,-0.0046533,0.038984,-0.00069614,0.024158,-0.0056125,sctrl0of2_armB_both_lora_b20_r8_lr0.0003_seed0_hq_ms400_pat4__eval30843,0,0,0,0,0,0,0,0,0,0,0,0,0,0,0,0,0,0,0,0,0,0,0,,,,,,,,,,,,
sctrl0of2_armB_both_lora_b20_r8_lr0.0003_seed0_hq_ms400_pat4__eval556,556,B,both,lora,20,8,0.0003,0,protocol,loss,/root/deep-learning-project/src/training/runs/sctrl0of2_armB_both_lora_b20_r8_lr0.0003_seed0_hq_ms400_pat4,19.711,67,120,13.333,0.21903,,205,45.031,0.19067,0.15099,0.039683,0.20812,0.027652,0.051767,0,4.8755e-10,205,5040,0.13424,0.10115,0.10972,0.097222,0.0125,0.11392,0.0035504,0.021869,0.005,0.0090992,82.024,,ivrit-ai/whisper-large-v3,"greedy+loopguard(cr>3.0,ngram6)",0.33923,0.074922,0.58585,0,0.40079,0.15769,0.44152,0,0.58951,0.1302,0.28029,408,0.62245,0.2449,0.13265,271,797,144.37,0.31193,0.33989,0.27172,0.068174,0.20058,0.057704,0.078929,0,6.8342e-39,797,15299,0.31019,0.089615,0.60019,7,0.35266,0.15155,0.49579,3,0.25689,0.19787,0.19217,0.16589,0.026276,0.13673,0.019566,0.033064,0,3.3643e-12,0.54864,0.1585,0.29286,2260,0.57762,0.24823,0.17415,1619,12.526,121,0.6307,0.53557,0.095124,0.15082,0.05493,0.14344,0,0.3709,0.33094,0.039968,0.10776,0.006,25.017,164,0.52487,0.4217,0.10316,0.19655,0.071399,0.13906,0,0.30662,0.25853,0.048089,0.15684,0,36.562,181,0.33891,0.26699,0.071921,0.21222,0.052787,0.092557,0,0.17675,0.15234,0.024416,0.13814,0,70.261,331,0.23665,0.18542,0.05123,0.21648,0.040036,0.062291,0,0.13559,0.11737,0.018224,0.1344,0,,,,,,,,True,0,2,"[23558, 30685, 30701, 30718, 30859, 30868]",0,81.823,1.135,True,0.039683,0.20812,0.15099,0.027652,0.051767,0,0.0125,0.11392,0.097222,0.068174,0.20058,0.026276,0.13673,0.095124,0.039968,0.10316,0.048089,0.071921,0.024416,0.05123,0.018224,sctrl0of2_armB_both_lora_b20_r8_lr0.0003_seed0_hq_ms400_pat4__eval556,0,0,0,0,0,0,0,0,0,0,0,0,0,0,0,0,0,0,0,0,0,0,0,,,,,,,,,,,,
sctrl0of2_armB_both_lora_b5_r8_lr0.0001_seed0_hq_ms400_pat4__eval30752,30752,B,both,lora,5,8,0.0001,0,protocol,loss,/root/deep-learning-project/src/training/runs/sctrl0of2_armB_both_lora_b5_r8_lr0.0001_seed0_hq_ms400_pat4,4.5798,13,140,70,0.26101,,152,45.723,0.11696,0.1223,-0.0053394,-0.045652,-0.014728,0.0039936,0.275,0.25098,152,3933,0.067369,0.070029,0.084668,0.093567,-0.0088991,-0.10511,-0.017238,-0.00078092,0.034,0.023086,94.122,,ivrit-ai/whisper-large-v3,"greedy+loopguard(cr>3.0,ngram6)",0.46522,0.08913,0.44565,0,0.45322,0.18919,0.35759,0,0.64264,0.12312,0.23423,127,0.59239,0.24728,0.16033,113,320,72.184,0.63343,0.22073,0.19466,0.026068,0.1181,0.012265,0.042588,0,0.0010285,320,6483,0.34941,0.14186,0.50874,3,0.39065,0.23851,0.37084,2,0.14846,0.12553,0.15625,0.14654,0.0097177,0.062192,-0.00047536,0.021635,0.066,0.25398,0.49358,0.20039,0.30602,418,0.51895,0.31684,0.16421,312,3.164,34,0.66102,0.50847,0.15254,0.23077,0.063693,0.26874,0,0.45763,0.34915,0.10847,0.23704,0.001,6.6802,47,0.44506,0.32823,0.11683,0.2625,0.034791,0.2224,0.001,0.32823,0.26147,0.066759,0.20339,0.007,8.4689,46,0.24658,0.22042,0.026152,0.10606,-0.0012082,0.050743,0.067,0.19427,0.19427,0,0,1,53.87,193,0.15388,0.14981,0.004072,0.026462,-0.0061273,0.016011,0.418,0.10416,0.1078,-0.0036434,-0.034979,0.475,,,,,,,,True,0,2,"[23558, 30685, 30701, 30718, 30859, 30868]",0,27.451,-1.5714,False,-0.0053394,-0.045652,0.1223,-0.014728,0.0039936,0.275,-0.0088991,-0.10511,0.093567,0.026068,0.1181,0.0097177,0.062192,0.15254,0.10847,0.11683,0.066759,0.026152,0,0.004072,-0.0036434,sctrl0of2_armB_both_lora_b5_r8_lr0.0001_seed0_hq_ms400_pat4__eval30752,0,0,0,0,0,0,0,0,0,0,0,0,0,0,0,0,0,0,0,0,0,0,0,,,,,,,,,,,,
sctrl0of2_armB_both_lora_b5_r8_lr0.0001_seed0_hq_ms400_pat4__eval30777,30777,B,both,lora,5,8,0.0001,0,protocol,loss,/root/deep-learning-project/src/training/runs/sctrl0of2_armB_both_lora_b5_r8_lr0.0001_seed0_hq_ms400_pat4,4.5798,13,140,70,0.26101,,156,49.036,0.12797,0.12109,0.006875,0.053724,-0.0034916,0.015522,0.186,0.0078328,156,6400,0.076265,0.072391,0.0825,0.085156,-0.0026563,-0.032197,-0.012249,0.0044532,0.58,0.94275,94.122,,ivrit-ai/whisper-large-v3,"greedy+loopguard(cr>3.0,ngram6)",0.48107,0.080586,0.43834,0,0.48645,0.15484,0.35871,0,0.74621,0.125,0.12879,291,0.69174,0.22018,0.088073,230,359,85.059,0.57649,0.19403,0.18168,0.012352,0.063662,0.0042218,0.020349,0.003,8.3266e-05,359,11091,0.41264,0.11803,0.46933,0,0.43424,0.1732,0.39256,0,0.12455,0.11652,0.1247,0.12722,-0.0025246,-0.020246,-0.0088618,0.0035218,0.441,0.98696,0.64208,0.18366,0.17426,769,0.62013,0.24734,0.13253,604,2.2483,27,0.49536,0.43963,0.055728,0.1125,-0.012399,0.14085,0.177,0.37771,0.3808,-0.003096,-0.0081967,1,7.0818,55,0.44903,0.41924,0.029782,0.066327,-0.0011395,0.067898,0.059,0.26002,0.25315,0.0068729,0.026432,0.599,12.41,59,0.26037,0.24633,0.01404,0.053922,-0.0056537,0.035223,0.205,0.16465,0.1723,-0.0076579,-0.046512,0.388,63.319,218,0.14313,0.13461,0.0085255,0.059564,0.00035484,0.015986,0.04,0.09318,0.095701,-0.0025216,-0.027062,0.477,,,,,,,,True,0,2,"[23558, 30685, 30701, 30718, 30859, 30868]",0,40.745,1.8409,True,0.006875,0.053724,0.12109,-0.0034916,0.015522,0.186,-0.0026563,-0.032197,0.085156,0.012352,0.063662,-0.0025246,-0.020246,0.055728,-0.003096,0.029782,0.0068729,0.01404,-0.0076579,0.0085255,-0.0025216,sctrl0of2_armB_both_lora_b5_r8_lr0.0001_seed0_hq_ms400_pat4__eval30777,0,0,0,0,0,0,0,0,0,0,0,0,0,0,0,0,0,0,0,0,0,0,0,,,,,,,,,,,,
sctrl0of2_armB_both_lora_b5_r8_lr0.0001_seed0_hq_ms400_pat4__eval30813,30813,B,both,lora,5,8,0.0001,0,protocol,loss,/root/deep-learning-project/src/training/runs/sctrl0of2_armB_both_lora_b5_r8_lr0.0001_seed0_hq_ms400_pat4,4.5798,13,140,70,0.26101,,208,57.176,0.10397,0.10844,-0.004465,-0.042945,-0.012774,0.0038958,0.297,0.37962,208,6271,0.054248,0.054863,0.074629,0.088503,-0.013873,-0.1859,-0.021629,-0.0060292,0,0.0022239,94.122,,ivrit-ai/whisper-large-v3,"greedy+loopguard(cr>3.0,ngram6)",0.51687,0.10276,0.38037,0,0.53235,0.22353,0.24412,0,0.72009,0.14316,0.13675,184,0.65225,0.27387,0.073874,125,441,98.553,0.58015,0.17192,0.17032,0.0015944,0.0092744,-0.007114,0.010922,0.745,0.82784,441,10662,0.42008,0.12384,0.45608,2,0.46035,0.22026,0.31938,2,0.10744,0.10173,0.11555,0.12915,-0.0136,-0.11769,-0.021661,-0.0051691,0.004,8.3985e-05,0.625,0.18425,0.19075,601,0.60712,0.29049,0.1024,439,3.6174,34,0.59621,0.50473,0.091483,0.15344,-0.068465,0.34484,0.325,0.33754,0.29968,0.037855,0.11215,0.706,10.949,69,0.31097,0.30644,0.0045331,0.014577,-0.031224,0.036766,0.793,0.1922,0.22121,-0.029012,-0.15094,0.067,15.504,79,0.23036,0.21087,0.019492,0.084615,-0.0022488,0.044522,0.085,0.16125,0.16302,-0.001772,-0.010989,0.901,68.482,259,0.12068,0.1273,-0.0066234,-0.054885,-0.01413,0.001128,0.098,0.084779,0.10094,-0.016161,-0.19062,0,,,,,,,,True,0,2,"[23558, 30685, 30701, 30718, 30859, 30868]",0,53.378,-2.9286,False,-0.004465,-0.042945,0.10844,-0.012774,0.0038958,0.297,-0.013873,-0.1859,0.088503,0.0015944,0.0092744,-0.0136,-0.11769,0.091483,0.037855,0.0045331,-0.029012,0.019492,-0.001772,-0.0066234,-0.016161,sctrl0of2_armB_both_lora_b5_r8_lr0.0001_seed0_hq_ms400_pat4__eval30813,0,0,0,0,0,0,0,0,0,0,0,0,0,0,0,0,0,0,0,0,0,0,0,,,,,,,,,,,,
sctrl0of2_armB_both_lora_b5_r8_lr0.0001_seed0_hq_ms400_pat4__eval30831,30831,B,both,lora,5,8,0.0001,0,protocol,loss,/root/deep-learning-project/src/training/runs/sctrl0of2_armB_both_lora_b5_r8_lr0.0001_seed0_hq_ms400_pat4,4.5798,13,140,70,0.26101,,173,50.1,0.14165,0.12931,0.012339,0.087112,0.0059686,0.018939,0,0.0001911,173,5916,0.097415,0.087499,0.070656,0.069811,0.00084517,0.011962,-0.0037081,0.0054047,0.741,0.56088,94.122,,ivrit-ai/whisper-large-v3,"greedy+loopguard(cr>3.0,ngram6)",0.33174,0.087112,0.58115,1,0.33856,0.13987,0.52157,1,0.66507,0.17464,0.16029,420,0.62712,0.25908,0.1138,352,415,92.445,0.54194,0.25706,0.22919,0.027874,0.10843,0.020309,0.036544,0,1.6313e-12,415,10655,0.29536,0.10223,0.60241,8,0.31368,0.14292,0.54341,5,0.18883,0.16563,0.13252,0.12492,0.0076021,0.057365,0.0023648,0.013367,0.001,0.0059305,0.57295,0.1983,0.22875,1327,0.57551,0.26221,0.16228,1111,5.7173,43,0.8167,0.73866,0.07804,0.095556,0.023169,0.15152,0.001,0.42105,0.3902,0.030853,0.073276,0.087,11.626,78,0.46469,0.40128,0.063403,0.13644,0.030404,0.099641,0,0.25281,0.23997,0.012841,0.050794,0.314,11.125,59,0.32315,0.28778,0.03537,0.10945,0.017255,0.05726,0,0.17042,0.15032,0.020096,0.11792,0.019,63.976,235,0.17179,0.15458,0.017205,0.10015,0.010469,0.024082,0,0.085763,0.082742,0.0030208,0.035222,0.192,,,,,,,,True,0,2,"[23558, 30685, 30701, 30718, 30859, 30868]",0,41.733,1.2055,True,0.012339,0.087112,0.12931,0.0059686,0.018939,0,0.00084517,0.011962,0.069811,0.027874,0.10843,0.0076021,0.057365,0.07804,0.030853,0.063403,0.012841,0.03537,0.020096,0.017205,0.0030208,sctrl0of2_armB_both_lora_b5_r8_lr0.0001_seed0_hq_ms400_pat4__eval30831,0,0,0,0,0,0,0,0,0,0,0,0,0,0,0,0,0,0,0,0,0,0,0,,,,,,,,,,,,
sctrl0of2_armB_both_lora_b5_r8_lr0.0001_seed0_hq_ms400_pat4__eval30843,30843,B,both,lora,5,8,0.0001,0,protocol,loss,/root/deep-learning-project/src/training/runs/sctrl0of2_armB_both_lora_b5_r8_lr0.0001_seed0_hq_ms400_pat4,4.5798,13,140,70,0.26101,,112,30.227,0.17351,0.17195,0.0015547,0.0089606,-0.012821,0.016452,0.859,0.91239,112,3216,0.096592,0.094082,0.11567,0.13961,-0.023943,-0.20699,-0.035243,-0.012457,0,0.00024384,94.122,,ivrit-ai/whisper-large-v3,"greedy+loopguard(cr>3.0,ngram6)",0.5,0.080645,0.41935,0,0.53707,0.1953,0.26763,0,0.75,0.12097,0.12903,186,0.66147,0.24053,0.097996,104,448,90.581,0.3337,0.30878,0.28735,0.021429,0.069399,0.011312,0.031588,0,2.3298e-05,448,9800,0.43424,0.09848,0.46728,2,0.48011,0.18075,0.33913,2,0.20012,0.18252,0.20663,0.22286,-0.016224,-0.078519,-0.023854,-0.0083904,0,0.00055988,0.64889,0.14716,0.20395,1001,0.61905,0.23306,0.14789,632,6.5399,63,0.63676,0.62059,0.016176,0.025404,-0.04053,0.067825,0.581,0.44559,0.45,-0.0044118,-0.009901,0.863,20.206,119,0.42671,0.3946,0.032108,0.075245,0.010684,0.054867,0.006,0.28246,0.30433,-0.021871,-0.07743,0.017,25.868,115,0.2976,0.2621,0.035503,0.1193,0.017022,0.053927,0,0.20292,0.20814,-0.005221,-0.025729,0.468,37.966,151,0.20034,0.19351,0.0068326,0.034105,-0.0072223,0.021672,0.359,0.12982,0.15276,-0.022938,-0.17669,0,,,,,,,,True,0,2,"[23558, 30685, 30701, 30718, 30859, 30868]",0,53.551,5,True,0.0015547,0.0089606,0.17195,-0.012821,0.016452,0.859,-0.023943,-0.20699,0.13961,0.021429,0.069399,-0.016224,-0.078519,0.016176,-0.0044118,0.032108,-0.021871,0.035503,-0.005221,0.0068326,-0.022938,sctrl0of2_armB_both_lora_b5_r8_lr0.0001_seed0_hq_ms400_pat4__eval30843,0,0,0,0,0,0,0,0,0,0,0,0,0,0,0,0,0,0,0,0,0,0,0,,,,,,,,,,,,
sctrl0of2_armB_both_lora_b5_r8_lr0.0001_seed0_hq_ms400_pat4__eval556,556,B,both,lora,5,8,0.0001,0,protocol,loss,/root/deep-learning-project/src/training/runs/sctrl0of2_armB_both_lora_b5_r8_lr0.0001_seed0_hq_ms400_pat4,4.5798,13,140,70,0.26101,,205,45.031,0.19067,0.1623,0.028373,0.1488,0.018083,0.038878,0,2.0038e-08,205,5040,0.13424,0.11033,0.10972,0.099802,0.0099206,0.090416,0.001653,0.01788,0.017,0.010786,94.122,,ivrit-ai/whisper-large-v3,"greedy+loopguard(cr>3.0,ngram6)",0.33923,0.074922,0.58585,0,0.37775,0.13325,0.489,0,0.58951,0.1302,0.28029,408,0.61431,0.2167,0.16899,315,797,144.37,0.31193,0.33989,0.2925,0.047389,0.13942,0.038655,0.056281,0,2.9145e-29,797,15299,0.31019,0.089615,0.60019,7,0.34168,0.12223,0.53609,5,0.25689,0.21642,0.19217,0.17217,0.020001,0.10408,0.01374,0.02658,0,1.3879e-10,0.54864,0.1585,0.29286,2260,0.58049,0.20767,0.21185,1841,12.526,121,0.6307,0.58753,0.043165,0.068441,0.019621,0.069629,0,0.3709,0.35252,0.018385,0.049569,0.126,25.017,164,0.52487,0.43979,0.08508,0.1621,0.053898,0.11975,0,0.30662,0.26469,0.041924,0.13673,0,36.562,181,0.33891,0.2922,0.046709,0.13782,0.029562,0.064765,0,0.17675,0.1595,0.017251,0.097598,0.002,70.261,331,0.23665,0.19995,0.036702,0.15509,0.027698,0.046324,0,0.13559,0.12081,0.014783,0.10902,0,,,,,,,,True,0,2,"[23558, 30685, 30701, 30718, 30859, 30868]",0,84.316,1.1399,True,0.028373,0.1488,0.1623,0.018083,0.038878,0,0.0099206,0.090416,0.099802,0.047389,0.13942,0.020001,0.10408,0.043165,0.018385,0.08508,0.041924,0.046709,0.017251,0.036702,0.014783,sctrl0of2_armB_both_lora_b5_r8_lr0.0001_seed0_hq_ms400_pat4__eval556,0,0,0,0,0,0,0,0,0,0,0,0,0,0,0,0,0,0,0,0,0,0,0,,,,,,,,,,,,
sctrl0of2_armB_both_lora_b80_r8_lr0.0003_seed0_hq_ms400_pat4__eval30752,30752,B,both,lora,80,8,0.0003,0,protocol,loss,/root/deep-learning-project/src/training/runs/sctrl0of2_armB_both_lora_b80_r8_lr0.0003_seed0_hq_ms400_pat4,79.977,283,160,4.4444,0.19805,,152,45.723,0.11696,0.10577,0.011187,0.095652,-0.00025059,0.023345,0.061,0.025078,152,3933,0.067369,0.057126,0.084668,0.085939,-0.0012713,-0.015015,-0.010229,0.0070444,0.799,0.93661,110.78,,ivrit-ai/whisper-large-v3,"greedy+loopguard(cr>3.0,ngram6)",0.46522,0.08913,0.44565,0,0.5,0.21635,0.28365,0,0.64264,0.12312,0.23423,127,0.61538,0.26627,0.11834,78,320,72.184,0.63343,0.22073,0.17631,0.044424,0.20126,0.028074,0.063019,0,1.3451e-07,320,6483,0.34941,0.14186,0.50874,3,0.40857,0.28609,0.30534,2,0.14846,0.11073,0.15625,0.14114,0.015116,0.096742,0.0035517,0.028607,0.006,0.030918,0.49358,0.20039,0.30602,418,0.51038,0.35738,0.13224,228,3.164,34,0.66102,0.43729,0.22373,0.33846,0.11204,0.35765,0,0.45763,0.3322,0.12542,0.27407,0,6.6802,47,0.44506,0.32267,0.12239,0.275,0.030675,0.22704,0.003,0.32823,0.27121,0.057024,0.17373,0.065,8.4689,46,0.24658,0.20797,0.038605,0.15657,-2.3343e-05,0.081637,0.058,0.19427,0.18182,0.012453,0.064103,0.507,53.87,193,0.15388,0.1318,0.022075,0.14345,0.0085016,0.036448,0.001,0.10416,0.10201,0.0021432,0.020576,0.662,,,,,,,,True,0,2,"[23558, 30685, 30701, 30718, 30859, 30868]",0,35.158,1.9773,True,0.011187,0.095652,0.10577,-0.00025059,0.023345,0.061,-0.0012713,-0.015015,0.085939,0.044424,0.20126,0.015116,0.096742,0.22373,0.12542,0.12239,0.057024,0.038605,0.012453,0.022075,0.0021432,sctrl0of2_armB_both_lora_b80_r8_lr0.0003_seed0_hq_ms400_pat4__eval30752,0,0,0,0,0,0,0,0,0,0,0,0,0,0,0,0,0,0,0,0,0,0,0,,,,,,,,,,,,
sctrl0of2_armB_both_lora_b80_r8_lr0.0003_seed0_hq_ms400_pat4__eval30777,30777,B,both,lora,80,8,0.0003,0,protocol,loss,/root/deep-learning-project/src/training/runs/sctrl0of2_armB_both_lora_b80_r8_lr0.0003_seed0_hq_ms400_pat4,79.977,283,160,4.4444,0.19805,,156,49.036,0.12797,0.11641,0.011562,0.090354,0.0034288,0.019645,0.005,0.0060069,156,6400,0.076265,0.067255,0.0825,0.085,-0.0025,-0.030303,-0.010032,0.004991,0.51,0.80357,110.78,,ivrit-ai/whisper-large-v3,"greedy+loopguard(cr>3.0,ngram6)",0.48107,0.080586,0.43834,0,0.5047,0.16779,0.32752,0,0.74621,0.125,0.12879,291,0.69118,0.22978,0.079044,201,359,85.059,0.57649,0.19403,0.17059,0.023442,0.12082,0.015117,0.032967,0,1.5399e-07,359,11091,0.41264,0.11803,0.46933,0,0.46934,0.19873,0.33192,0,0.12455,0.10528,0.1247,0.1256,-0.00090163,-0.0072307,-0.0077383,0.0056905,0.815,0.88034,0.64208,0.18366,0.17426,769,0.63747,0.26992,0.092606,499,2.2483,27,0.49536,0.3839,0.11146,0.225,0.041659,0.20548,0,0.37771,0.29721,0.080495,0.21311,0.015,7.0818,55,0.44903,0.36312,0.085911,0.19133,0.025085,0.16251,0.007,0.26002,0.26002,0,0,1,12.41,59,0.26037,0.23676,0.023612,0.090686,-0.0021675,0.057497,0.082,0.16465,0.16975,-0.0051053,-0.031008,0.662,63.319,218,0.14313,0.12968,0.013449,0.09396,0.0062636,0.020686,0,0.09318,0.096542,-0.0033622,-0.036082,0.331,,,,,,,,True,0,2,"[23558, 30685, 30701, 30718, 30859, 30868]",0,40.437,1.5541,True,0.011562,0.090354,0.11641,0.0034288,0.019645,0.005,-0.0025,-0.030303,0.085,0.023442,0.12082,-0.00090163,-0.0072307,0.11146,0.080495,0.085911,0,0.023612,-0.0051053,0.013449,-0.0033622,sctrl0of2_armB_both_lora_b80_r8_lr0.0003_seed0_hq_ms400_pat4__eval30777,0,0,0,0,0,0,0,0,0,0,0,0,0,0,0,0,0,0,0,0,0,0,0,,,,,,,,,,,,
sctrl0of2_armB_both_lora_b80_r8_lr0.0003_seed0_hq_ms400_pat4__eval30813,30813,B,both,lora,80,8,0.0003,0,protocol,loss,/root/deep-learning-project/src/training/runs/sctrl0of2_armB_both_lora_b80_r8_lr0.0003_seed0_hq_ms400_pat4,79.977,283,160,4.4444,0.19805,,208,57.176,0.10397,0.1145,-0.010525,-0.10123,-0.021761,0.00045367,0.062,0.18999,208,6271,0.054248,0.063955,0.074629,0.099346,-0.024717,-0.3312,-0.035606,-0.014564,0,1.5509e-05,110.78,,ivrit-ai/whisper-large-v3,"greedy+loopguard(cr>3.0,ngram6)",0.51687,0.10276,0.38037,0,0.47911,0.34123,0.17967,0,0.72009,0.14316,0.13675,184,0.55217,0.39326,0.054575,95,441,98.553,0.58015,0.17192,0.16901,0.0029075,0.016912,-0.0089077,0.015511,0.632,0.89248,441,10662,0.42008,0.12384,0.45608,2,0.44617,0.32297,0.23085,1,0.10744,0.10429,0.11555,0.14059,-0.025042,-0.21672,-0.035444,-0.014499,0,6.5307e-08,0.625,0.18425,0.19075,601,0.53636,0.38826,0.075384,303,3.6174,34,0.59621,0.39432,0.20189,0.33862,0.047161,0.49702,0.001,0.33754,0.23028,0.10726,0.31776,0.149,10.949,69,0.31097,0.2738,0.037171,0.11953,-0.0034248,0.079431,0.073,0.1922,0.22121,-0.029012,-0.15094,0.077,15.504,79,0.23036,0.21087,0.019492,0.084615,-0.010219,0.054912,0.22,0.16125,0.18429,-0.023036,-0.14286,0.075,68.482,259,0.12068,0.13485,-0.014174,-0.11745,-0.024728,-0.0033237,0.015,0.084779,0.11525,-0.030468,-0.35938,0,,,,,,,,True,0,2,"[23558, 30685, 30701, 30718, 30859, 30868]",0,43.985,-1.803,False,-0.010525,-0.10123,0.1145,-0.021761,0.00045367,0.062,-0.024717,-0.3312,0.099346,0.0029075,0.016912,-0.025042,-0.21672,0.20189,0.10726,0.037171,-0.029012,0.019492,-0.023036,-0.014174,-0.030468,sctrl0of2_armB_both_lora_b80_r8_lr0.0003_seed0_hq_ms400_pat4__eval30813,0,0,0,0,0,0,0,0,0,0,0,0,0,0,0,0,0,0,0,0,0,0,0,,,,,,,,,,,,
sctrl0of2_armB_both_lora_b80_r8_lr0.0003_seed0_hq_ms400_pat4__eval30831,30831,B,both,lora,80,8,0.0003,0,protocol,loss,/root/deep-learning-project/src/training/runs/sctrl0of2_armB_both_lora_b80_r8_lr0.0003_seed0_hq_ms400_pat4,79.977,283,160,4.4444,0.19805,,173,50.1,0.14165,0.12052,0.021129,0.14916,0.010745,0.032086,0,1.8262e-05,173,5916,0.097415,0.081179,0.070656,0.069811,0.00084517,0.011962,-0.0073345,0.0084819,0.847,0.4647,110.78,,ivrit-ai/whisper-large-v3,"greedy+loopguard(cr>3.0,ngram6)",0.33174,0.087112,0.58115,1,0.34222,0.20617,0.45161,1,0.66507,0.17464,0.16029,420,0.5908,0.35593,0.053269,300,415,92.445,0.54194,0.25706,0.21079,0.046269,0.17999,0.034706,0.059853,0,1.4739e-14,415,10655,0.29536,0.10223,0.60241,8,0.32858,0.18833,0.48308,4,0.18883,0.14939,0.13252,0.1237,0.0088221,0.066572,0.0011541,0.016495,0.021,0.025054,0.57295,0.1983,0.22875,1327,0.55994,0.32094,0.11912,928,5.7173,43,0.8167,0.64791,0.16878,0.20667,0.081845,0.28758,0,0.42105,0.37387,0.047187,0.11207,0.087,11.626,78,0.46469,0.36116,0.10353,0.2228,0.050323,0.16383,0,0.25281,0.23355,0.019262,0.07619,0.288,11.125,59,0.32315,0.27894,0.044212,0.13682,0.016894,0.073545,0.001,0.17042,0.15354,0.016881,0.099057,0.185,63.976,235,0.17179,0.14342,0.028369,0.16514,0.017713,0.040806,0,0.085763,0.082742,0.0030208,0.035222,0.366,,,,,,,,True,0,2,"[23558, 30685, 30701, 30718, 30859, 30868]",0,40.661,1.32,True,0.021129,0.14916,0.12052,0.010745,0.032086,0,0.00084517,0.011962,0.069811,0.046269,0.17999,0.0088221,0.066572,0.16878,0.047187,0.10353,0.019262,0.044212,0.016881,0.028369,0.0030208,sctrl0of2_armB_both_lora_b80_r8_lr0.0003_seed0_hq_ms400_pat4__eval30831,0,0,0,0,0,0,0,0,0,0,0,0,0,0,0,0,0,0,0,0,0,0,0,,,,,,,,,,,,
sctrl0of2_armB_both_lora_b80_r8_lr0.0003_seed0_hq_ms400_pat4__eval30843,30843,B,both,lora,80,8,0.0003,0,protocol,loss,/root/deep-learning-project/src/training/runs/sctrl0of2_armB_both_lora_b80_r8_lr0.0003_seed0_hq_ms400_pat4,79.977,283,160,4.4444,0.19805,,112,30.227,0.17351,0.15796,0.015547,0.089606,0.00062368,0.031295,0.045,0.074792,112,3216,0.096592,0.084335,0.11567,0.12345,-0.0077736,-0.067204,-0.020929,0.0050211,0.259,0.31626,110.78,,ivrit-ai/whisper-large-v3,"greedy+loopguard(cr>3.0,ngram6)",0.5,0.080645,0.41935,0,0.53937,0.17323,0.2874,0,0.75,0.12097,0.12903,186,0.69018,0.22166,0.088161,111,448,90.581,0.3337,0.30878,0.27316,0.035612,0.11533,0.02525,0.046546,0,1.5757e-10,448,9800,0.43424,0.09848,0.46728,2,0.46956,0.19686,0.33358,2,0.20012,0.17343,0.20663,0.20908,-0.002449,-0.011852,-0.011347,0.0070926,0.618,0.8513,0.64889,0.14716,0.20395,1001,0.61347,0.2572,0.12933,628,6.5399,63,0.63676,0.54559,0.091176,0.14319,0.040289,0.15016,0.001,0.44559,0.40882,0.036765,0.082508,0.143,20.206,119,0.42671,0.38902,0.037692,0.088332,0.013927,0.062336,0.004,0.28246,0.29037,-0.0079107,-0.028007,0.436,25.868,115,0.2976,0.25792,0.03968,0.13333,0.020591,0.059587,0,0.20292,0.2064,-0.0034807,-0.017153,0.718,37.966,151,0.20034,0.17789,0.02245,0.11206,0.0094323,0.03653,0.001,0.12982,0.13519,-0.0053685,-0.041353,0.351,,,,,,,,True,0,2,"[23558, 30685, 30701, 30718, 30859, 30868]",0,43.348,1.76,True,0.015547,0.089606,0.15796,0.00062368,0.031295,0.045,-0.0077736,-0.067204,0.12345,0.035612,0.11533,-0.002449,-0.011852,0.091176,0.036765,0.037692,-0.0079107,0.03968,-0.0034807,0.02245,-0.0053685,sctrl0of2_armB_both_lora_b80_r8_lr0.0003_seed0_hq_ms400_pat4__eval30843,0,0,0,0,0,0,0,0,0,0,0,0,0,0,0,0,0,0,0,0,0,0,0,,,,,,,,,,,,
sctrl0of2_armB_both_lora_b80_r8_lr0.0003_seed0_hq_ms400_pat4__eval556,556,B,both,lora,80,8,0.0003,0,protocol,loss,/root/deep-learning-project/src/training/runs/sctrl0of2_armB_both_lora_b80_r8_lr0.0003_seed0_hq_ms400_pat4,79.977,283,160,4.4444,0.19805,,205,45.031,0.19067,0.13948,0.05119,0.26847,0.03937,0.063802,0,3.8334e-14,205,5040,0.13424,0.090302,0.10972,0.093651,0.016071,0.14647,0.0078153,0.025038,0,0.00036404,110.78,,ivrit-ai/whisper-large-v3,"greedy+loopguard(cr>3.0,ngram6)",0.33923,0.074922,0.58585,0,0.4239,0.15932,0.41679,0,0.58951,0.1302,0.28029,408,0.63136,0.23729,0.13136,231,797,144.37,0.31193,0.33989,0.25407,0.085823,0.2525,0.073677,0.097788,0,8.215e-45,797,15299,0.31019,0.089615,0.60019,7,0.37021,0.16645,0.46334,4,0.25689,0.18234,0.19217,0.16132,0.030852,0.16054,0.023337,0.038722,0,3.7788e-14,0.54864,0.1585,0.29286,2260,0.58306,0.26216,0.15478,1419,12.526,121,0.6307,0.4964,0.13429,0.21293,0.083328,0.19272,0,0.3709,0.31575,0.055156,0.14871,0.002,25.017,164,0.52487,0.38964,0.13522,0.25764,0.095509,0.17853,0,0.30662,0.2536,0.053021,0.17292,0,36.562,181,0.33891,0.25796,0.080945,0.23884,0.059533,0.1052,0,0.17675,0.15074,0.026008,0.14715,0,70.261,331,0.23665,0.17153,0.06512,0.27518,0.052436,0.079052,0,0.13559,0.11316,0.022429,0.16541,0,,,,,,,,True,0,2,"[23558, 30685, 30701, 30718, 30859, 30868]",0,81.975,1.0465,True,0.05119,0.26847,0.13948,0.03937,0.063802,0,0.016071,0.14647,0.093651,0.085823,0.2525,0.030852,0.16054,0.13429,0.055156,0.13522,0.053021,0.080945,0.026008,0.06512,0.022429,sctrl0of2_armB_both_lora_b80_r8_lr0.0003_seed0_hq_ms400_pat4__eval556,0,0,0,0,0,0,0,0,0,0,0,0,0,0,0,0,0,0,0,0,0,0,0,,,,,,,,,,,,
sctrl0of2_armB_both_lora_b80_r8_lr0.0003_seed0_verbatim_hq_ms400_pat4__eval30752,30752,B,both,lora,80,8,0.0003,0,verbatim,loss,/root/deep-learning-project/src/training/runs/sctrl0of2_armB_both_lora_b80_r8_lr0.0003_seed0_verbatim_hq_ms400_pat4,79.977,283,140,3.8889,0.21781,,152,45.723,0.11696,0.11009,0.006865,0.058696,-0.00024822,0.014398,0.067,0.089937,152,3933,0.067369,0.062445,0.084668,0.0806,0.0040681,0.048048,-0.0018295,0.010385,0.197,0.24801,98.195,,ivrit-ai/whisper-large-v3,"greedy+loopguard(cr>3.0,ngram6)",0.46522,0.08913,0.44565,0,0.46882,0.11547,0.4157,0,0.64264,0.12312,0.23423,127,0.64038,0.15773,0.20189,116,320,72.184,0.63343,0.22073,0.19312,0.027611,0.12509,0.01569,0.042744,0,2.6241e-05,320,6483,0.34941,0.14186,0.50874,3,0.3738,0.19249,0.43371,3,0.14846,0.12495,0.15625,0.13898,0.017276,0.11056,0.0083901,0.02761,0,0.00090393,0.49358,0.20039,0.30602,418,0.51942,0.26748,0.2131,351,3.164,34,0.66102,0.52881,0.1322,0.2,0.0423,0.26227,0.002,0.45763,0.35932,0.098305,0.21481,0.004,6.6802,47,0.44506,0.35188,0.093185,0.20937,0.013286,0.19908,0.014,0.32823,0.26982,0.058414,0.17797,0.016,8.4689,46,0.24658,0.21793,0.028643,0.11616,-0.0011873,0.062653,0.07,0.19427,0.18057,0.013699,0.070513,0.286,53.87,193,0.15388,0.14316,0.010716,0.069638,0.0031379,0.019462,0.009,0.10416,0.097728,0.0064295,0.061728,0.051,,,,,,,,True,0,2,"[23558, 30685, 30701, 30718, 30859, 30868]",0,28.263,0.92593,True,0.006865,0.058696,0.11009,-0.00024822,0.014398,0.067,0.0040681,0.048048,0.0806,0.027611,0.12509,0.017276,0.11056,0.1322,0.098305,0.093185,0.058414,0.028643,0.013699,0.010716,0.0064295,sctrl0of2_armB_both_lora_b80_r8_lr0.0003_seed0_verbatim_hq_ms400_pat4__eval30752,0,0,0,0,0,0,0,0,0,0,0,0,0,0,0,0,0,0,0,0,0,0,0,,,,,,,,,,,,
sctrl0of2_armB_both_lora_b80_r8_lr0.0003_seed0_verbatim_hq_ms400_pat4__eval30777,30777,B,both,lora,80,8,0.0003,0,verbatim,loss,/root/deep-learning-project/src/training/runs/sctrl0of2_armB_both_lora_b80_r8_lr0.0003_seed0_verbatim_hq_ms400_pat4,79.977,283,140,3.8889,0.21781,,156,49.036,0.12797,0.11922,0.00875,0.068376,0.0029554,0.014618,0.002,0.0061136,156,6400,0.076265,0.071253,0.0825,0.07875,0.00375,0.045455,-0.0013066,0.0089248,0.142,0.14891,98.195,,ivrit-ai/whisper-large-v3,"greedy+loopguard(cr>3.0,ngram6)",0.48107,0.080586,0.43834,0,0.48755,0.091743,0.42071,0,0.74621,0.125,0.12879,291,0.7381,0.13889,0.12302,259,359,85.059,0.57649,0.19403,0.18141,0.012623,0.065056,0.0069919,0.018798,0,8.3297e-05,359,11091,0.41264,0.11803,0.46933,0,0.4334,0.12922,0.43738,0,0.12455,0.1158,0.1247,0.12118,0.0035164,0.0282,-0.001191,0.0081741,0.15,0.06795,0.64208,0.18366,0.17426,769,0.64881,0.19345,0.15774,668,2.2483,27,0.49536,0.4613,0.034056,0.06875,-0.0084776,0.081182,0.15,0.37771,0.34675,0.03096,0.081967,0.11,7.0818,55,0.44903,0.40092,0.04811,0.10714,0.0025856,0.10422,0.039,0.26002,0.26346,-0.0034364,-0.013216,0.884,12.41,59,0.26037,0.25207,0.0082961,0.031863,-0.0054411,0.022596,0.247,0.16465,0.16146,0.0031908,0.01938,0.668,63.319,218,0.14313,0.13425,0.0088857,0.062081,0.0034068,0.014492,0,0.09318,0.089938,0.0032421,0.034794,0.156,,,,,,,,True,0,2,"[23558, 30685, 30701, 30718, 30859, 30868]",0,41.619,0.67857,True,0.00875,0.068376,0.11922,0.0029554,0.014618,0.002,0.00375,0.045455,0.07875,0.012623,0.065056,0.0035164,0.0282,0.034056,0.03096,0.04811,-0.0034364,0.0082961,0.0031908,0.0088857,0.0032421,sctrl0of2_armB_both_lora_b80_r8_lr0.0003_seed0_verbatim_hq_ms400_pat4__eval30777,0,0,0,0,0,0,0,0,0,0,0,0,0,0,0,0,0,0,0,0,0,0,0,,,,,,,,,,,,
sctrl0of2_armB_both_lora_b80_r8_lr0.0003_seed0_verbatim_hq_ms400_pat4__eval30813,30813,B,both,lora,80,8,0.0003,0,verbatim,loss,/root/deep-learning-project/src/training/runs/sctrl0of2_armB_both_lora_b80_r8_lr0.0003_seed0_verbatim_hq_ms400_pat4,79.977,283,140,3.8889,0.21781,,208,57.176,0.10397,0.099825,0.0041461,0.039877,-0.0020026,0.010578,0.201,0.36316,208,6271,0.054248,0.050255,0.074629,0.076224,-0.0015946,-0.021368,-0.0071636,0.0039312,0.582,0.60399,98.195,,ivrit-ai/whisper-large-v3,"greedy+loopguard(cr>3.0,ngram6)",0.51687,0.10276,0.38037,0,0.53994,0.14856,0.3115,0,0.72009,0.14316,0.13675,184,0.70711,0.19456,0.098326,148,441,98.553,0.58015,0.17192,0.16338,0.008535,0.049645,0.0014811,0.016267,0.013,0.096396,441,10662,0.42008,0.12384,0.45608,2,0.46154,0.15614,0.38232,1,0.10744,0.097296,0.11555,0.11555,0,0,-0.0059269,0.0067389,0.962,0.59568,0.625,0.18425,0.19075,601,0.6526,0.22078,0.12662,510,3.6174,34,0.59621,0.46372,0.13249,0.22222,0.023178,0.33968,0.006,0.33754,0.23344,0.1041,0.30841,0.008,10.949,69,0.31097,0.27652,0.034451,0.11079,0.005554,0.066039,0.018,0.1922,0.18495,0.0072529,0.037736,0.496,15.504,79,0.23036,0.22623,0.0041347,0.017949,-0.011985,0.023257,0.657,0.16125,0.16302,-0.001772,-0.010989,0.863,68.482,259,0.12068,0.12015,0.00052987,0.0043908,-0.0050808,0.0064771,0.89,0.084779,0.089813,-0.0050338,-0.059375,0.047,,,,,,,,True,0,2,"[23558, 30685, 30701, 30718, 30859, 30868]",0,45.365,2.0385,True,0.0041461,0.039877,0.099825,-0.0020026,0.010578,0.201,-0.0015946,-0.021368,0.076224,0.008535,0.049645,0,0,0.13249,0.1041,0.034451,0.0072529,0.0041347,-0.001772,0.00052987,-0.0050338,sctrl0of2_armB_both_lora_b80_r8_lr0.0003_seed0_verbatim_hq_ms400_pat4__eval30813,0,0,0,0,0,0,0,0,0,0,0,0,0,0,0,0,0,0,0,0,0,0,0,,,,,,,,,,,,
sctrl0of2_armB_both_lora_b80_r8_lr0.0003_seed0_verbatim_hq_ms400_pat4__eval30831,30831,B,both,lora,80,8,0.0003,0,verbatim,loss,/root/deep-learning-project/src/training/runs/sctrl0of2_armB_both_lora_b80_r8_lr0.0003_seed0_verbatim_hq_ms400_pat4,79.977,283,140,3.8889,0.21781,,173,50.1,0.14165,0.12576,0.015889,0.11217,0.0084048,0.024494,0,5.2365e-05,173,5916,0.097415,0.086826,0.070656,0.063387,0.0072684,0.10287,0.0026316,0.012584,0,0.007434,98.195,,ivrit-ai/whisper-large-v3,"greedy+loopguard(cr>3.0,ngram6)",0.33174,0.087112,0.58115,1,0.33199,0.12634,0.54167,1,0.66507,0.17464,0.16029,420,0.65867,0.25067,0.090667,369,415,92.445,0.54194,0.25706,0.23688,0.020178,0.078496,0.013628,0.02731,0,2.0701e-08,415,10655,0.29536,0.10223,0.60241,8,0.29952,0.13114,0.56933,8,0.18883,0.17379,0.13252,0.12248,0.010042,0.075779,0.0052195,0.015132,0,0.00013336,0.57295,0.1983,0.22875,1327,0.57931,0.25364,0.16705,1219,5.7173,43,0.8167,0.8167,0,0,-0.038534,0.033404,1,0.42105,0.42468,-0.0036298,-0.0086207,0.887,11.626,78,0.46469,0.43258,0.032103,0.069085,0.0069989,0.058209,0.006,0.25281,0.24238,0.010433,0.04127,0.287,11.125,59,0.32315,0.28698,0.036174,0.11194,0.017758,0.05862,0,0.17042,0.14228,0.028135,0.16509,0.001,63.976,235,0.17179,0.15471,0.017074,0.099388,0.0097818,0.025672,0,0.085763,0.077752,0.0080116,0.093415,0,,,,,,,,True,0,2,"[23558, 30685, 30701, 30718, 30859, 30868]",0,41.465,0.89362,True,0.015889,0.11217,0.12576,0.0084048,0.024494,0,0.0072684,0.10287,0.063387,0.020178,0.078496,0.010042,0.075779,0,-0.0036298,0.032103,0.010433,0.036174,0.028135,0.017074,0.0080116,sctrl0of2_armB_both_lora_b80_r8_lr0.0003_seed0_verbatim_hq_ms400_pat4__eval30831,0,0,0,0,0,0,0,0,0,0,0,0,0,0,0,0,0,0,0,0,0,0,0,,,,,,,,,,,,
sctrl0of2_armB_both_lora_b80_r8_lr0.0003_seed0_verbatim_hq_ms400_pat4__eval30843,30843,B,both,lora,80,8,0.0003,0,verbatim,loss,/root/deep-learning-project/src/training/runs/sctrl0of2_armB_both_lora_b80_r8_lr0.0003_seed0_verbatim_hq_ms400_pat4,79.977,283,140,3.8889,0.21781,,112,30.227,0.17351,0.15547,0.018035,0.10394,0.0091578,0.028131,0,0.00047008,112,3216,0.096592,0.086028,0.11567,0.10728,0.0083955,0.072581,0.0015663,0.015758,0.019,0.033041,98.195,,ivrit-ai/whisper-large-v3,"greedy+loopguard(cr>3.0,ngram6)",0.5,0.080645,0.41935,0,0.506,0.1,0.394,0,0.75,0.12097,0.12903,186,0.73333,0.14493,0.12174,155,448,90.581,0.3337,0.30878,0.28184,0.026939,0.087244,0.020045,0.034138,0,1.3766e-12,448,9800,0.43424,0.09848,0.46728,2,0.44316,0.12636,0.43049,2,0.20012,0.18038,0.20663,0.19245,0.014184,0.068642,0.0082919,0.020782,0,5.6619e-06,0.64889,0.14716,0.20395,1001,0.64899,0.18505,0.16596,876,6.5399,63,0.63676,0.59118,0.045588,0.071594,0.013993,0.078781,0.006,0.44559,0.40294,0.042647,0.09571,0.004,20.206,119,0.42671,0.39832,0.028385,0.066521,0.010632,0.046502,0.002,0.28246,0.26943,0.013029,0.046129,0.114,25.868,115,0.2976,0.26314,0.034459,0.11579,0.021083,0.047939,0,0.20292,0.18552,0.017403,0.085763,0.003,37.966,151,0.20034,0.18253,0.017814,0.088916,0.0097342,0.026734,0,0.12982,0.12201,0.0078087,0.06015,0.021,,,,,,,,True,0,2,"[23558, 30685, 30701, 30718, 30859, 30868]",0,64.268,0.63793,True,0.018035,0.10394,0.15547,0.0091578,0.028131,0,0.0083955,0.072581,0.10728,0.026939,0.087244,0.014184,0.068642,0.045588,0.042647,0.028385,0.013029,0.034459,0.017403,0.017814,0.0078087,sctrl0of2_armB_both_lora_b80_r8_lr0.0003_seed0_verbatim_hq_ms400_pat4__eval30843,0,0,0,0,0,0,0,0,0,0,0,0,0,0,0,0,0,0,0,0,0,0,0,,,,,,,,,,,,
sctrl0of2_armB_both_lora_b80_r8_lr0.0003_seed0_verbatim_hq_ms400_pat4__eval556,556,B,both,lora,80,8,0.0003,0,verbatim,loss,/root/deep-learning-project/src/training/runs/sctrl0of2_armB_both_lora_b80_r8_lr0.0003_seed0_verbatim_hq_ms400_pat4,79.977,283,140,3.8889,0.21781,,205,45.031,0.19067,0.16171,0.028968,0.15193,0.019735,0.038377,0,1.0917e-08,205,5040,0.13424,0.11052,0.10972,0.093849,0.015873,0.14467,0.0084466,0.023584,0,0.00014296,98.195,,ivrit-ai/whisper-large-v3,"greedy+loopguard(cr>3.0,ngram6)",0.33923,0.074922,0.58585,0,0.36564,0.092025,0.54233,0,0.58951,0.1302,0.28029,408,0.63002,0.15856,0.21142,342,797,144.37,0.31193,0.33989,0.29577,0.044121,0.12981,0.036437,0.051918,0,9.763e-29,797,15299,0.31019,0.089615,0.60019,7,0.32575,0.10939,0.56486,3,0.25689,0.2183,0.19217,0.16674,0.025426,0.13231,0.019541,0.031742,0,4.6436e-15,0.54864,0.1585,0.29286,2260,0.57781,0.19404,0.22815,1974,12.526,121,0.6307,0.56355,0.067146,0.10646,0.035175,0.10385,0,0.3709,0.33653,0.034373,0.092672,0.016,25.017,164,0.52487,0.45664,0.068229,0.12999,0.044048,0.096404,0,0.30662,0.26428,0.042335,0.13807,0,36.562,181,0.33891,0.29644,0.042463,0.12529,0.02925,0.05785,0,0.17675,0.15154,0.025212,0.14264,0,70.261,331,0.23665,0.20288,0.033771,0.1427,0.025243,0.042751,0,0.13559,0.11673,0.018861,0.1391,0,,,,,,,,True,0,2,"[23558, 30685, 30701, 30718, 30859, 30868]",0,105.83,0.82877,True,0.028968,0.15193,0.16171,0.019735,0.038377,0,0.015873,0.14467,0.093849,0.044121,0.12981,0.025426,0.13231,0.067146,0.034373,0.068229,0.042335,0.042463,0.025212,0.033771,0.018861,sctrl0of2_armB_both_lora_b80_r8_lr0.0003_seed0_verbatim_hq_ms400_pat4__eval556,0,0,0,0,0,0,0,0,0,0,0,0,0,0,0,0,0,0,0,0,0,0,0,,,,,,,,,,,,
sctrl0of2_armB_both_lora_b80_r8_lr0.0003_seed1_hq_ms400_pat4__eval23558,23558,B,both,lora,80,8,0.0003,1,protocol,loss,/root/deep-learning-project/src/training/runs/sctrl0of2_armB_both_lora_b80_r8_lr0.0003_seed1_hq_ms400_pat4,79.937,290,180,4.8649,0.19672,,240,46.331,0.17696,0.14462,0.032337,0.18274,0.020094,0.045415,0,5.8567e-06,240,6154,0.12038,0.092207,0.11878,0.11293,0.0058499,0.049248,-0.0036883,0.01596,0.229,0.26197,122.1,,ivrit-ai/whisper-large-v3,"greedy+loopguard(cr>3.0,ngram6)",0.38567,0.1157,0.49862,0,0.4573,0.23708,0.30562,0,0.57456,0.17237,0.25308,358,0.58561,0.3036,0.11079,195,1163,177.78,0.26062,0.34677,0.2792,0.06757,0.19486,0.05854,0.077207,0,9.4785e-40,1163,23102,0.32306,0.14805,0.5289,3,0.37364,0.25519,0.37116,2,0.25574,0.20062,0.22556,0.20678,0.018786,0.083285,0.011977,0.025761,0,5.6752e-07,0.49664,0.2276,0.27576,2800,0.5045,0.34457,0.15093,1673,16.695,175,0.6665,0.53211,0.13439,0.20163,0.089099,0.18538,0,0.45652,0.39279,0.063735,0.13961,0,44.327,323,0.45976,0.38231,0.077456,0.16847,0.054971,0.099664,0,0.2933,0.28158,0.011725,0.039976,0.128,42.52,255,0.32713,0.25801,0.069114,0.21128,0.051167,0.088677,0,0.21146,0.18908,0.022381,0.10584,0.001,74.235,410,0.2278,0.18045,0.047344,0.20783,0.035389,0.059001,0,0.14751,0.13595,0.011557,0.078351,0.017,,,,,,,,True,0,2,"[556, 30701, 30813, 30843, 30859, 30868]",0,106.48,1.3618,True,0.032337,0.18274,0.14462,0.020094,0.045415,0,0.0058499,0.049248,0.11293,0.06757,0.19486,0.018786,0.083285,0.13439,0.063735,0.077456,0.011725,0.069114,0.022381,0.047344,0.011557,sctrl0of2_armB_both_lora_b80_r8_lr0.0003_seed1_hq_ms400_pat4__eval23558,0,0,0,0,0,0,0,0,0,0,0,0,0,0,0,0,0,0,0,0,0,0,0,,,,,,,,,,,,
sctrl0of2_armB_both_lora_b80_r8_lr0.0003_seed1_hq_ms400_pat4__eval30685,30685,B,both,lora,80,8,0.0003,1,protocol,loss,/root/deep-learning-project/src/training/runs/sctrl0of2_armB_both_lora_b80_r8_lr0.0003_seed1_hq_ms400_pat4,79.937,290,180,4.8649,0.19672,,155,45.849,0.18032,0.17098,0.0093391,0.051793,-0.00038008,0.019141,0.064,0.091384,155,5568,0.13554,0.12656,0.09842,0.10632,-0.0079023,-0.080292,-0.015937,-0.00052798,0.041,0.029587,122.1,,ivrit-ai/whisper-large-v3,"greedy+loopguard(cr>3.0,ngram6)",0.2739,0.17729,0.5488,0,0.31408,0.23319,0.45273,0,0.50182,0.32482,0.17336,456,0.50507,0.375,0.11993,360,373,80.88,0.56687,0.25993,0.23649,0.023434,0.090157,0.013756,0.033628,0,6.3668e-06,373,9772,0.28819,0.15551,0.5563,3,0.33276,0.20208,0.46517,3,0.19313,0.17246,0.14132,0.14603,-0.0047073,-0.033309,-0.011836,0.0024684,0.182,0.13331,0.53005,0.28602,0.18392,1159,0.53889,0.32726,0.13385,884,3.9679,40,0.669,0.56177,0.10723,0.16028,0.025712,0.2,0.007,0.3683,0.34499,0.02331,0.063291,0.302,8.862,52,0.41488,0.35907,0.055814,0.13453,0.022369,0.098845,0.002,0.22233,0.21116,0.011163,0.050209,0.402,10.061,56,0.31037,0.28963,0.020747,0.066845,0.0028409,0.039216,0.018,0.15187,0.17178,-0.019917,-0.13115,0.032,57.989,225,0.20289,0.18901,0.013875,0.068388,0.0042477,0.023554,0.004,0.11341,0.11964,-0.0062296,-0.054931,0.091,,,,,,,,True,0,2,"[556, 30701, 30813, 30843, 30859, 30868]",0,41.586,2.3077,True,0.0093391,0.051793,0.17098,-0.00038008,0.019141,0.064,-0.0079023,-0.080292,0.10632,0.023434,0.090157,-0.0047073,-0.033309,0.10723,0.02331,0.055814,0.011163,0.020747,-0.019917,0.013875,-0.0062296,sctrl0of2_armB_both_lora_b80_r8_lr0.0003_seed1_hq_ms400_pat4__eval30685,0,0,0,0,0,0,0,0,0,0,0,0,0,0,0,0,0,0,0,0,0,0,0,,,,,,,,,,,,
sctrl0of2_armB_both_lora_b80_r8_lr0.0003_seed1_hq_ms400_pat4__eval30718,30718,B,both,lora,80,8,0.0003,1,protocol,loss,/root/deep-learning-project/src/training/runs/sctrl0of2_armB_both_lora_b80_r8_lr0.0003_seed1_hq_ms400_pat4,79.937,290,180,4.8649,0.19672,,162,55.584,0.11558,0.11314,0.0024361,0.021077,-0.0058088,0.011922,0.619,0.85746,162,7389,0.064211,0.06089,0.081743,0.089322,-0.0075788,-0.092715,-0.014658,-0.00013331,0.048,0.0073955,122.1,,ivrit-ai/whisper-large-v3,"greedy+loopguard(cr>3.0,ngram6)",0.4555,0.12998,0.41452,0,0.48923,0.2201,0.29067,0,0.64404,0.18377,0.17219,250,0.6197,0.27879,0.10152,176,296,83.24,0.66776,0.17364,0.15205,0.021591,0.12435,0.01202,0.032274,0,0.00010021,296,11023,0.40125,0.13218,0.46656,3,0.46181,0.20883,0.32936,0,0.1091,0.09156,0.11476,0.11458,0.00018144,0.001581,-0.0056587,0.0064719,0.986,0.78928,0.60711,0.2,0.19289,649,0.61283,0.27712,0.11006,413,2.0276,22,0.57762,0.43321,0.1444,0.25,0.051362,0.30357,0,0.37184,0.33213,0.039711,0.1068,0.268,4.4445,32,0.36934,0.28049,0.08885,0.24057,0.013443,0.19489,0.004,0.21951,0.20732,0.012195,0.055556,0.358,9.9402,39,0.28931,0.22327,0.066038,0.22826,0.030174,0.10668,0,0.18003,0.16038,0.019654,0.10917,0.057,66.828,203,0.13191,0.12483,0.0070787,0.053663,-0.00056171,0.01579,0.08,0.090674,0.095281,-0.0046067,-0.050805,0.189,,,,,,,,True,0,2,"[556, 30701, 30813, 30843, 30859, 30868]",0,36.143,5,True,0.0024361,0.021077,0.11314,-0.0058088,0.011922,0.619,-0.0075788,-0.092715,0.089322,0.021591,0.12435,0.00018144,0.001581,0.1444,0.039711,0.08885,0.012195,0.066038,0.019654,0.0070787,-0.0046067,sctrl0of2_armB_both_lora_b80_r8_lr0.0003_seed1_hq_ms400_pat4__eval30718,0,0,0,0,0,0,0,0,0,0,0,0,0,0,0,0,0,0,0,0,0,0,0,,,,,,,,,,,,
sctrl0of2_armB_both_lora_b80_r8_lr0.0003_seed1_hq_ms400_pat4__eval30752,30752,B,both,lora,80,8,0.0003,1,protocol,loss,/root/deep-learning-project/src/training/runs/sctrl0of2_armB_both_lora_b80_r8_lr0.0003_seed1_hq_ms400_pat4,79.937,290,180,4.8649,0.19672,,152,45.723,0.11696,0.10704,0.0099161,0.084783,0.00053155,0.020688,0.042,0.11861,152,3933,0.067369,0.058062,0.084668,0.08416,0.00050852,0.006006,-0.0068648,0.0077856,0.898,0.95208,122.1,,ivrit-ai/whisper-large-v3,"greedy+loopguard(cr>3.0,ngram6)",0.46522,0.08913,0.44565,0,0.50119,0.17102,0.32779,0,0.64264,0.12312,0.23423,127,0.63746,0.21752,0.14502,90,320,72.184,0.63343,0.22073,0.18232,0.038408,0.174,0.023632,0.05538,0,2.9215e-06,320,6483,0.34941,0.14186,0.50874,3,0.40948,0.24027,0.35025,1,0.14846,0.11406,0.15625,0.14145,0.014808,0.094768,0.0036788,0.027138,0.007,0.056652,0.49358,0.20039,0.30602,418,0.52781,0.30971,0.16249,265,3.164,34,0.66102,0.51186,0.14915,0.22564,0.065133,0.26105,0,0.45763,0.37627,0.081356,0.17778,0.027,6.6802,47,0.44506,0.33102,0.11405,0.25625,0.028607,0.22086,0.004,0.32823,0.27121,0.057024,0.17373,0.058,8.4689,46,0.24658,0.21544,0.031133,0.12626,-0.0012357,0.067111,0.063,0.19427,0.18431,0.0099626,0.051282,0.543,53.87,193,0.15388,0.13288,0.021003,0.13649,0.0086497,0.034693,0.001,0.10416,0.099228,0.0049293,0.047325,0.318,,,,,,,,True,0,2,"[556, 30701, 30813, 30843, 30859, 30868]",0,27.667,1.7179,True,0.0099161,0.084783,0.10704,0.00053155,0.020688,0.042,0.00050852,0.006006,0.08416,0.038408,0.174,0.014808,0.094768,0.14915,0.081356,0.11405,0.057024,0.031133,0.0099626,0.021003,0.0049293,sctrl0of2_armB_both_lora_b80_r8_lr0.0003_seed1_hq_ms400_pat4__eval30752,0,0,0,0,0,0,0,0,0,0,0,0,0,0,0,0,0,0,0,0,0,0,0,,,,,,,,,,,,
sctrl0of2_armB_both_lora_b80_r8_lr0.0003_seed1_hq_ms400_pat4__eval30777,30777,B,both,lora,80,8,0.0003,1,protocol,loss,/root/deep-learning-project/src/training/runs/sctrl0of2_armB_both_lora_b80_r8_lr0.0003_seed1_hq_ms400_pat4,79.937,290,180,4.8649,0.19672,,156,49.036,0.12797,0.11875,0.0092187,0.072039,0.0019674,0.016368,0.011,0.010729,156,6400,0.076265,0.069531,0.0825,0.08375,-0.00125,-0.015152,-0.0078341,0.0053896,0.715,0.8776,122.1,,ivrit-ai/whisper-large-v3,"greedy+loopguard(cr>3.0,ngram6)",0.48107,0.080586,0.43834,0,0.50921,0.12895,0.36184,0,0.74621,0.125,0.12879,291,0.72201,0.18284,0.095149,224,359,85.059,0.57649,0.19403,0.17519,0.018844,0.097119,0.012165,0.026125,0,6.4309e-07,359,11091,0.41264,0.11803,0.46933,0,0.45703,0.15646,0.38652,0,0.12455,0.10951,0.1247,0.1228,0.0018934,0.015184,-0.0036558,0.0075785,0.5,0.58455,0.64208,0.18366,0.17426,769,0.65198,0.2232,0.12482,581,2.2483,27,0.49536,0.39319,0.10217,0.20625,0.031458,0.19102,0.003,0.37771,0.28793,0.089783,0.2377,0.012,7.0818,55,0.44903,0.38717,0.061856,0.13776,0.021546,0.11251,0,0.26002,0.25544,0.0045819,0.017621,0.793,12.41,59,0.26037,0.2374,0.022974,0.088235,0.0022874,0.049486,0.033,0.16465,0.16337,0.0012763,0.0077519,0.906,63.319,218,0.14313,0.1328,0.010327,0.072148,0.0042521,0.016516,0.004,0.09318,0.094861,-0.0016811,-0.018041,0.55,,,,,,,,True,0,2,"[556, 30701, 30813, 30843, 30859, 30868]",0,41.61,1.4237,True,0.0092187,0.072039,0.11875,0.0019674,0.016368,0.011,-0.00125,-0.015152,0.08375,0.018844,0.097119,0.0018934,0.015184,0.10217,0.089783,0.061856,0.0045819,0.022974,0.0012763,0.010327,-0.0016811,sctrl0of2_armB_both_lora_b80_r8_lr0.0003_seed1_hq_ms400_pat4__eval30777,0,0,0,0,0,0,0,0,0,0,0,0,0,0,0,0,0,0,0,0,0,0,0,,,,,,,,,,,,
sctrl0of2_armB_both_lora_b80_r8_lr0.0003_seed1_hq_ms400_pat4__eval30831,30831,B,both,lora,80,8,0.0003,1,protocol,loss,/root/deep-learning-project/src/training/runs/sctrl0of2_armB_both_lora_b80_r8_lr0.0003_seed1_hq_ms400_pat4,79.937,290,180,4.8649,0.19672,,173,50.1,0.14165,0.12103,0.020622,0.14558,0.012022,0.029957,0,1.7861e-05,173,5916,0.097415,0.08202,0.070656,0.06643,0.0042258,0.059809,-0.0020433,0.010576,0.172,0.17555,122.1,,ivrit-ai/whisper-large-v3,"greedy+loopguard(cr>3.0,ngram6)",0.33174,0.087112,0.58115,1,0.34078,0.16899,0.49022,1,0.66507,0.17464,0.16029,420,0.62087,0.30789,0.071247,323,415,92.445,0.54194,0.25706,0.21746,0.039606,0.15407,0.029265,0.051209,0,1.8688e-13,415,10655,0.29536,0.10223,0.60241,8,0.32628,0.15753,0.51618,5,0.18883,0.15538,0.13252,0.12238,0.010136,0.076487,0.0035593,0.017071,0.003,0.01397,0.57295,0.1983,0.22875,1327,0.57975,0.27991,0.14034,1013,5.7173,43,0.8167,0.71143,0.10526,0.12889,0.033512,0.20196,0.001,0.42105,0.38838,0.032668,0.077586,0.18,11.626,78,0.46469,0.37159,0.093098,0.20035,0.048979,0.14435,0,0.25281,0.22552,0.027287,0.10794,0.103,11.125,59,0.32315,0.27974,0.043408,0.13433,0.018015,0.073114,0,0.17042,0.15354,0.016881,0.099057,0.11,63.976,235,0.17179,0.14631,0.025479,0.14832,0.016152,0.037421,0,0.085763,0.081166,0.0045968,0.053599,0.126,,,,,,,,True,0,2,"[556, 30701, 30813, 30843, 30859, 30868]",0,41.342,1.1148,True,0.020622,0.14558,0.12103,0.012022,0.029957,0,0.0042258,0.059809,0.06643,0.039606,0.15407,0.010136,0.076487,0.10526,0.032668,0.093098,0.027287,0.043408,0.016881,0.025479,0.0045968,sctrl0of2_armB_both_lora_b80_r8_lr0.0003_seed1_hq_ms400_pat4__eval30831,0,0,0,0,0,0,0,0,0,0,0,0,0,0,0,0,0,0,0,0,0,0,0,,,,,,,,,,,,
sctrl0of2_armB_both_lora_b80_r8_lr0.0003_seed2_hq_ms400_pat4__eval30685,30685,B,both,lora,80,8,0.0003,2,protocol,loss,/root/deep-learning-project/src/training/runs/sctrl0of2_armB_both_lora_b80_r8_lr0.0003_seed2_hq_ms400_pat4,79.717,298,160,4.2105,0.19954,,155,45.849,0.18032,0.1681,0.012213,0.067729,0.0017621,0.023194,0.021,0.017355,155,5568,0.13554,0.12481,0.09842,0.11027,-0.011853,-0.12044,-0.01983,-0.0040491,0.002,0.0030236,108.5,,ivrit-ai/whisper-large-v3,"greedy+loopguard(cr>3.0,ngram6)",0.2739,0.17729,0.5488,0,0.31303,0.25214,0.43483,0,0.50182,0.32482,0.17336,456,0.4772,0.38436,0.13844,322,373,80.88,0.56687,0.25993,0.23148,0.028449,0.10945,0.018392,0.039395,0,5.5123e-08,373,9772,0.28819,0.15551,0.5563,3,0.33112,0.22767,0.4412,3,0.19313,0.1698,0.14132,0.14859,-0.0072657,-0.051412,-0.014554,0.00062249,0.061,0.042489,0.53005,0.28602,0.18392,1159,0.51584,0.35468,0.12948,810,3.9679,40,0.669,0.55711,0.11189,0.16725,0.042254,0.18796,0.001,0.3683,0.37063,-0.002331,-0.0063291,0.962,8.862,52,0.41488,0.3507,0.064186,0.15471,0.022076,0.11983,0.002,0.22233,0.2093,0.013023,0.058577,0.437,10.061,56,0.31037,0.28963,0.020747,0.066845,0.0019289,0.042846,0.038,0.15187,0.17759,-0.025726,-0.1694,0,57.989,225,0.20289,0.18363,0.019255,0.094906,0.0087608,0.029689,0.001,0.11341,0.12091,-0.0075039,-0.066167,0.057,,,,,,,,True,0,2,"[556, 23558, 30718, 30777, 30813, 30859]",0,41.238,2.1176,True,0.012213,0.067729,0.1681,0.0017621,0.023194,0.021,-0.011853,-0.12044,0.11027,0.028449,0.10945,-0.0072657,-0.051412,0.11189,-0.002331,0.064186,0.013023,0.020747,-0.025726,0.019255,-0.0075039,sctrl0of2_armB_both_lora_b80_r8_lr0.0003_seed2_hq_ms400_pat4__eval30685,0,0,0,0,0,0,0,0,0,0,0,0,0,0,0,0,0,0,0,0,0,0,0,,,,,,,,,,,,
sctrl0of2_armB_both_lora_b80_r8_lr0.0003_seed2_hq_ms400_pat4__eval30701,30701,B,both,lora,80,8,0.0003,2,protocol,loss,/root/deep-learning-project/src/training/runs/sctrl0of2_armB_both_lora_b80_r8_lr0.0003_seed2_hq_ms400_pat4,79.717,298,160,4.2105,0.19954,,183,47.47,0.14191,0.11333,0.028576,0.20137,0.015111,0.043935,0,5.5328e-05,183,6159,0.091284,0.069122,0.084105,0.082319,0.001786,0.021236,-0.0059489,0.0097111,0.646,0.85158,108.5,,ivrit-ai/whisper-large-v3,"greedy+loopguard(cr>3.0,ngram6)",0.3627,0.09611,0.54119,2,0.43553,0.21777,0.3467,1,0.61197,0.16216,0.22587,356,0.59961,0.2998,0.10059,191,724,126.95,0.37393,0.31211,0.23562,0.076487,0.24506,0.062862,0.091285,0,4.6118e-28,724,16225,0.31813,0.13389,0.54799,10,0.37902,0.27178,0.3492,3,0.23019,0.16712,0.19846,0.17621,0.02225,0.11211,0.013424,0.031525,0,2.1822e-05,0.50031,0.21056,0.28913,1844,0.50682,0.36341,0.12977,964,10.525,117,0.61735,0.48032,0.13703,0.22196,0.082442,0.20164,0,0.40816,0.37318,0.034985,0.085714,0.035,27.243,190,0.51207,0.35959,0.15248,0.29777,0.10966,0.20145,0,0.33386,0.26874,0.065121,0.19505,0,25.97,136,0.32667,0.24794,0.078731,0.24101,0.048425,0.11098,0,0.20094,0.18713,0.013807,0.068713,0.104,63.211,281,0.17986,0.14312,0.036743,0.20429,0.023175,0.050892,0,0.11143,0.10408,0.0073485,0.065946,0.138,,,,,,,,True,0,2,"[556, 23558, 30718, 30777, 30813, 30859]",0,83.219,1.3125,True,0.028576,0.20137,0.11333,0.015111,0.043935,0,0.001786,0.021236,0.082319,0.076487,0.24506,0.02225,0.11211,0.13703,0.034985,0.15248,0.065121,0.078731,0.013807,0.036743,0.0073485,sctrl0of2_armB_both_lora_b80_r8_lr0.0003_seed2_hq_ms400_pat4__eval30701,0,0,0,0,0,0,0,0,0,0,0,0,0,0,0,0,0,0,0,0,0,0,0,,,,,,,,,,,,
sctrl0of2_armB_both_lora_b80_r8_lr0.0003_seed2_hq_ms400_pat4__eval30752,30752,B,both,lora,80,8,0.0003,2,protocol,loss,/root/deep-learning-project/src/training/runs/sctrl0of2_armB_both_lora_b80_r8_lr0.0003_seed2_hq_ms400_pat4,79.717,298,160,4.2105,0.19954,,152,45.723,0.11696,0.11289,0.0040681,0.034783,-0.0073203,0.015252,0.499,0.3931,152,3933,0.067369,0.060376,0.084668,0.088991,-0.0043224,-0.051051,-0.014054,0.0049446,0.396,0.50584,108.5,,ivrit-ai/whisper-large-v3,"greedy+loopguard(cr>3.0,ngram6)",0.46522,0.08913,0.44565,0,0.5045,0.18919,0.30631,0,0.64264,0.12312,0.23423,127,0.64,0.24,0.12,94,320,72.184,0.63343,0.22073,0.18047,0.040259,0.18239,0.023356,0.059378,0,7.2084e-06,320,6483,0.34941,0.14186,0.50874,3,0.42393,0.25983,0.31624,1,0.14846,0.11155,0.15625,0.14268,0.013574,0.086871,0.0014494,0.026944,0.03,0.16018,0.49358,0.20039,0.30602,418,0.53622,0.32865,0.13514,245,3.164,34,0.66102,0.4339,0.22712,0.34359,0.094998,0.37545,0,0.45763,0.3322,0.12542,0.27407,0.003,6.6802,47,0.44506,0.32684,0.11822,0.26562,0.02987,0.23256,0.003,0.32823,0.27121,0.057024,0.17373,0.078,8.4689,46,0.24658,0.20672,0.039851,0.16162,0.0036583,0.077246,0.033,0.19427,0.17808,0.016189,0.083333,0.353,53.87,193,0.15388,0.13738,0.016502,0.10724,0.0031129,0.031177,0.017,0.10416,0.1048,-0.00064295,-0.0061728,0.959,,,,,,,,True,0,2,"[556, 23558, 30718, 30777, 30813, 30859]",0,26.81,4.3125,True,0.0040681,0.034783,0.11289,-0.0073203,0.015252,0.499,-0.0043224,-0.051051,0.088991,0.040259,0.18239,0.013574,0.086871,0.22712,0.12542,0.11822,0.057024,0.039851,0.016189,0.016502,-0.00064295,sctrl0of2_armB_both_lora_b80_r8_lr0.0003_seed2_hq_ms400_pat4__eval30752,0,0,0,0,0,0,0,0,0,0,0,0,0,0,0,0,0,0,0,0,0,0,0,,,,,,,,,,,,
sctrl0of2_armB_both_lora_b80_r8_lr0.0003_seed2_hq_ms400_pat4__eval30831,30831,B,both,lora,80,8,0.0003,2,protocol,loss,/root/deep-learning-project/src/training/runs/sctrl0of2_armB_both_lora_b80_r8_lr0.0003_seed2_hq_ms400_pat4,79.717,298,160,4.2105,0.19954,,173,50.1,0.14165,0.12204,0.019608,0.13842,0.0097877,0.029862,0,0.00013511,173,5916,0.097415,0.080978,0.070656,0.072177,-0.0015213,-0.021531,-0.0094245,0.0060533,0.731,0.92777,108.5,,ivrit-ai/whisper-large-v3,"greedy+loopguard(cr>3.0,ngram6)",0.33174,0.087112,0.58115,1,0.36427,0.18421,0.45152,1,0.66507,0.17464,0.16029,420,0.61593,0.31148,0.0726,295,415,92.445,0.54194,0.25706,0.21258,0.044486,0.17306,0.032931,0.05693,0,2.3902e-13,415,10655,0.29536,0.10223,0.60241,8,0.33819,0.18675,0.47506,3,0.18883,0.1501,0.13252,0.12708,0.0054435,0.041076,-0.0021539,0.013189,0.178,0.20657,0.57295,0.1983,0.22875,1327,0.56573,0.31241,0.12186,911,5.7173,43,0.8167,0.67332,0.14338,0.17556,0.059131,0.25503,0,0.42105,0.38113,0.039927,0.094828,0.161,11.626,78,0.46469,0.3435,0.12119,0.26079,0.074388,0.17458,0,0.25281,0.22713,0.025682,0.10159,0.08,11.125,59,0.32315,0.28778,0.03537,0.10945,0.0031154,0.069956,0.038,0.17042,0.16318,0.0072347,0.042453,0.624,63.976,235,0.17179,0.14552,0.026267,0.15291,0.015215,0.038489,0,0.085763,0.08642,-0.00065669,-0.007657,0.875,,,,,,,,True,0,2,"[556, 23558, 30718, 30777, 30813, 30859]",0,40.81,1.3879,True,0.019608,0.13842,0.12204,0.0097877,0.029862,0,-0.0015213,-0.021531,0.072177,0.044486,0.17306,0.0054435,0.041076,0.14338,0.039927,0.12119,0.025682,0.03537,0.0072347,0.026267,-0.00065669,sctrl0of2_armB_both_lora_b80_r8_lr0.0003_seed2_hq_ms400_pat4__eval30831,0,0,0,0,0,0,0,0,0,0,0,0,0,0,0,0,0,0,0,0,0,0,0,,,,,,,,,,,,
sctrl0of2_armB_both_lora_b80_r8_lr0.0003_seed2_hq_ms400_pat4__eval30843,30843,B,both,lora,80,8,0.0003,2,protocol,loss,/root/deep-learning-project/src/training/runs/sctrl0of2_armB_both_lora_b80_r8_lr0.0003_seed2_hq_ms400_pat4,79.717,298,160,4.2105,0.19954,,112,30.227,0.17351,0.15299,0.020522,0.11828,0.0053215,0.036892,0.01,0.0012281,112,3216,0.096592,0.083168,0.11567,0.1222,-0.0065299,-0.056452,-0.02068,0.0065111,0.41,0.84795,108.5,,ivrit-ai/whisper-large-v3,"greedy+loopguard(cr>3.0,ngram6)",0.5,0.080645,0.41935,0,0.53862,0.20732,0.25407,0,0.75,0.12097,0.12903,186,0.6743,0.25954,0.066158,99,448,90.581,0.3337,0.30878,0.26908,0.039694,0.12855,0.029388,0.050422,0,3.9019e-14,448,9800,0.43424,0.09848,0.46728,2,0.47706,0.21122,0.31172,1,0.20012,0.16896,0.20663,0.20816,-0.0015306,-0.0074074,-0.0099144,0.0079275,0.744,0.67131,0.64889,0.14716,0.20395,1001,0.61667,0.27304,0.11029,597,6.5399,63,0.63676,0.53382,0.10294,0.16166,0.055787,0.15599,0,0.44559,0.40441,0.041176,0.092409,0.057,20.206,119,0.42671,0.38064,0.046068,0.10796,0.022232,0.073802,0,0.28246,0.28944,-0.00698,-0.024712,0.447,25.868,115,0.2976,0.25583,0.041768,0.14035,0.022416,0.061711,0,0.20292,0.20606,-0.0031326,-0.015437,0.762,37.966,151,0.20034,0.17594,0.024402,0.1218,0.0099915,0.037799,0.001,0.12982,0.13446,-0.0046364,-0.035714,0.466,,,,,,,,True,0,2,"[556, 23558, 30718, 30777, 30813, 30859]",0,43.203,1.6515,True,0.020522,0.11828,0.15299,0.0053215,0.036892,0.01,-0.0065299,-0.056452,0.1222,0.039694,0.12855,-0.0015306,-0.0074074,0.10294,0.041176,0.046068,-0.00698,0.041768,-0.0031326,0.024402,-0.0046364,sctrl0of2_armB_both_lora_b80_r8_lr0.0003_seed2_hq_ms400_pat4__eval30843,0,0,0,0,0,0,0,0,0,0,0,0,0,0,0,0,0,0,0,0,0,0,0,,,,,,,,,,,,
sctrl0of2_armB_both_lora_b80_r8_lr0.0003_seed2_hq_ms400_pat4__eval30868,30868,B,both,lora,80,8,0.0003,2,protocol,loss,/root/deep-learning-project/src/training/runs/sctrl0of2_armB_both_lora_b80_r8_lr0.0003_seed2_hq_ms400_pat4,79.717,298,160,4.2105,0.19954,,161,47.113,0.12099,0.11455,0.0064425,0.053247,-0.0039441,0.0169,0.228,0.29185,161,6364,0.071805,0.067024,0.081552,0.093023,-0.011471,-0.14066,-0.019672,-0.0035263,0.009,0.021642,108.5,,ivrit-ai/whisper-large-v3,"greedy+loopguard(cr>3.0,ngram6)",0.47922,0.1013,0.41948,0,0.49246,0.28532,0.22222,0,0.71098,0.15029,0.13873,251,0.60642,0.35135,0.04223,137,431,89.193,0.52822,0.23116,0.19968,0.03148,0.13618,0.02152,0.042172,0,1.1389e-09,431,11944,0.38863,0.12495,0.48642,0,0.43564,0.24906,0.3153,0,0.15576,0.12961,0.14853,0.1502,-0.0016745,-0.011274,-0.0089578,0.0058341,0.679,0.4237,0.60485,0.19448,0.20068,987,0.57915,0.3311,0.089744,591,3.4421,44,0.55388,0.52155,0.032328,0.058366,-0.019026,0.087087,0.21,0.37716,0.39009,-0.012931,-0.034286,0.597,10.872,83,0.43938,0.34898,0.090399,0.20574,0.051159,0.13503,0,0.28241,0.25228,0.030133,0.1067,0.024,17.15,87,0.32137,0.26551,0.055851,0.17379,0.033945,0.078442,0,0.20035,0.1906,0.0097518,0.048673,0.338,57.73,217,0.14775,0.13415,0.013595,0.092014,0.0035146,0.024702,0.011,0.095421,0.10555,-0.010132,-0.10618,0.02,,,,,,,,True,0,2,"[556, 23558, 30718, 30777, 30813, 30859]",0,50.513,3.9268,True,0.0064425,0.053247,0.11455,-0.0039441,0.0169,0.228,-0.011471,-0.14066,0.093023,0.03148,0.13618,-0.0016745,-0.011274,0.032328,-0.012931,0.090399,0.030133,0.055851,0.0097518,0.013595,-0.010132,sctrl0of2_armB_both_lora_b80_r8_lr0.0003_seed2_hq_ms400_pat4__eval30868,0,0,0,0,0,0,0,0,0,0,0,0,0,0,0,0,0,0,0,0,0,0,0,,,,,,,,,,,,
sctrl1of2_armB_both_lora_b20_r8_lr0.0003_seed0_hq_ms400_pat4__eval23558,23558,B,both,lora,20,8,0.0003,0,protocol,loss,/root/deep-learning-project/src/training/runs/sctrl1of2_armB_both_lora_b20_r8_lr0.0003_seed0_hq_ms400_pat4,19.719,78,120,12,0.23879,,240,46.331,0.17696,0.1599,0.017062,0.096419,0.0051923,0.029593,0.003,0.0079433,240,6154,0.12038,0.10511,0.11878,0.12041,-0.001625,-0.01368,-0.010716,0.0077879,0.755,0.61444,82.182,,ivrit-ai/whisper-large-v3,"greedy+loopguard(cr>3.0,ngram6)",0.38567,0.1157,0.49862,0,0.40752,0.22256,0.36992,0,0.57456,0.17237,0.25308,358,0.54116,0.29555,0.16329,243,1163,177.78,0.26062,0.34677,0.2979,0.04887,0.14093,0.040647,0.057665,0,3.9426e-30,1163,23102,0.32306,0.14805,0.5289,3,0.34714,0.22145,0.43142,1,0.25574,0.21903,0.22556,0.20985,0.015713,0.06966,0.0095413,0.022173,0,1.8768e-06,0.49664,0.2276,0.27576,2800,0.49278,0.31436,0.19286,2034,16.695,175,0.6665,0.55237,0.11413,0.17124,0.070556,0.16068,0,0.45652,0.3997,0.056818,0.12446,0,44.327,323,0.45976,0.40149,0.05827,0.12674,0.039641,0.076239,0,0.2933,0.27874,0.014567,0.049667,0.026,42.52,255,0.32713,0.2761,0.05103,0.15599,0.036386,0.067212,0,0.21146,0.1923,0.019158,0.090601,0.002,74.235,410,0.2278,0.19891,0.028893,0.12684,0.018168,0.039162,0,0.14751,0.14152,0.0059813,0.04055,0.184,,,,,,,,True,1,2,"[556, 30752, 30777, 30813, 30831, 30843]",0,113.95,1.7048,True,0.017062,0.096419,0.1599,0.0051923,0.029593,0.003,-0.001625,-0.01368,0.12041,0.04887,0.14093,0.015713,0.06966,0.11413,0.056818,0.05827,0.014567,0.05103,0.019158,0.028893,0.0059813,sctrl1of2_armB_both_lora_b20_r8_lr0.0003_seed0_hq_ms400_pat4__eval23558,0,0,0,0,0,0,0,0,0,0,0,0,0,0,0,0,0,0,0,0,0,0,0,,,,,,,,,,,,
sctrl1of2_armB_both_lora_b20_r8_lr0.0003_seed0_hq_ms400_pat4__eval30685,30685,B,both,lora,20,8,0.0003,0,protocol,loss,/root/deep-learning-project/src/training/runs/sctrl1of2_armB_both_lora_b20_r8_lr0.0003_seed0_hq_ms400_pat4,19.719,78,120,12,0.23879,,155,45.849,0.18032,0.17672,0.003592,0.01992,-0.0048126,0.011768,0.402,0.31873,155,5568,0.13554,0.13172,0.09842,0.11279,-0.014368,-0.14599,-0.022083,-0.0069493,0,0.00026431,82.182,,ivrit-ai/whisper-large-v3,"greedy+loopguard(cr>3.0,ngram6)",0.2739,0.17729,0.5488,0,0.30589,0.2378,0.4563,0,0.50182,0.32482,0.17336,456,0.4793,0.37261,0.14809,356,373,80.88,0.56687,0.25993,0.2498,0.010131,0.038976,0.00095582,0.01914,0.031,0.0020608,373,9772,0.28819,0.15551,0.5563,3,0.30315,0.19787,0.49898,3,0.19313,0.18688,0.14132,0.15299,-0.011666,-0.082549,-0.018741,-0.0047088,0.001,0.0015882,0.53005,0.28602,0.18392,1159,0.49498,0.32308,0.18194,946,3.9679,40,0.669,0.62704,0.041958,0.062718,-0.0026601,0.094342,0.075,0.3683,0.35897,0.009324,0.025316,0.652,8.862,52,0.41488,0.38047,0.034419,0.08296,0.0069181,0.06757,0.022,0.22233,0.21488,0.0074419,0.033473,0.51,10.061,56,0.31037,0.31784,-0.0074689,-0.024064,-0.046945,0.025846,0.728,0.15187,0.18755,-0.035685,-0.23497,0.004,57.989,225,0.20289,0.19538,0.0075039,0.036985,-0.0016098,0.01594,0.109,0.11341,0.12516,-0.011751,-0.10362,0,,,,,,,,True,1,2,"[556, 30752, 30777, 30813, 30831, 30843]",0,41.563,5,True,0.003592,0.01992,0.17672,-0.0048126,0.011768,0.402,-0.014368,-0.14599,0.11279,0.010131,0.038976,-0.011666,-0.082549,0.041958,0.009324,0.034419,0.0074419,-0.0074689,-0.035685,0.0075039,-0.011751,sctrl1of2_armB_both_lora_b20_r8_lr0.0003_seed0_hq_ms400_pat4__eval30685,0,0,0,0,0,0,0,0,0,0,0,0,0,0,0,0,0,0,0,0,0,0,0,,,,,,,,,,,,
sctrl1of2_armB_both_lora_b20_r8_lr0.0003_seed0_hq_ms400_pat4__eval30701,30701,B,both,lora,20,8,0.0003,0,protocol,loss,/root/deep-learning-project/src/training/runs/sctrl1of2_armB_both_lora_b20_r8_lr0.0003_seed0_hq_ms400_pat4,19.719,78,120,12,0.23879,,183,47.47,0.14191,0.12323,0.018672,0.13158,0.0099324,0.029015,0,0.00020563,183,6159,0.091284,0.076425,0.084105,0.080857,0.0032473,0.03861,-0.0028727,0.0099638,0.326,0.31685,82.182,,ivrit-ai/whisper-large-v3,"greedy+loopguard(cr>3.0,ngram6)",0.3627,0.09611,0.54119,2,0.40184,0.14888,0.44928,2,0.61197,0.16216,0.22587,356,0.61245,0.22691,0.16064,261,724,126.95,0.37393,0.31211,0.27125,0.040863,0.13092,0.031612,0.050781,0,1.3264e-17,724,16225,0.31813,0.13389,0.54799,10,0.33879,0.19314,0.46808,6,0.23019,0.19779,0.19846,0.18669,0.011772,0.059317,0.0050356,0.018384,0.001,0.0066882,0.50031,0.21056,0.28913,1844,0.49224,0.28062,0.22714,1372,10.525,117,0.61735,0.56414,0.053207,0.086187,0.021593,0.086999,0.002,0.40816,0.41035,-0.0021866,-0.0053571,0.89,27.243,190,0.51207,0.43393,0.078145,0.15261,0.047286,0.11101,0,0.33386,0.29701,0.036849,0.11037,0.001,25.97,136,0.32667,0.27644,0.050235,0.15378,0.030134,0.072043,0,0.20094,0.1886,0.012338,0.061404,0.07,63.211,281,0.17986,0.15902,0.020841,0.11587,0.012417,0.029785,0,0.11143,0.1071,0.0043368,0.038919,0.17,,,,,,,,True,1,2,"[556, 30752, 30777, 30813, 30831, 30843]",0,76.305,1.1478,True,0.018672,0.13158,0.12323,0.0099324,0.029015,0,0.0032473,0.03861,0.080857,0.040863,0.13092,0.011772,0.059317,0.053207,-0.0021866,0.078145,0.036849,0.050235,0.012338,0.020841,0.0043368,sctrl1of2_armB_both_lora_b20_r8_lr0.0003_seed0_hq_ms400_pat4__eval30701,0,0,0,0,0,0,0,0,0,0,0,0,0,0,0,0,0,0,0,0,0,0,0,,,,,,,,,,,,
sctrl1of2_armB_both_lora_b20_r8_lr0.0003_seed0_hq_ms400_pat4__eval30718,30718,B,both,lora,20,8,0.0003,0,protocol,loss,/root/deep-learning-project/src/training/runs/sctrl1of2_armB_both_lora_b20_r8_lr0.0003_seed0_hq_ms400_pat4,19.719,78,120,12,0.23879,,162,55.584,0.11558,0.11828,-0.0027067,-0.023419,-0.01132,0.0064924,0.549,0.33815,162,7389,0.064211,0.065048,0.081743,0.094329,-0.012586,-0.15397,-0.020714,-0.0043799,0.001,0.00066367,82.182,,ivrit-ai/whisper-large-v3,"greedy+loopguard(cr>3.0,ngram6)",0.4555,0.12998,0.41452,0,0.47025,0.23341,0.29634,0,0.64404,0.18377,0.17219,250,0.58967,0.29268,0.11765,177,296,83.24,0.66776,0.17364,0.16865,0.0049896,0.028736,-0.0029834,0.012873,0.24,0.29987,296,11023,0.40125,0.13218,0.46656,3,0.41797,0.21248,0.36955,2,0.1091,0.10498,0.11476,0.12383,-0.0090719,-0.079051,-0.015521,-0.002613,0.007,0.0068545,0.60711,0.2,0.19289,649,0.56923,0.28938,0.14139,494,2.0276,22,0.57762,0.51264,0.064982,0.1125,0.0026238,0.17545,0.045,0.37184,0.35379,0.018051,0.048544,0.505,4.4445,32,0.36934,0.35714,0.012195,0.033019,-0.021157,0.052954,0.499,0.21951,0.22474,-0.0052265,-0.02381,0.856,9.9402,39,0.28931,0.26022,0.029088,0.10054,0,0.060118,0.051,0.18003,0.17689,0.0031447,0.017467,0.768,66.828,203,0.13191,0.1327,-0.00078652,-0.0059625,-0.0088171,0.0079194,0.841,0.090674,0.10258,-0.01191,-0.13135,0.001,,,,,,,,True,1,2,"[556, 30752, 30777, 30813, 30831, 30843]",0,35.639,-4.75,False,-0.0027067,-0.023419,0.11828,-0.01132,0.0064924,0.549,-0.012586,-0.15397,0.094329,0.0049896,0.028736,-0.0090719,-0.079051,0.064982,0.018051,0.012195,-0.0052265,0.029088,0.0031447,-0.00078652,-0.01191,sctrl1of2_armB_both_lora_b20_r8_lr0.0003_seed0_hq_ms400_pat4__eval30718,0,0,0,0,0,0,0,0,0,0,0,0,0,0,0,0,0,0,0,0,0,0,0,,,,,,,,,,,,
sctrl1of2_armB_both_lora_b20_r8_lr0.0003_seed0_hq_ms400_pat4__eval30859,30859,B,both,lora,20,8,0.0003,0,protocol,loss,/root/deep-learning-project/src/training/runs/sctrl1of2_armB_both_lora_b20_r8_lr0.0003_seed0_hq_ms400_pat4,19.719,78,120,12,0.23879,,166,47.564,0.1055,0.099019,0.0064779,0.061404,0.00051929,0.012828,0.04,0.040317,166,5403,0.070599,0.065107,0.05645,0.057561,-0.0011105,-0.019672,-0.0064207,0.0044124,0.709,0.74213,82.182,,ivrit-ai/whisper-large-v3,"greedy+loopguard(cr>3.0,ngram6)",0.36842,0.082456,0.54912,0,0.39065,0.11776,0.49159,0,0.68852,0.1541,0.15738,265,0.67203,0.20257,0.1254,224,391,79.155,0.6009,0.19343,0.17786,0.015566,0.080473,0.0085324,0.023017,0,5.2962e-06,391,8737,0.29882,0.15503,0.54615,3,0.32111,0.18726,0.49163,3,0.14216,0.12958,0.1148,0.11354,0.001259,0.010967,-0.0049807,0.0076303,0.698,0.48053,0.50349,0.26122,0.23529,687,0.50302,0.29335,0.20363,562,2.3958,36,0.50593,0.44664,0.059289,0.11719,0.011049,0.11225,0.017,0.39921,0.35178,0.047431,0.11881,0.004,10.24,83,0.45274,0.40796,0.044776,0.098901,0.00084416,0.09192,0.05,0.24279,0.24577,-0.0029851,-0.012295,0.911,10.715,65,0.27182,0.25545,0.016364,0.060201,-0.0011319,0.032585,0.07,0.17455,0.17818,-0.0036364,-0.020833,0.677,55.804,207,0.12667,0.11757,0.0090923,0.071782,0.003007,0.015427,0.003,0.073052,0.072112,0.00094059,0.012876,0.756,,,,,,,,True,1,2,"[556, 30752, 30777, 30813, 30831, 30843]",0,35.153,1.4286,True,0.0064779,0.061404,0.099019,0.00051929,0.012828,0.04,-0.0011105,-0.019672,0.057561,0.015566,0.080473,0.001259,0.010967,0.059289,0.047431,0.044776,-0.0029851,0.016364,-0.0036364,0.0090923,0.00094059,sctrl1of2_armB_both_lora_b20_r8_lr0.0003_seed0_hq_ms400_pat4__eval30859,0,0,0,0,0,0,0,0,0,0,0,0,0,0,0,0,0,0,0,0,0,0,0,,,,,,,,,,,,
sctrl1of2_armB_both_lora_b20_r8_lr0.0003_seed0_hq_ms400_pat4__eval30868,30868,B,both,lora,20,8,0.0003,0,protocol,loss,/root/deep-learning-project/src/training/runs/sctrl1of2_armB_both_lora_b20_r8_lr0.0003_seed0_hq_ms400_pat4,19.719,78,120,12,0.23879,,161,47.113,0.12099,0.11612,0.0048712,0.04026,-0.0035129,0.012943,0.25,0.24354,161,6364,0.071805,0.068234,0.081552,0.088309,-0.0067568,-0.082852,-0.013718,-0.00016989,0.048,0.092147,82.182,,ivrit-ai/whisper-large-v3,"greedy+loopguard(cr>3.0,ngram6)",0.47922,0.1013,0.41948,0,0.47497,0.22598,0.29905,0,0.71098,0.15029,0.13873,251,0.62456,0.29715,0.078292,177,431,89.193,0.52822,0.23116,0.21224,0.018922,0.081854,0.012191,0.026171,0,2.9648e-07,431,11944,0.38863,0.12495,0.48642,0,0.40316,0.20158,0.39527,0,0.15576,0.14,0.14853,0.15003,-0.001507,-0.010147,-0.0072255,0.0043929,0.657,0.82002,0.60485,0.19448,0.20068,987,0.57031,0.28516,0.14453,743,3.4421,44,0.55388,0.52586,0.028017,0.050584,-0.0068377,0.066435,0.122,0.37716,0.37716,0,0,1,10.872,83,0.43938,0.39523,0.044149,0.10048,0.017416,0.071327,0.001,0.28241,0.2691,0.013315,0.047146,0.296,17.15,87,0.32137,0.2797,0.041667,0.12966,0.026097,0.055884,0,0.20035,0.1906,0.0097518,0.048673,0.208,57.73,217,0.14775,0.14057,0.0071822,0.048611,-0.0002522,0.015102,0.063,0.095421,0.10299,-0.007567,-0.079301,0.016,,,,,,,,True,1,2,"[556, 30752, 30777, 30813, 30831, 30843]",0,50.67,3.2903,True,0.0048712,0.04026,0.11612,-0.0035129,0.012943,0.25,-0.0067568,-0.082852,0.088309,0.018922,0.081854,-0.001507,-0.010147,0.028017,0,0.044149,0.013315,0.041667,0.0097518,0.0071822,-0.007567,sctrl1of2_armB_both_lora_b20_r8_lr0.0003_seed0_hq_ms400_pat4__eval30868,0,0,0,0,0,0,0,0,0,0,0,0,0,0,0,0,0,0,0,0,0,0,0,,,,,,,,,,,,
sctrl1of2_armB_both_lora_b5_r8_lr0.0001_seed0_hq_ms400_pat4__eval23558,23558,B,both,lora,5,8,0.0001,0,protocol,loss,/root/deep-learning-project/src/training/runs/sctrl1of2_armB_both_lora_b5_r8_lr0.0001_seed0_hq_ms400_pat4,4.9323,22,160,53.333,0.26693,,240,46.331,0.17696,0.1716,0.0053624,0.030303,-0.0079374,0.0195,0.487,0.74283,240,6154,0.12038,0.11277,0.11878,0.13747,-0.018687,-0.15732,-0.029046,-0.008195,0,0.00090915,109.41,,ivrit-ai/whisper-large-v3,"greedy+loopguard(cr>3.0,ngram6)",0.38567,0.1157,0.49862,0,0.41477,0.2339,0.35133,0,0.57456,0.17237,0.25308,358,0.51773,0.29196,0.19031,210,1163,177.78,0.26062,0.34677,0.31201,0.034759,0.10024,0.026038,0.044057,0,3.2395e-13,1163,23102,0.32306,0.14805,0.5289,3,0.35031,0.21143,0.43826,3,0.25574,0.22933,0.22556,0.22643,-0.00086573,-0.003838,-0.0074374,0.0058652,0.857,0.99254,0.49664,0.2276,0.27576,2800,0.4827,0.29134,0.22596,1977,16.695,175,0.6665,0.57905,0.087451,0.13121,0.046738,0.12856,0,0.45652,0.41551,0.041008,0.089827,0.007,44.327,323,0.45976,0.40789,0.051874,0.11283,0.033313,0.070692,0,0.2933,0.29117,0.0021318,0.0072683,0.785,42.52,255,0.32713,0.29776,0.029364,0.089765,0.011483,0.047489,0.001,0.21146,0.21558,-0.0041182,-0.019475,0.596,74.235,410,0.2278,0.21056,0.017234,0.075656,0.0056639,0.028778,0.005,0.14751,0.15683,-0.0093268,-0.06323,0.044,,,,,,,,True,1,2,"[556, 30752, 30777, 30813, 30831, 30843]",0,137.34,5,True,0.0053624,0.030303,0.1716,-0.0079374,0.0195,0.487,-0.018687,-0.15732,0.13747,0.034759,0.10024,-0.00086573,-0.003838,0.087451,0.041008,0.051874,0.0021318,0.029364,-0.0041182,0.017234,-0.0093268,sctrl1of2_armB_both_lora_b5_r8_lr0.0001_seed0_hq_ms400_pat4__eval23558,0,0,0,0,0,0,0,0,0,0,0,0,0,0,0,0,0,0,0,0,0,0,0,,,,,,,,,,,,
sctrl1of2_armB_both_lora_b5_r8_lr0.0001_seed0_hq_ms400_pat4__eval30685,30685,B,both,lora,5,8,0.0001,0,protocol,loss,/root/deep-learning-project/src/training/runs/sctrl1of2_armB_both_lora_b5_r8_lr0.0001_seed0_hq_ms400_pat4,4.9323,22,160,53.333,0.26693,,155,45.849,0.18032,0.18858,-0.0082615,-0.045817,-0.017932,0.0018601,0.119,0.062403,155,5568,0.13554,0.13578,0.09842,0.12644,-0.028017,-0.28467,-0.036803,-0.0191,0,1.4454e-08,109.41,,ivrit-ai/whisper-large-v3,"greedy+loopguard(cr>3.0,ngram6)",0.2739,0.17729,0.5488,0,0.31905,0.23429,0.44667,0,0.50182,0.32482,0.17336,456,0.47585,0.34943,0.17472,346,373,80.88,0.56687,0.25993,0.25788,0.0020467,0.007874,-0.0066972,0.010666,0.642,0.77544,373,9772,0.28819,0.15551,0.5563,3,0.32302,0.19603,0.48095,3,0.19313,0.18819,0.14132,0.1665,-0.025174,-0.17813,-0.032262,-0.018316,0,9.1076e-11,0.53005,0.28602,0.18392,1159,0.50031,0.30363,0.19607,893,3.9679,40,0.669,0.64802,0.020979,0.031359,-0.038148,0.081603,0.518,0.3683,0.39394,-0.025641,-0.06962,0.174,8.862,52,0.41488,0.38605,0.028837,0.069507,-0.0027028,0.065477,0.08,0.22233,0.23349,-0.011163,-0.050209,0.49,10.061,56,0.31037,0.29544,0.014938,0.048128,-0.0086706,0.037932,0.228,0.15187,0.18423,-0.032365,-0.21311,0,57.989,225,0.20289,0.20827,-0.0053802,-0.026518,-0.01468,0.0046494,0.284,0.11341,0.13946,-0.026051,-0.22971,0,,,,,,,,True,1,2,"[556, 30752, 30777, 30813, 30831, 30843]",0,41.109,-1.7826,False,-0.0082615,-0.045817,0.18858,-0.017932,0.0018601,0.119,-0.028017,-0.28467,0.12644,0.0020467,0.007874,-0.025174,-0.17813,0.020979,-0.025641,0.028837,-0.011163,0.014938,-0.032365,-0.0053802,-0.026051,sctrl1of2_armB_both_lora_b5_r8_lr0.0001_seed0_hq_ms400_pat4__eval30685,0,0,0,0,0,0,0,0,0,0,0,0,0,0,0,0,0,0,0,0,0,0,0,,,,,,,,,,,,
sctrl1of2_armB_both_lora_b5_r8_lr0.0001_seed0_hq_ms400_pat4__eval30701,30701,B,both,lora,5,8,0.0001,0,protocol,loss,/root/deep-learning-project/src/training/runs/sctrl1of2_armB_both_lora_b5_r8_lr0.0001_seed0_hq_ms400_pat4,4.9323,22,160,53.333,0.26693,,183,47.47,0.14191,0.14223,-0.00032473,-0.0022883,-0.011675,0.011762,0.976,0.74974,183,6159,0.091284,0.088236,0.084105,0.10148,-0.017373,-0.20656,-0.026392,-0.0083097,0,0.00077491,109.41,,ivrit-ai/whisper-large-v3,"greedy+loopguard(cr>3.0,ngram6)",0.3627,0.09611,0.54119,2,0.39726,0.20434,0.3984,1,0.61197,0.16216,0.22587,356,0.5568,0.2864,0.1568,251,724,126.95,0.37393,0.31211,0.2877,0.024407,0.078199,0.013637,0.036455,0,2.6925e-05,724,16225,0.31813,0.13389,0.54799,10,0.33826,0.18959,0.47215,7,0.23019,0.21029,0.19846,0.20567,-0.0072111,-0.036335,-0.01523,0.00089886,0.084,0.04695,0.50031,0.21056,0.28913,1844,0.47318,0.26521,0.26161,1331,10.525,117,0.61735,0.58528,0.03207,0.051948,-0.0061284,0.0709,0.108,0.40816,0.43003,-0.021866,-0.053571,0.122,27.243,190,0.51207,0.44695,0.065121,0.12717,0.028586,0.10461,0.001,0.33386,0.32243,0.011436,0.034253,0.397,25.97,136,0.32667,0.302,0.024677,0.07554,0.00086114,0.049832,0.046,0.20094,0.21093,-0.0099882,-0.049708,0.274,63.211,281,0.17986,0.17227,0.0075894,0.042197,-0.0030916,0.018601,0.174,0.11143,0.12215,-0.010722,-0.096216,0.024,,,,,,,,True,1,2,"[556, 30752, 30777, 30813, 30831, 30843]",0,102.3,-5,False,-0.00032473,-0.0022883,0.14223,-0.011675,0.011762,0.976,-0.017373,-0.20656,0.10148,0.024407,0.078199,-0.0072111,-0.036335,0.03207,-0.021866,0.065121,0.011436,0.024677,-0.0099882,0.0075894,-0.010722,sctrl1of2_armB_both_lora_b5_r8_lr0.0001_seed0_hq_ms400_pat4__eval30701,0,0,0,0,0,0,0,0,0,0,0,0,0,0,0,0,0,0,0,0,0,0,0,,,,,,,,,,,,
sctrl1of2_armB_both_lora_b5_r8_lr0.0001_seed0_hq_ms400_pat4__eval30718,30718,B,both,lora,5,8,0.0001,0,protocol,loss,/root/deep-learning-project/src/training/runs/sctrl1of2_armB_both_lora_b5_r8_lr0.0001_seed0_hq_ms400_pat4,4.9323,22,160,53.333,0.26693,,162,55.584,0.11558,0.13913,-0.023549,-0.20375,-0.038187,-0.010898,0,7.2089e-05,162,7389,0.064211,0.078711,0.081743,0.11612,-0.034375,-0.42053,-0.048238,-0.022671,0,5.1112e-09,109.41,,ivrit-ai/whisper-large-v3,"greedy+loopguard(cr>3.0,ngram6)",0.4555,0.12998,0.41452,0,0.44261,0.28696,0.27043,0,0.64404,0.18377,0.17219,250,0.5303,0.34382,0.12587,170,296,83.24,0.66776,0.17364,0.18362,-0.0099791,-0.057471,-0.021806,0.00097487,0.078,0.028399,296,11023,0.40125,0.13218,0.46656,3,0.40761,0.24457,0.34783,3,0.1091,0.11457,0.11476,0.1417,-0.026944,-0.23478,-0.037101,-0.01802,0,1.6012e-09,0.60711,0.2,0.19289,649,0.52817,0.3169,0.15493,462,2.0276,22,0.57762,0.57401,0.0036101,0.00625,-0.041026,0.066684,0.935,0.37184,0.40433,-0.032491,-0.087379,0.293,4.4445,32,0.36934,0.33275,0.036585,0.099057,-0.031621,0.14541,0.472,0.21951,0.23693,-0.017422,-0.079365,0.33,9.9402,39,0.28931,0.27673,0.012579,0.043478,-0.01683,0.03964,0.36,0.18003,0.19104,-0.011006,-0.061135,0.281,66.828,203,0.13191,0.14854,-0.016629,-0.12606,-0.028713,-0.0053387,0.004,0.090674,0.12034,-0.029663,-0.32714,0,,,,,,,,True,1,2,"[556, 30752, 30777, 30813, 30831, 30843]",0,34.938,-0.43678,False,-0.023549,-0.20375,0.13913,-0.038187,-0.010898,0,-0.034375,-0.42053,0.11612,-0.0099791,-0.057471,-0.026944,-0.23478,0.0036101,-0.032491,0.036585,-0.017422,0.012579,-0.011006,-0.016629,-0.029663,sctrl1of2_armB_both_lora_b5_r8_lr0.0001_seed0_hq_ms400_pat4__eval30718,0,0,0,0,0,0,0,0,0,0,0,0,0,0,0,0,0,0,0,0,0,0,0,,,,,,,,,,,,
sctrl1of2_armB_both_lora_b5_r8_lr0.0001_seed0_hq_ms400_pat4__eval30859,30859,B,both,lora,5,8,0.0001,0,protocol,loss,/root/deep-learning-project/src/training/runs/sctrl1of2_armB_both_lora_b5_r8_lr0.0001_seed0_hq_ms400_pat4,4.9323,22,160,53.333,0.26693,,166,47.564,0.1055,0.1018,0.0037016,0.035088,-0.0045054,0.012258,0.391,0.52045,166,5403,0.070599,0.066132,0.05645,0.063668,-0.0072182,-0.12787,-0.013668,-0.00057661,0.041,0.042862,109.41,,ivrit-ai/whisper-large-v3,"greedy+loopguard(cr>3.0,ngram6)",0.36842,0.082456,0.54912,0,0.40364,0.11818,0.47818,0,0.68852,0.1541,0.15738,265,0.64535,0.18895,0.1657,206,391,79.155,0.6009,0.19343,0.18885,0.0045782,0.023669,-0.0051723,0.013898,0.322,0.11059,391,8737,0.29882,0.15503,0.54615,3,0.32,0.1897,0.4903,3,0.14216,0.13817,0.1148,0.12476,-0.0099577,-0.08674,-0.019007,-0.0015692,0.019,0.080273,0.50349,0.26122,0.23529,687,0.4844,0.28716,0.22844,560,2.3958,36,0.50593,0.45455,0.051383,0.10156,0.0068358,0.089751,0.031,0.39921,0.35573,0.043478,0.10891,0.07,10.24,83,0.45274,0.42289,0.029851,0.065934,-0.015556,0.074112,0.212,0.24279,0.24577,-0.0029851,-0.012295,0.892,10.715,65,0.27182,0.28091,-0.0090909,-0.033445,-0.05143,0.023852,0.67,0.17455,0.19909,-0.024545,-0.14062,0.242,55.804,207,0.12667,0.12557,0.0010974,0.0086634,-0.0073227,0.0096059,0.809,0.073052,0.083712,-0.01066,-0.14592,0.001,,,,,,,,True,1,2,"[556, 30752, 30777, 30813, 30831, 30843]",0,44.941,2.5,True,0.0037016,0.035088,0.1018,-0.0045054,0.012258,0.391,-0.0072182,-0.12787,0.063668,0.0045782,0.023669,-0.0099577,-0.08674,0.051383,0.043478,0.029851,-0.0029851,-0.0090909,-0.024545,0.0010974,-0.01066,sctrl1of2_armB_both_lora_b5_r8_lr0.0001_seed0_hq_ms400_pat4__eval30859,0,0,0,0,0,0,0,0,0,0,0,0,0,0,0,0,0,0,0,0,0,0,0,,,,,,,,,,,,
sctrl1of2_armB_both_lora_b5_r8_lr0.0001_seed0_hq_ms400_pat4__eval30868,30868,B,both,lora,5,8,0.0001,0,protocol,loss,/root/deep-learning-project/src/training/runs/sctrl1of2_armB_both_lora_b5_r8_lr0.0001_seed0_hq_ms400_pat4,4.9323,22,160,53.333,0.26693,,161,47.113,0.12099,0.14205,-0.021056,-0.17403,-0.030198,-0.011518,0,0.0001147,161,6364,0.071805,0.08291,0.081552,0.11628,-0.034727,-0.42582,-0.043837,-0.025528,0,2.3515e-09,109.41,,ivrit-ai/whisper-large-v3,"greedy+loopguard(cr>3.0,ngram6)",0.47922,0.1013,0.41948,0,0.49226,0.25221,0.25553,0,0.71098,0.15029,0.13873,251,0.60135,0.30811,0.090541,164,431,89.193,0.52822,0.23116,0.23091,0.00025117,0.0010866,-0.0087686,0.0095018,0.937,0.86612,431,11944,0.38863,0.12495,0.48642,0,0.42495,0.20631,0.36875,1,0.15576,0.15052,0.14853,0.1723,-0.023778,-0.16009,-0.03172,-0.015695,0,2.265e-08,0.60485,0.19448,0.20068,987,0.56948,0.27648,0.15403,700,3.4421,44,0.55388,0.57974,-0.025862,-0.046693,-0.080355,0.019234,0.3,0.37716,0.41595,-0.038793,-0.10286,0.029,10.872,83,0.43938,0.38542,0.053959,0.12281,0.023138,0.087359,0,0.28241,0.26559,0.016819,0.059553,0.216,17.15,87,0.32137,0.29566,0.025709,0.08,0.0034486,0.04813,0.031,0.20035,0.21144,-0.011082,-0.05531,0.378,57.73,217,0.14775,0.16314,-0.015391,-0.10417,-0.024206,-0.0058094,0.001,0.095421,0.12941,-0.033987,-0.35618,0,,,,,,,,True,1,2,"[556, 30752, 30777, 30813, 30831, 30843]",0,50.774,-0.68657,False,-0.021056,-0.17403,0.14205,-0.030198,-0.011518,0,-0.034727,-0.42582,0.11628,0.00025117,0.0010866,-0.023778,-0.16009,-0.025862,-0.038793,0.053959,0.016819,0.025709,-0.011082,-0.015391,-0.033987,sctrl1of2_armB_both_lora_b5_r8_lr0.0001_seed0_hq_ms400_pat4__eval30868,0,0,0,0,0,0,0,0,0,0,0,0,0,0,0,0,0,0,0,0,0,0,0,,,,,,,,,,,,
sctrl1of2_armB_both_lora_b80_r8_lr0.0003_seed0_hq_ms400_pat4__eval23558,23558,B,both,lora,80,8,0.0003,0,protocol,loss,/root/deep-learning-project/src/training/runs/sctrl1of2_armB_both_lora_b80_r8_lr0.0003_seed0_hq_ms400_pat4,79.731,304,160,4.2105,0.22785,,240,46.331,0.17696,0.14316,0.033799,0.191,0.021192,0.046588,0,8.2556e-07,240,6154,0.12038,0.092899,0.11878,0.11033,0.0084498,0.071135,-0.0012305,0.018297,0.085,0.16795,109.57,,ivrit-ai/whisper-large-v3,"greedy+loopguard(cr>3.0,ngram6)",0.38567,0.1157,0.49862,0,0.42679,0.26107,0.31215,0,0.57456,0.17237,0.25308,358,0.55376,0.33873,0.10751,202,1163,177.78,0.26062,0.34677,0.27863,0.068133,0.19648,0.059505,0.078167,0,9.243e-43,1163,23102,0.32306,0.14805,0.5289,3,0.36477,0.2641,0.37114,2,0.25574,0.20212,0.22556,0.20427,0.021297,0.094416,0.014383,0.028347,0,1.671e-09,0.49664,0.2276,0.27576,2800,0.49756,0.36025,0.14219,1718,16.695,175,0.6665,0.52273,0.14377,0.21572,0.09966,0.19192,0,0.45652,0.38933,0.067194,0.14719,0,44.327,323,0.45976,0.37822,0.081542,0.17736,0.060415,0.10219,0,0.2933,0.27145,0.021851,0.0745,0.005,42.52,255,0.32713,0.26464,0.062489,0.19102,0.044935,0.081029,0,0.21146,0.1932,0.018263,0.086367,0.016,74.235,410,0.2278,0.17964,0.048155,0.21139,0.036356,0.060027,0,0.14751,0.13423,0.013281,0.090034,0.002,,,,,,,,True,1,2,"[556, 30752, 30777, 30813, 30831, 30843]",0,113.5,1.2885,True,0.033799,0.191,0.14316,0.021192,0.046588,0,0.0084498,0.071135,0.11033,0.068133,0.19648,0.021297,0.094416,0.14377,0.067194,0.081542,0.021851,0.062489,0.018263,0.048155,0.013281,sctrl1of2_armB_both_lora_b80_r8_lr0.0003_seed0_hq_ms400_pat4__eval23558,0,0,0,0,0,0,0,0,0,0,0,0,0,0,0,0,0,0,0,0,0,0,0,,,,,,,,,,,,
sctrl1of2_armB_both_lora_b80_r8_lr0.0003_seed0_hq_ms400_pat4__eval30685,30685,B,both,lora,80,8,0.0003,0,protocol,loss,/root/deep-learning-project/src/training/runs/sctrl1of2_armB_both_lora_b80_r8_lr0.0003_seed0_hq_ms400_pat4,79.731,304,160,4.2105,0.22785,,155,45.849,0.18032,0.17152,0.0088003,0.048805,-0.001703,0.018715,0.097,0.084408,155,5568,0.13554,0.12763,0.09842,0.10632,-0.0079023,-0.080292,-0.016009,0,0.051,0.020136,109.57,,ivrit-ai/whisper-large-v3,"greedy+loopguard(cr>3.0,ngram6)",0.2739,0.17729,0.5488,0,0.30157,0.23874,0.45969,0,0.50182,0.32482,0.17336,456,0.48649,0.38514,0.12838,363,373,80.88,0.56687,0.25993,0.23659,0.023332,0.089764,0.014016,0.032748,0,2.0957e-07,373,9772,0.28819,0.15551,0.5563,3,0.32785,0.20891,0.46324,3,0.19313,0.17359,0.14132,0.14562,-0.004298,-0.030413,-0.010868,0.001873,0.186,0.07803,0.53005,0.28602,0.18392,1159,0.53268,0.33942,0.1279,889,3.9679,40,0.669,0.57343,0.095571,0.14286,0.022162,0.19121,0.002,0.3683,0.36131,0.006993,0.018987,0.712,8.862,52,0.41488,0.35256,0.062326,0.15022,0.028515,0.10789,0,0.22233,0.20651,0.015814,0.07113,0.206,10.061,56,0.31037,0.28133,0.029046,0.093583,0.013658,0.046262,0,0.15187,0.16598,-0.014108,-0.092896,0.075,57.989,225,0.20289,0.19085,0.012035,0.059316,0.0028119,0.020816,0.009,0.11341,0.11978,-0.0063712,-0.05618,0.062,,,,,,,,True,1,2,"[556, 30752, 30777, 30813, 30831, 30843]",0,41.181,2.2857,True,0.0088003,0.048805,0.17152,-0.001703,0.018715,0.097,-0.0079023,-0.080292,0.10632,0.023332,0.089764,-0.004298,-0.030413,0.095571,0.006993,0.062326,0.015814,0.029046,-0.014108,0.012035,-0.0063712,sctrl1of2_armB_both_lora_b80_r8_lr0.0003_seed0_hq_ms400_pat4__eval30685,0,0,0,0,0,0,0,0,0,0,0,0,0,0,0,0,0,0,0,0,0,0,0,,,,,,,,,,,,
sctrl1of2_armB_both_lora_b80_r8_lr0.0003_seed0_hq_ms400_pat4__eval30701,30701,B,both,lora,80,8,0.0003,0,protocol,loss,/root/deep-learning-project/src/training/runs/sctrl1of2_armB_both_lora_b80_r8_lr0.0003_seed0_hq_ms400_pat4,79.731,304,160,4.2105,0.22785,,183,47.47,0.14191,0.11414,0.027764,0.19565,0.017072,0.039827,0,2.2095e-06,183,6159,0.091284,0.069757,0.084105,0.078097,0.0060075,0.071429,-0.0011905,0.013489,0.101,0.13743,109.57,,ivrit-ai/whisper-large-v3,"greedy+loopguard(cr>3.0,ngram6)",0.3627,0.09611,0.54119,2,0.41536,0.18065,0.40398,1,0.61197,0.16216,0.22587,356,0.60707,0.26403,0.1289,222,724,126.95,0.37393,0.31211,0.24345,0.068659,0.21998,0.056073,0.0825,0,1.1045e-26,724,16225,0.31813,0.13389,0.54799,10,0.36177,0.23975,0.39848,4,0.23019,0.17436,0.19846,0.17492,0.023544,0.11863,0.014936,0.032806,0,2.0952e-06,0.50031,0.21056,0.28913,1844,0.50352,0.33369,0.16279,1112,10.525,117,0.61735,0.5,0.11735,0.19008,0.06546,0.1755,0,0.40816,0.38557,0.022595,0.055357,0.209,27.243,190,0.51207,0.38755,0.12452,0.24318,0.083073,0.1702,0,0.33386,0.27637,0.057497,0.17222,0,25.97,136,0.32667,0.25,0.076675,0.23471,0.049946,0.10627,0,0.20094,0.17714,0.023796,0.11842,0.006,63.211,281,0.17986,0.14372,0.03614,0.20094,0.0246,0.048521,0,0.11143,0.10071,0.010722,0.096216,0.013,,,,,,,,True,1,2,"[556, 30752, 30777, 30813, 30831, 30843]",0,93.644,1.1053,True,0.027764,0.19565,0.11414,0.017072,0.039827,0,0.0060075,0.071429,0.078097,0.068659,0.21998,0.023544,0.11863,0.11735,0.022595,0.12452,0.057497,0.076675,0.023796,0.03614,0.010722,sctrl1of2_armB_both_lora_b80_r8_lr0.0003_seed0_hq_ms400_pat4__eval30701,0,0,0,0,0,0,0,0,0,0,0,0,0,0,0,0,0,0,0,0,0,0,0,,,,,,,,,,,,
sctrl1of2_armB_both_lora_b80_r8_lr0.0003_seed0_hq_ms400_pat4__eval30718,30718,B,both,lora,80,8,0.0003,0,protocol,loss,/root/deep-learning-project/src/training/runs/sctrl1of2_armB_both_lora_b80_r8_lr0.0003_seed0_hq_ms400_pat4,79.731,304,160,4.2105,0.22785,,162,55.584,0.11558,0.10922,0.0063608,0.055035,-0.0030248,0.016483,0.193,0.37883,162,7389,0.064211,0.057139,0.081743,0.085939,-0.0041954,-0.051325,-0.011259,0.0041229,0.278,0.037006,109.57,,ivrit-ai/whisper-large-v3,"greedy+loopguard(cr>3.0,ngram6)",0.4555,0.12998,0.41452,0,0.50682,0.21685,0.27633,0,0.64404,0.18377,0.17219,250,0.64409,0.27559,0.080315,172,296,83.24,0.66776,0.17364,0.14878,0.024857,0.14316,0.014977,0.035366,0,3.3561e-06,296,11023,0.40125,0.13218,0.46656,3,0.46037,0.22195,0.31768,0,0.1091,0.088917,0.11476,0.11122,0.0035381,0.03083,-0.0028503,0.010408,0.313,0.5836,0.60711,0.2,0.19289,649,0.61582,0.2969,0.087276,414,2.0276,22,0.57762,0.44404,0.13357,0.23125,0.047612,0.26842,0.004,0.37184,0.32852,0.043321,0.1165,0.073,4.4445,32,0.36934,0.27875,0.090592,0.24528,0.012817,0.19734,0.006,0.21951,0.20035,0.019164,0.087302,0.262,9.9402,39,0.28931,0.2272,0.062107,0.21467,0.02956,0.099682,0,0.18003,0.16195,0.018082,0.10044,0.05,66.828,203,0.13191,0.12,0.01191,0.09029,0.0032581,0.021551,0.007,0.090674,0.091461,-0.00078652,-0.0086741,0.83,,,,,,,,True,1,2,"[556, 30752, 30777, 30813, 30831, 30843]",0,35.504,2.7872,True,0.0063608,0.055035,0.10922,-0.0030248,0.016483,0.193,-0.0041954,-0.051325,0.085939,0.024857,0.14316,0.0035381,0.03083,0.13357,0.043321,0.090592,0.019164,0.062107,0.018082,0.01191,-0.00078652,sctrl1of2_armB_both_lora_b80_r8_lr0.0003_seed0_hq_ms400_pat4__eval30718,0,0,0,0,0,0,0,0,0,0,0,0,0,0,0,0,0,0,0,0,0,0,0,,,,,,,,,,,,
sctrl1of2_armB_both_lora_b80_r8_lr0.0003_seed0_hq_ms400_pat4__eval30859,30859,B,both,lora,80,8,0.0003,0,protocol,loss,/root/deep-learning-project/src/training/runs/sctrl1of2_armB_both_lora_b80_r8_lr0.0003_seed0_hq_ms400_pat4,79.731,304,160,4.2105,0.22785,,166,47.564,0.1055,0.094207,0.01129,0.10702,0.0042868,0.018536,0.002,0.0026698,166,5403,0.070599,0.059724,0.05645,0.05534,0.0011105,0.019672,-0.004476,0.0071802,0.693,0.75947,109.57,,ivrit-ai/whisper-large-v3,"greedy+loopguard(cr>3.0,ngram6)",0.36842,0.082456,0.54912,0,0.41257,0.13949,0.44794,0,0.68852,0.1541,0.15738,265,0.70234,0.23746,0.060201,210,391,79.155,0.6009,0.19343,0.16585,0.027584,0.1426,0.018493,0.037734,0,6.4248e-10,391,8737,0.29882,0.15503,0.54615,3,0.33816,0.23395,0.42788,2,0.14216,0.11687,0.1148,0.10873,0.0060662,0.052841,-0.0018763,0.013393,0.128,0.052402,0.50349,0.26122,0.23529,687,0.51579,0.35684,0.12737,499,2.3958,36,0.50593,0.3913,0.11462,0.22656,0.047604,0.19399,0,0.39921,0.33597,0.063241,0.15842,0.002,10.24,83,0.45274,0.34428,0.10846,0.23956,0.061363,0.15841,0,0.24279,0.20796,0.034826,0.14344,0.026,10.715,65,0.27182,0.26091,0.010909,0.040134,-0.026819,0.041803,0.498,0.17455,0.19636,-0.021818,-0.125,0.25,55.804,207,0.12667,0.1124,0.014266,0.11262,0.0070407,0.022152,0,0.073052,0.068976,0.0040759,0.055794,0.205,,,,,,,,True,1,2,"[556, 30752, 30777, 30813, 30831, 30843]",0,35.362,1.3934,True,0.01129,0.10702,0.094207,0.0042868,0.018536,0.002,0.0011105,0.019672,0.05534,0.027584,0.1426,0.0060662,0.052841,0.11462,0.063241,0.10846,0.034826,0.010909,-0.021818,0.014266,0.0040759,sctrl1of2_armB_both_lora_b80_r8_lr0.0003_seed0_hq_ms400_pat4__eval30859,0,0,0,0,0,0,0,0,0,0,0,0,0,0,0,0,0,0,0,0,0,0,0,,,,,,,,,,,,
sctrl1of2_armB_both_lora_b80_r8_lr0.0003_seed0_hq_ms400_pat4__eval30868,30868,B,both,lora,80,8,0.0003,0,protocol,loss,/root/deep-learning-project/src/training/runs/sctrl1of2_armB_both_lora_b80_r8_lr0.0003_seed0_hq_ms400_pat4,79.731,304,160,4.2105,0.22785,,161,47.113,0.12099,0.10669,0.014299,0.11818,0.0044827,0.023199,0.004,0.0090395,161,6364,0.071805,0.059852,0.081552,0.084067,-0.0025141,-0.030829,-0.0094151,0.0043007,0.474,0.60143,109.57,,ivrit-ai/whisper-large-v3,"greedy+loopguard(cr>3.0,ngram6)",0.47922,0.1013,0.41948,0,0.51694,0.23122,0.25184,0,0.71098,0.15029,0.13873,251,0.65607,0.29346,0.050467,144,431,89.193,0.52822,0.23116,0.19851,0.032652,0.14125,0.023573,0.042169,0,1.8318e-11,431,11944,0.38863,0.12495,0.48642,0,0.43695,0.21847,0.34458,0,0.15576,0.12752,0.14853,0.14417,0.0043537,0.029312,-0.0023133,0.011262,0.195,0.15016,0.60485,0.19448,0.20068,987,0.60163,0.30081,0.097561,649,3.4421,44,0.55388,0.54526,0.0086207,0.015564,-0.03503,0.053485,0.687,0.37716,0.41379,-0.036638,-0.097143,0.103,10.872,83,0.43938,0.3623,0.077085,0.17544,0.038173,0.12139,0,0.28241,0.25228,0.030133,0.1067,0.038,17.15,87,0.32137,0.26418,0.057181,0.17793,0.037167,0.077097,0,0.20035,0.18395,0.016401,0.081858,0.071,57.73,217,0.14775,0.1289,0.018853,0.1276,0.010243,0.028354,0,0.095421,0.096832,-0.0014108,-0.014785,0.718,,,,,,,,True,1,2,"[556, 30752, 30777, 30813, 30831, 30843]",0,51.175,1.6703,True,0.014299,0.11818,0.10669,0.0044827,0.023199,0.004,-0.0025141,-0.030829,0.084067,0.032652,0.14125,0.0043537,0.029312,0.0086207,-0.036638,0.077085,0.030133,0.057181,0.016401,0.018853,-0.0014108,sctrl1of2_armB_both_lora_b80_r8_lr0.0003_seed0_hq_ms400_pat4__eval30868,0,0,0,0,0,0,0,0,0,0,0,0,0,0,0,0,0,0,0,0,0,0,0,,,,,,,,,,,,
sctrl1of2_armB_both_lora_b80_r8_lr0.0003_seed0_verbatim_hq_ms400_pat4__eval23558,23558,B,both,lora,80,8,0.0003,0,verbatim,loss,/root/deep-learning-project/src/training/runs/sctrl1of2_armB_both_lora_b80_r8_lr0.0003_seed0_verbatim_hq_ms400_pat4,79.731,304,160,4.2105,0.25379,,240,46.331,0.17696,0.15892,0.018037,0.10193,0.0088566,0.027783,0,0.0026327,240,6154,0.12038,0.10369,0.11878,0.11033,0.0084498,0.071135,0.0017245,0.015941,0.012,0.059392,109.14,,ivrit-ai/whisper-large-v3,"greedy+loopguard(cr>3.0,ngram6)",0.38567,0.1157,0.49862,0,0.41002,0.14519,0.44479,0,0.57456,0.17237,0.25308,358,0.59057,0.20913,0.20029,299,1163,177.78,0.26062,0.34677,0.32032,0.026448,0.07627,0.020009,0.032699,0,1.6385e-16,1163,23102,0.32306,0.14805,0.5289,3,0.32541,0.16189,0.5127,3,0.25574,0.23669,0.22556,0.20916,0.016406,0.072731,0.011317,0.021579,0,7.6395e-10,0.49664,0.2276,0.27576,2800,0.49834,0.24793,0.25373,2568,16.695,175,0.6665,0.62253,0.043972,0.065975,0.018834,0.068897,0,0.45652,0.43132,0.025198,0.055195,0.02,44.327,323,0.45976,0.43436,0.025404,0.055255,0.011601,0.038653,0.001,0.2933,0.27785,0.015456,0.052695,0.005,42.52,255,0.32713,0.30009,0.027037,0.082649,0.014306,0.040509,0,0.21146,0.19338,0.018084,0.085521,0.002,74.235,410,0.2278,0.20468,0.023114,0.10147,0.014478,0.031437,0,0.14751,0.13331,0.014193,0.09622,0,,,,,,,,True,1,2,"[556, 30752, 30777, 30813, 30831, 30843]",0,119.16,0.97297,True,0.018037,0.10193,0.15892,0.0088566,0.027783,0,0.0084498,0.071135,0.11033,0.026448,0.07627,0.016406,0.072731,0.043972,0.025198,0.025404,0.015456,0.027037,0.018084,0.023114,0.014193,sctrl1of2_armB_both_lora_b80_r8_lr0.0003_seed0_verbatim_hq_ms400_pat4__eval23558,0,0,0,0,0,0,0,0,0,0,0,0,0,0,0,0,0,0,0,0,0,0,0,,,,,,,,,,,,
sctrl1of2_armB_both_lora_b80_r8_lr0.0003_seed0_verbatim_hq_ms400_pat4__eval30685,30685,B,both,lora,80,8,0.0003,0,verbatim,loss,/root/deep-learning-project/src/training/runs/sctrl1of2_armB_both_lora_b80_r8_lr0.0003_seed0_verbatim_hq_ms400_pat4,79.731,304,160,4.2105,0.25379,,155,45.849,0.18032,0.17762,0.002694,0.01494,-0.0045472,0.0099244,0.465,0.23789,155,5568,0.13554,0.13306,0.09842,0.097701,0.00071839,0.0072993,-0.005877,0.0070712,0.838,0.71909,109.14,,ivrit-ai/whisper-large-v3,"greedy+loopguard(cr>3.0,ngram6)",0.2739,0.17729,0.5488,0,0.28716,0.17492,0.53792,0,0.50182,0.32482,0.17336,456,0.52206,0.31801,0.15993,445,373,80.88,0.56687,0.25993,0.25655,0.003377,0.012992,-0.0026915,0.0095543,0.287,0.12726,373,9772,0.28819,0.15551,0.5563,3,0.29557,0.15237,0.55205,3,0.19313,0.19034,0.14132,0.13948,0.001842,0.013034,-0.0034542,0.0073756,0.488,0.58157,0.53005,0.28602,0.18392,1159,0.54365,0.28026,0.17608,1144,3.9679,40,0.669,0.68298,-0.013986,-0.020906,-0.063833,0.022684,0.54,0.3683,0.37296,-0.004662,-0.012658,0.861,8.862,52,0.41488,0.39256,0.022326,0.053812,0.0024927,0.047146,0.029,0.22233,0.20651,0.015814,0.07113,0.079,10.061,56,0.31037,0.31286,-0.0024896,-0.0080214,-0.018049,0.011236,0.857,0.15187,0.161,-0.0091286,-0.060109,0.177,57.989,225,0.20289,0.20034,0.0025485,0.012561,-0.0044486,0.0092168,0.471,0.11341,0.11143,0.0019822,0.017478,0.512,,,,,,,,True,1,2,"[556, 30752, 30777, 30813, 30831, 30843]",0,42.054,1.2667,True,0.002694,0.01494,0.17762,-0.0045472,0.0099244,0.465,0.00071839,0.0072993,0.097701,0.003377,0.012992,0.001842,0.013034,-0.013986,-0.004662,0.022326,0.015814,-0.0024896,-0.0091286,0.0025485,0.0019822,sctrl1of2_armB_both_lora_b80_r8_lr0.0003_seed0_verbatim_hq_ms400_pat4__eval30685,0,0,0,0,0,0,0,0,0,0,0,0,0,0,0,0,0,0,0,0,0,0,0,,,,,,,,,,,,
sctrl1of2_armB_both_lora_b80_r8_lr0.0003_seed0_verbatim_hq_ms400_pat4__eval30701,30701,B,both,lora,80,8,0.0003,0,verbatim,loss,/root/deep-learning-project/src/training/runs/sctrl1of2_armB_both_lora_b80_r8_lr0.0003_seed0_verbatim_hq_ms400_pat4,79.731,304,160,4.2105,0.25379,,183,47.47,0.14191,0.13249,0.0094171,0.066362,0.0030487,0.016012,0.006,0.011515,183,6159,0.091284,0.084648,0.084105,0.078422,0.0056827,0.067568,0.00015995,0.011194,0.046,0.063094,109.14,,ivrit-ai/whisper-large-v3,"greedy+loopguard(cr>3.0,ngram6)",0.3627,0.09611,0.54119,2,0.36887,0.098039,0.53309,2,0.61197,0.16216,0.22587,356,0.62319,0.16563,0.21118,333,724,126.95,0.37393,0.31211,0.29337,0.018737,0.060032,0.011669,0.025696,0,1.2274e-07,724,16225,0.31813,0.13389,0.54799,10,0.31239,0.14307,0.54454,10,0.23019,0.21503,0.19846,0.18638,0.01208,0.06087,0.0055323,0.018346,0,0.0001472,0.50031,0.21056,0.28913,1844,0.49173,0.2252,0.28307,1736,10.525,117,0.61735,0.60496,0.012391,0.020071,-0.024694,0.044562,0.467,0.40816,0.40743,0.00072886,0.0017857,0.927,27.243,190,0.51207,0.46792,0.044155,0.086228,0.024395,0.065008,0,0.33386,0.29956,0.034307,0.10276,0.001,25.97,136,0.32667,0.3017,0.024971,0.076439,0.0094819,0.04122,0,0.20094,0.1839,0.017039,0.084795,0.01,63.211,281,0.17986,0.17227,0.0075894,0.042197,0.000973,0.014202,0.028,0.11143,0.10794,0.0034936,0.031351,0.277,,,,,,,,True,1,2,"[556, 30752, 30777, 30813, 30831, 30843]",0,85.969,0.65517,True,0.0094171,0.066362,0.13249,0.0030487,0.016012,0.006,0.0056827,0.067568,0.078422,0.018737,0.060032,0.01208,0.06087,0.012391,0.00072886,0.044155,0.034307,0.024971,0.017039,0.0075894,0.0034936,sctrl1of2_armB_both_lora_b80_r8_lr0.0003_seed0_verbatim_hq_ms400_pat4__eval30701,0,0,0,0,0,0,0,0,0,0,0,0,0,0,0,0,0,0,0,0,0,0,0,,,,,,,,,,,,
sctrl1of2_armB_both_lora_b80_r8_lr0.0003_seed0_verbatim_hq_ms400_pat4__eval30718,30718,B,both,lora,80,8,0.0003,0,verbatim,loss,/root/deep-learning-project/src/training/runs/sctrl1of2_armB_both_lora_b80_r8_lr0.0003_seed0_verbatim_hq_ms400_pat4,79.731,304,160,4.2105,0.25379,,162,55.584,0.11558,0.11246,0.0031127,0.026932,-0.002096,0.0089359,0.311,0.5444,162,7389,0.064211,0.061093,0.081743,0.081608,0.00013534,0.0016556,-0.004873,0.0055299,0.995,0.61065,109.14,,ivrit-ai/whisper-large-v3,"greedy+loopguard(cr>3.0,ngram6)",0.4555,0.12998,0.41452,0,0.48375,0.13357,0.38267,0,0.64404,0.18377,0.17219,250,0.66667,0.18408,0.14925,228,296,83.24,0.66776,0.17364,0.16511,0.0085276,0.049112,0.0028838,0.014552,0,0.017177,296,11023,0.40125,0.13218,0.46656,3,0.41538,0.14011,0.44451,1,0.1091,0.10309,0.11476,0.11077,0.0039917,0.034783,-0.00038321,0.0087472,0.082,0.20591,0.60711,0.2,0.19289,649,0.61916,0.20885,0.17199,599,2.0276,22,0.57762,0.50181,0.075812,0.13125,-0.018365,0.19126,0.123,0.37184,0.32852,0.043321,0.1165,0.079,4.4445,32,0.36934,0.36411,0.0052265,0.014151,-0.013675,0.025796,0.625,0.21951,0.21777,0.0017422,0.0079365,0.911,9.9402,39,0.28931,0.27673,0.012579,0.043478,-0.0068885,0.034242,0.233,0.18003,0.16824,0.011792,0.065502,0.176,66.828,203,0.13191,0.12584,0.0060674,0.045997,0.00087973,0.011929,0.023,0.090674,0.088876,0.0017978,0.019827,0.487,,,,,,,,True,1,2,"[556, 30752, 30777, 30813, 30831, 30843]",0,36.691,1.5652,True,0.0031127,0.026932,0.11246,-0.002096,0.0089359,0.311,0.00013534,0.0016556,0.081608,0.0085276,0.049112,0.0039917,0.034783,0.075812,0.043321,0.0052265,0.0017422,0.012579,0.011792,0.0060674,0.0017978,sctrl1of2_armB_both_lora_b80_r8_lr0.0003_seed0_verbatim_hq_ms400_pat4__eval30718,0,0,0,0,0,0,0,0,0,0,0,0,0,0,0,0,0,0,0,0,0,0,0,,,,,,,,,,,,
sctrl1of2_armB_both_lora_b80_r8_lr0.0003_seed0_verbatim_hq_ms400_pat4__eval30859,30859,B,both,lora,80,8,0.0003,0,verbatim,loss,/root/deep-learning-project/src/training/runs/sctrl1of2_armB_both_lora_b80_r8_lr0.0003_seed0_verbatim_hq_ms400_pat4,79.731,304,160,4.2105,0.25379,,166,47.564,0.1055,0.10494,0.00055525,0.0052632,-0.0041971,0.0053103,0.865,0.8934,166,5403,0.070599,0.068622,0.05645,0.057376,-0.00092541,-0.016393,-0.0056418,0.0036454,0.735,0.72006,109.14,,ivrit-ai/whisper-large-v3,"greedy+loopguard(cr>3.0,ngram6)",0.36842,0.082456,0.54912,0,0.37919,0.081129,0.53968,0,0.68852,0.1541,0.15738,265,0.69355,0.14839,0.15806,257,391,79.155,0.6009,0.19343,0.18565,0.007783,0.040237,0.0024104,0.013509,0.007,0.011702,391,8737,0.29882,0.15503,0.54615,3,0.31381,0.15475,0.53144,3,0.14216,0.13446,0.1148,0.11102,0.003777,0.032901,-0.001094,0.0089374,0.136,0.19955,0.50349,0.26122,0.23529,687,0.52474,0.25876,0.21649,652,2.3958,36,0.50593,0.4585,0.047431,0.09375,0.0071936,0.091792,0.03,0.39921,0.34387,0.055336,0.13861,0.01,10.24,83,0.45274,0.41592,0.036816,0.081319,0.012067,0.06441,0.002,0.24279,0.2199,0.022886,0.094262,0.04,10.715,65,0.27182,0.27182,0,0,-0.01767,0.015198,1,0.17455,0.18545,-0.010909,-0.0625,0.189,55.804,207,0.12667,0.12369,0.0029785,0.023515,-0.0018078,0.0086404,0.28,0.073052,0.071798,0.0012541,0.017167,0.627,,,,,,,,True,1,2,"[556, 30752, 30777, 30813, 30831, 30843]",0,35.724,2.3333,True,0.00055525,0.0052632,0.10494,-0.0041971,0.0053103,0.865,-0.00092541,-0.016393,0.057376,0.007783,0.040237,0.003777,0.032901,0.047431,0.055336,0.036816,0.022886,0,-0.010909,0.0029785,0.0012541,sctrl1of2_armB_both_lora_b80_r8_lr0.0003_seed0_verbatim_hq_ms400_pat4__eval30859,0,0,0,0,0,0,0,0,0,0,0,0,0,0,0,0,0,0,0,0,0,0,0,,,,,,,,,,,,
sctrl1of2_armB_both_lora_b80_r8_lr0.0003_seed0_verbatim_hq_ms400_pat4__eval30868,30868,B,both,lora,80,8,0.0003,0,verbatim,loss,/root/deep-learning-project/src/training/runs/sctrl1of2_armB_both_lora_b80_r8_lr0.0003_seed0_verbatim_hq_ms400_pat4,79.731,304,160,4.2105,0.25379,,161,47.113,0.12099,0.11392,0.007071,0.058442,0.0008479,0.013214,0.024,0.038483,161,6364,0.071805,0.06781,0.081552,0.07511,0.0064425,0.078998,0.00096841,0.012005,0.022,0.028179,109.14,,ivrit-ai/whisper-large-v3,"greedy+loopguard(cr>3.0,ngram6)",0.47922,0.1013,0.41948,0,0.48414,0.10483,0.41103,0,0.71098,0.15029,0.13873,251,0.73431,0.159,0.10669,247,431,89.193,0.52822,0.23116,0.22212,0.0090422,0.039116,0.0036939,0.014448,0,0.00038337,431,11944,0.38863,0.12495,0.48642,0,0.38786,0.1225,0.48963,1,0.15576,0.1492,0.14853,0.14057,0.0079538,0.053551,0.0030539,0.012844,0.001,0.00067302,0.60485,0.19448,0.20068,987,0.61286,0.19357,0.19357,974,3.4421,44,0.55388,0.57112,-0.017241,-0.031128,-0.062235,0.020501,0.443,0.37716,0.39224,-0.015086,-0.04,0.511,10.872,83,0.43938,0.41976,0.019622,0.044657,0,0.042174,0.051,0.28241,0.26769,0.014716,0.052109,0.214,17.15,87,0.32137,0.30585,0.015514,0.048276,0.0022005,0.027541,0.023,0.20035,0.18484,0.015514,0.077434,0.007,57.73,217,0.14775,0.14095,0.0067975,0.046007,0.0018402,0.012157,0.008,0.095421,0.089522,0.0058997,0.061828,0.017,,,,,,,,True,1,2,"[556, 30752, 30777, 30813, 30831, 30843]",0,53.539,0.55556,True,0.007071,0.058442,0.11392,0.0008479,0.013214,0.024,0.0064425,0.078998,0.07511,0.0090422,0.039116,0.0079538,0.053551,-0.017241,-0.015086,0.019622,0.014716,0.015514,0.015514,0.0067975,0.0058997,sctrl1of2_armB_both_lora_b80_r8_lr0.0003_seed0_verbatim_hq_ms400_pat4__eval30868,0,0,0,0,0,0,0,0,0,0,0,0,0,0,0,0,0,0,0,0,0,0,0,,,,,,,,,,,,
sctrl1of2_armB_both_lora_b80_r8_lr0.0003_seed1_hq_ms400_pat4__eval30701,30701,B,both,lora,80,8,0.0003,1,protocol,loss,/root/deep-learning-project/src/training/runs/sctrl1of2_armB_both_lora_b80_r8_lr0.0003_seed1_hq_ms400_pat4,79.853,297,140,3.6842,0.21232,,183,47.47,0.14191,0.11187,0.030037,0.21167,0.018029,0.044933,0,6.7262e-06,183,6159,0.091284,0.067312,0.084105,0.078909,0.0051956,0.061776,-0.0017334,0.012445,0.145,0.18144,94.913,,ivrit-ai/whisper-large-v3,"greedy+loopguard(cr>3.0,ngram6)",0.3627,0.09611,0.54119,2,0.43541,0.19594,0.36865,0,0.61197,0.16216,0.22587,356,0.61728,0.27778,0.10494,203,724,126.95,0.37393,0.31211,0.24018,0.071926,0.23045,0.058085,0.086776,0,5.7388e-25,724,16225,0.31813,0.13389,0.54799,10,0.36952,0.27406,0.35643,3,0.23019,0.17152,0.19846,0.17701,0.021448,0.10807,0.012533,0.030887,0,8.2087e-05,0.50031,0.21056,0.28913,1844,0.50139,0.37187,0.12674,1025,10.525,117,0.61735,0.49563,0.12172,0.19717,0.069704,0.17633,0,0.40816,0.39067,0.017493,0.042857,0.245,27.243,190,0.51207,0.38691,0.12516,0.24442,0.080722,0.1744,0,0.33386,0.28431,0.049555,0.14843,0.001,25.97,136,0.32667,0.24853,0.078143,0.23921,0.048564,0.10973,0,0.20094,0.18155,0.019389,0.096491,0.028,63.211,281,0.17986,0.1389,0.040959,0.22773,0.026299,0.056488,0,0.11143,0.099145,0.012288,0.11027,0.021,,,,,,,,True,1,2,"[23558, 30685, 30718, 30752, 30777, 30831]",0,77.866,1.1838,True,0.030037,0.21167,0.11187,0.018029,0.044933,0,0.0051956,0.061776,0.078909,0.071926,0.23045,0.021448,0.10807,0.12172,0.017493,0.12516,0.049555,0.078143,0.019389,0.040959,0.012288,sctrl1of2_armB_both_lora_b80_r8_lr0.0003_seed1_hq_ms400_pat4__eval30701,0,0,0,0,0,0,0,0,0,0,0,0,0,0,0,0,0,0,0,0,0,0,0,,,,,,,,,,,,
sctrl1of2_armB_both_lora_b80_r8_lr0.0003_seed1_hq_ms400_pat4__eval30813,30813,B,both,lora,80,8,0.0003,1,protocol,loss,/root/deep-learning-project/src/training/runs/sctrl1of2_armB_both_lora_b80_r8_lr0.0003_seed1_hq_ms400_pat4,79.853,297,140,3.6842,0.21232,,208,57.176,0.10397,0.1121,-0.0081327,-0.078221,-0.018497,0.0018321,0.12,0.24684,208,6271,0.054248,0.059409,0.074629,0.096157,-0.021528,-0.28846,-0.031016,-0.012209,0,5.5815e-05,94.913,,ivrit-ai/whisper-large-v3,"greedy+loopguard(cr>3.0,ngram6)",0.51687,0.10276,0.38037,0,0.50498,0.3101,0.18492,0,0.72009,0.14316,0.13675,184,0.58872,0.36153,0.049751,100,441,98.553,0.58015,0.17192,0.16948,0.0024386,0.014184,-0.0090357,0.014505,0.667,0.90552,441,10662,0.42008,0.12384,0.45608,2,0.45656,0.3005,0.24294,1,0.10744,0.10238,0.11555,0.13862,-0.023073,-0.19968,-0.033155,-0.013276,0,1.2097e-07,0.625,0.18425,0.19075,601,0.55819,0.36739,0.074425,329,3.6174,34,0.59621,0.39117,0.20505,0.34392,0.063542,0.47016,0,0.33754,0.21451,0.12303,0.36449,0.028,10.949,69,0.31097,0.27561,0.035358,0.1137,0.0019654,0.071163,0.034,0.1922,0.21668,-0.024479,-0.12736,0.041,15.504,79,0.23036,0.22623,0.0041347,0.017949,-0.024921,0.038734,0.792,0.16125,0.1896,-0.028352,-0.17582,0.04,68.482,259,0.12068,0.13194,-0.01126,-0.093304,-0.022256,0.00013144,0.051,0.084779,0.1126,-0.027818,-0.32812,0,,,,,,,,True,1,2,"[23558, 30685, 30718, 30752, 30777, 30831]",0,44.817,-2.3137,False,-0.0081327,-0.078221,0.1121,-0.018497,0.0018321,0.12,-0.021528,-0.28846,0.096157,0.0024386,0.014184,-0.023073,-0.19968,0.20505,0.12303,0.035358,-0.024479,0.0041347,-0.028352,-0.01126,-0.027818,sctrl1of2_armB_both_lora_b80_r8_lr0.0003_seed1_hq_ms400_pat4__eval30813,0,0,0,0,0,0,0,0,0,0,0,0,0,0,0,0,0,0,0,0,0,0,0,,,,,,,,,,,,
sctrl1of2_armB_both_lora_b80_r8_lr0.0003_seed1_hq_ms400_pat4__eval30843,30843,B,both,lora,80,8,0.0003,1,protocol,loss,/root/deep-learning-project/src/training/runs/sctrl1of2_armB_both_lora_b80_r8_lr0.0003_seed1_hq_ms400_pat4,79.853,297,140,3.6842,0.21232,,112,30.227,0.17351,0.15205,0.021455,0.12366,0.0072652,0.037465,0.004,0.003862,112,3216,0.096592,0.082643,0.11567,0.11909,-0.0034204,-0.02957,-0.015359,0.0094321,0.636,0.84501,94.913,,ivrit-ai/whisper-large-v3,"greedy+loopguard(cr>3.0,ngram6)",0.5,0.080645,0.41935,0,0.52761,0.19427,0.27812,0,0.75,0.12097,0.12903,186,0.67363,0.24804,0.078329,106,448,90.581,0.3337,0.30878,0.2699,0.038878,0.12591,0.028642,0.049094,0,1.8652e-13,448,9800,0.43424,0.09848,0.46728,2,0.46125,0.20794,0.33081,1,0.20012,0.17152,0.20663,0.2051,0.0015306,0.0074074,-0.0068179,0.010485,0.696,0.21615,0.64889,0.14716,0.20395,1001,0.60697,0.27363,0.1194,635,6.5399,63,0.63676,0.56618,0.070588,0.11085,0.026027,0.12287,0.002,0.44559,0.41765,0.027941,0.062706,0.22,20.206,119,0.42671,0.37832,0.048395,0.11341,0.026418,0.07336,0,0.28246,0.28525,-0.002792,-0.0098847,0.748,25.868,115,0.2976,0.2527,0.044901,0.15088,0.024601,0.063271,0,0.20292,0.19944,0.0034807,0.017153,0.696,37.966,151,0.20034,0.17594,0.024402,0.1218,0.011517,0.038067,0,0.12982,0.13177,-0.0019522,-0.015038,0.779,,,,,,,,True,1,2,"[23558, 30685, 30718, 30752, 30777, 30831]",0,44.114,1.4203,True,0.021455,0.12366,0.15205,0.0072652,0.037465,0.004,-0.0034204,-0.02957,0.11909,0.038878,0.12591,0.0015306,0.0074074,0.070588,0.027941,0.048395,-0.002792,0.044901,0.0034807,0.024402,-0.0019522,sctrl1of2_armB_both_lora_b80_r8_lr0.0003_seed1_hq_ms400_pat4__eval30843,0,0,0,0,0,0,0,0,0,0,0,0,0,0,0,0,0,0,0,0,0,0,0,,,,,,,,,,,,
sctrl1of2_armB_both_lora_b80_r8_lr0.0003_seed1_hq_ms400_pat4__eval30859,30859,B,both,lora,80,8,0.0003,1,protocol,loss,/root/deep-learning-project/src/training/runs/sctrl1of2_armB_both_lora_b80_r8_lr0.0003_seed1_hq_ms400_pat4,79.853,297,140,3.6842,0.21232,,166,47.564,0.1055,0.094022,0.011475,0.10877,0.0046362,0.01875,0,0.0015247,166,5403,0.070599,0.061298,0.05645,0.054229,0.002221,0.039344,-0.0030956,0.0079906,0.417,0.55142,94.913,,ivrit-ai/whisper-large-v3,"greedy+loopguard(cr>3.0,ngram6)",0.36842,0.082456,0.54912,0,0.39173,0.14764,0.46063,0,0.68852,0.1541,0.15738,265,0.67918,0.25597,0.064846,215,391,79.155,0.6009,0.19343,0.16459,0.028843,0.14911,0.019037,0.039374,0,1.2555e-09,391,8737,0.29882,0.15503,0.54615,3,0.34145,0.24896,0.4096,2,0.14216,0.11744,0.1148,0.10885,0.0059517,0.051844,-0.002244,0.013864,0.143,0.056106,0.50349,0.26122,0.23529,687,0.5163,0.37645,0.10726,487,2.3958,36,0.50593,0.41897,0.086957,0.17188,0.018689,0.15285,0.021,0.39921,0.34387,0.055336,0.13861,0.044,10.24,83,0.45274,0.3403,0.11244,0.24835,0.064653,0.16937,0,0.24279,0.20697,0.035821,0.14754,0.015,10.715,65,0.27182,0.25364,0.018182,0.06689,-0.017043,0.050127,0.286,0.17455,0.19909,-0.024545,-0.14062,0.232,55.804,207,0.12667,0.11146,0.015206,0.12005,0.0076005,0.023043,0,0.073052,0.068506,0.0045462,0.062232,0.141,,,,,,,,True,1,2,"[23558, 30685, 30718, 30752, 30777, 30831]",0,35.8,1.2742,True,0.011475,0.10877,0.094022,0.0046362,0.01875,0,0.002221,0.039344,0.054229,0.028843,0.14911,0.0059517,0.051844,0.086957,0.055336,0.11244,0.035821,0.018182,-0.024545,0.015206,0.0045462,sctrl1of2_armB_both_lora_b80_r8_lr0.0003_seed1_hq_ms400_pat4__eval30859,0,0,0,0,0,0,0,0,0,0,0,0,0,0,0,0,0,0,0,0,0,0,0,,,,,,,,,,,,
sctrl1of2_armB_both_lora_b80_r8_lr0.0003_seed1_hq_ms400_pat4__eval30868,30868,B,both,lora,80,8,0.0003,1,protocol,loss,/root/deep-learning-project/src/training/runs/sctrl1of2_armB_both_lora_b80_r8_lr0.0003_seed1_hq_ms400_pat4,79.853,297,140,3.6842,0.21232,,161,47.113,0.12099,0.11094,0.010057,0.083117,-0.00015804,0.019577,0.051,0.063616,161,6364,0.071805,0.064845,0.081552,0.088152,-0.0065996,-0.080925,-0.014637,0.0011577,0.105,0.2159,94.913,,ivrit-ai/whisper-large-v3,"greedy+loopguard(cr>3.0,ngram6)",0.47922,0.1013,0.41948,0,0.49292,0.26346,0.24363,0,0.71098,0.15029,0.13873,251,0.62032,0.33155,0.048128,145,431,89.193,0.52822,0.23116,0.20219,0.028969,0.12532,0.019871,0.038935,0,1.9899e-09,431,11944,0.38863,0.12495,0.48642,0,0.42857,0.24182,0.32961,0,0.15576,0.13235,0.14853,0.14911,-0.00058607,-0.0039459,-0.0072891,0.0065267,0.915,0.94216,0.60485,0.19448,0.20068,987,0.58113,0.32791,0.09096,634,3.4421,44,0.55388,0.53879,0.015086,0.027237,-0.032405,0.066676,0.53,0.37716,0.41595,-0.038793,-0.10286,0.033,10.872,83,0.43938,0.3609,0.078486,0.17863,0.037859,0.12421,0,0.28241,0.25929,0.023125,0.081886,0.118,17.15,87,0.32137,0.26729,0.054078,0.16828,0.034649,0.075186,0,0.20035,0.18706,0.013298,0.066372,0.13,57.73,217,0.14775,0.13428,0.013467,0.091146,0.0037492,0.023351,0.009,0.095421,0.10209,-0.0066692,-0.069892,0.101,,,,,,,,True,1,2,"[23558, 30685, 30718, 30752, 30777, 30831]",0,51.673,2.3594,True,0.010057,0.083117,0.11094,-0.00015804,0.019577,0.051,-0.0065996,-0.080925,0.088152,0.028969,0.12532,-0.00058607,-0.0039459,0.015086,-0.038793,0.078486,0.023125,0.054078,0.013298,0.013467,-0.0066692,sctrl1of2_armB_both_lora_b80_r8_lr0.0003_seed1_hq_ms400_pat4__eval30868,0,0,0,0,0,0,0,0,0,0,0,0,0,0,0,0,0,0,0,0,0,0,0,,,,,,,,,,,,
sctrl1of2_armB_both_lora_b80_r8_lr0.0003_seed1_hq_ms400_pat4__eval556,556,B,both,lora,80,8,0.0003,1,protocol,loss,/root/deep-learning-project/src/training/runs/sctrl1of2_armB_both_lora_b80_r8_lr0.0003_seed1_hq_ms400_pat4,79.853,297,140,3.6842,0.21232,,205,45.031,0.19067,0.14087,0.049802,0.26119,0.037797,0.0623,0,6.444e-13,205,5040,0.13424,0.092011,0.10972,0.092659,0.017063,0.15552,0.0081501,0.025744,0,0.00012964,94.913,,ivrit-ai/whisper-large-v3,"greedy+loopguard(cr>3.0,ngram6)",0.33923,0.074922,0.58585,0,0.41127,0.15915,0.42958,0,0.58951,0.1302,0.28029,408,0.62527,0.24197,0.13276,243,797,144.37,0.31193,0.33989,0.25727,0.08262,0.24308,0.071385,0.093614,0,2.5172e-48,797,15299,0.31019,0.089615,0.60019,7,0.36941,0.16336,0.46723,4,0.25689,0.18422,0.19217,0.16328,0.028891,0.15034,0.021393,0.036476,0,4.8084e-14,0.54864,0.1585,0.29286,2260,0.58207,0.25741,0.16053,1438,12.526,121,0.6307,0.52518,0.10552,0.1673,0.065365,0.15325,0,0.3709,0.34213,0.028777,0.077586,0.078,25.017,164,0.52487,0.39252,0.13235,0.25215,0.099436,0.16913,0,0.30662,0.24784,0.058775,0.19169,0,36.562,181,0.33891,0.25186,0.087049,0.25685,0.065982,0.11007,0,0.17675,0.14968,0.02707,0.15315,0,70.261,331,0.23665,0.17523,0.061425,0.25956,0.049307,0.075231,0,0.13559,0.11508,0.020517,0.15132,0,,,,,,,,True,1,2,"[23558, 30685, 30718, 30752, 30777, 30831]",0,82.511,1.0279,True,0.049802,0.26119,0.14087,0.037797,0.0623,0,0.017063,0.15552,0.092659,0.08262,0.24308,0.028891,0.15034,0.10552,0.028777,0.13235,0.058775,0.087049,0.02707,0.061425,0.020517,sctrl1of2_armB_both_lora_b80_r8_lr0.0003_seed1_hq_ms400_pat4__eval556,0,0,0,0,0,0,0,0,0,0,0,0,0,0,0,0,0,0,0,0,0,0,0,,,,,,,,,,,,
sctrl1of2_armB_both_lora_b80_r8_lr0.0003_seed2_hq_ms400_pat4__eval23558,23558,B,both,lora,80,8,0.0003,2,protocol,loss,/root/deep-learning-project/src/training/runs/sctrl1of2_armB_both_lora_b80_r8_lr0.0003_seed2_hq_ms400_pat4,79.564,294,160,4.3243,0.19195,,240,46.331,0.17696,0.14072,0.036237,0.20478,0.023772,0.049437,0,1.8767e-07,240,6154,0.12038,0.089674,0.11878,0.1079,0.010887,0.091655,0.001616,0.02091,0.024,0.045304,107.43,,ivrit-ai/whisper-large-v3,"greedy+loopguard(cr>3.0,ngram6)",0.38567,0.1157,0.49862,0,0.44111,0.23441,0.32448,0,0.57456,0.17237,0.25308,358,0.5753,0.30572,0.11898,202,1163,177.78,0.26062,0.34677,0.27703,0.069734,0.2011,0.060824,0.079554,0,8.9588e-46,1163,23102,0.32306,0.14805,0.5289,3,0.36688,0.25234,0.38078,1,0.25574,0.19997,0.22556,0.20189,0.023678,0.10497,0.017219,0.030333,0,2.7545e-12,0.49664,0.2276,0.27576,2800,0.50343,0.34627,0.1503,1736,16.695,175,0.6665,0.52273,0.14377,0.21572,0.098364,0.19292,0,0.45652,0.39575,0.060771,0.13312,0,44.327,323,0.45976,0.37982,0.079943,0.17388,0.058129,0.10092,0,0.2933,0.27216,0.021141,0.072078,0.001,42.52,255,0.32713,0.25873,0.068397,0.20909,0.05111,0.086578,0,0.21146,0.18532,0.026141,0.12362,0,74.235,410,0.2278,0.17833,0.049473,0.21718,0.038266,0.061525,0,0.14751,0.13139,0.016119,0.10928,0,,,,,,,,True,1,2,"[30685, 30701, 30752, 30831, 30843, 30868]",0,114.1,1.1749,True,0.036237,0.20478,0.14072,0.023772,0.049437,0,0.010887,0.091655,0.1079,0.069734,0.2011,0.023678,0.10497,0.14377,0.060771,0.079943,0.021141,0.068397,0.026141,0.049473,0.016119,sctrl1of2_armB_both_lora_b80_r8_lr0.0003_seed2_hq_ms400_pat4__eval23558,0,0,0,0,0,0,0,0,0,0,0,0,0,0,0,0,0,0,0,0,0,0,0,,,,,,,,,,,,
sctrl1of2_armB_both_lora_b80_r8_lr0.0003_seed2_hq_ms400_pat4__eval30718,30718,B,both,lora,80,8,0.0003,2,protocol,loss,/root/deep-learning-project/src/training/runs/sctrl1of2_armB_both_lora_b80_r8_lr0.0003_seed2_hq_ms400_pat4,79.564,294,160,4.3243,0.19195,,162,55.584,0.11558,0.10678,0.0087969,0.076112,0.00077214,0.017654,0.035,0.091185,162,7389,0.064211,0.056429,0.081743,0.082961,-0.001218,-0.014901,-0.0073654,0.0060033,0.688,0.18383,107.43,,ivrit-ai/whisper-large-v3,"greedy+loopguard(cr>3.0,ngram6)",0.4555,0.12998,0.41452,0,0.49937,0.20786,0.29278,0,0.64404,0.18377,0.17219,250,0.64274,0.26754,0.089723,176,296,83.24,0.66776,0.17364,0.15059,0.023043,0.13271,0.01434,0.032157,0,2.3882e-06,296,11023,0.40125,0.13218,0.46656,3,0.44639,0.20843,0.34518,1,0.1091,0.091079,0.11476,0.1105,0.0042638,0.037154,-0.0010835,0.010203,0.133,0.35102,0.60711,0.2,0.19289,649,0.60837,0.28407,0.10755,442,2.0276,22,0.57762,0.44404,0.13357,0.23125,0.028085,0.27885,0.014,0.37184,0.34657,0.025271,0.067961,0.392,4.4445,32,0.36934,0.31533,0.054007,0.14623,0.0050073,0.12297,0.024,0.21951,0.20557,0.013937,0.063492,0.251,9.9402,39,0.28931,0.23978,0.049528,0.1712,0.018932,0.084378,0.002,0.18003,0.16903,0.011006,0.061135,0.258,66.828,203,0.13191,0.11809,0.01382,0.10477,0.0062624,0.022693,0.001,0.090674,0.088652,0.0020225,0.022305,0.51,,,,,,,,True,1,2,"[30685, 30701, 30752, 30831, 30843, 30868]",0,36.008,1.8923,True,0.0087969,0.076112,0.10678,0.00077214,0.017654,0.035,-0.001218,-0.014901,0.082961,0.023043,0.13271,0.0042638,0.037154,0.13357,0.025271,0.054007,0.013937,0.049528,0.011006,0.01382,0.0020225,sctrl1of2_armB_both_lora_b80_r8_lr0.0003_seed2_hq_ms400_pat4__eval30718,0,0,0,0,0,0,0,0,0,0,0,0,0,0,0,0,0,0,0,0,0,0,0,,,,,,,,,,,,
sctrl1of2_armB_both_lora_b80_r8_lr0.0003_seed2_hq_ms400_pat4__eval30777,30777,B,both,lora,80,8,0.0003,2,protocol,loss,/root/deep-learning-project/src/training/runs/sctrl1of2_armB_both_lora_b80_r8_lr0.0003_seed2_hq_ms400_pat4,79.564,294,160,4.3243,0.19195,,156,49.036,0.12797,0.11359,0.014375,0.11233,0.006616,0.02226,0,0.00041217,156,6400,0.076265,0.068085,0.0825,0.079219,0.0032812,0.039773,-0.0037865,0.009855,0.386,0.24188,107.43,,ivrit-ai/whisper-large-v3,"greedy+loopguard(cr>3.0,ngram6)",0.48107,0.080586,0.43834,0,0.48968,0.14305,0.36726,0,0.74621,0.125,0.12879,291,0.70217,0.20513,0.092702,220,359,85.059,0.57649,0.19403,0.16942,0.024615,0.12686,0.017362,0.033091,0,8.7802e-10,359,11091,0.41264,0.11803,0.46933,0,0.44971,0.16392,0.38638,0,0.12455,0.10777,0.1247,0.1173,0.0073934,0.059291,0.0018103,0.013316,0.012,0.019449,0.64208,0.18366,0.17426,769,0.6495,0.23674,0.11376,578,2.2483,27,0.49536,0.3839,0.11146,0.225,0.040198,0.20308,0.002,0.37771,0.28173,0.095975,0.2541,0.008,7.0818,55,0.44903,0.38259,0.066438,0.14796,0.015444,0.12849,0.012,0.26002,0.252,0.0080183,0.030837,0.703,12.41,59,0.26037,0.22782,0.032546,0.125,0.011117,0.05852,0.006,0.16465,0.15444,0.010211,0.062016,0.216,63.319,218,0.14313,0.12776,0.01537,0.10738,0.0087705,0.021894,0,0.09318,0.089817,0.0033622,0.036082,0.272,,,,,,,,True,1,2,"[30685, 30701, 30752, 30831, 30843, 30868]",0,40.915,1,True,0.014375,0.11233,0.11359,0.006616,0.02226,0,0.0032812,0.039773,0.079219,0.024615,0.12686,0.0073934,0.059291,0.11146,0.095975,0.066438,0.0080183,0.032546,0.010211,0.01537,0.0033622,sctrl1of2_armB_both_lora_b80_r8_lr0.0003_seed2_hq_ms400_pat4__eval30777,0,0,0,0,0,0,0,0,0,0,0,0,0,0,0,0,0,0,0,0,0,0,0,,,,,,,,,,,,
sctrl1of2_armB_both_lora_b80_r8_lr0.0003_seed2_hq_ms400_pat4__eval30813,30813,B,both,lora,80,8,0.0003,2,protocol,loss,/root/deep-learning-project/src/training/runs/sctrl1of2_armB_both_lora_b80_r8_lr0.0003_seed2_hq_ms400_pat4,79.564,294,160,4.3243,0.19195,,208,57.176,0.10397,0.10891,-0.0049434,-0.047546,-0.013769,0.004713,0.313,0.58178,208,6271,0.054248,0.059071,0.074629,0.091851,-0.017222,-0.23077,-0.025685,-0.0079309,0,0.0020566,107.43,,ivrit-ai/whisper-large-v3,"greedy+loopguard(cr>3.0,ngram6)",0.51687,0.10276,0.38037,0,0.51977,0.27526,0.20498,0,0.72009,0.14316,0.13675,184,0.61632,0.32639,0.057292,107,441,98.553,0.58015,0.17192,0.17164,0.00028137,0.0016367,-0.009181,0.010617,0.949,0.88598,441,10662,0.42008,0.12384,0.45608,2,0.46557,0.24809,0.28634,2,0.10744,0.10505,0.11555,0.13684,-0.021291,-0.18425,-0.029935,-0.012704,0,1.2773e-06,0.625,0.18425,0.19075,601,0.58396,0.31117,0.10487,371,3.6174,34,0.59621,0.46372,0.13249,0.22222,0.018726,0.32261,0.012,0.33754,0.26814,0.069401,0.20561,0.3,10.949,69,0.31097,0.29193,0.019039,0.061224,-0.016025,0.056251,0.312,0.1922,0.22756,-0.035358,-0.18396,0.023,15.504,79,0.23036,0.228,0.0023627,0.010256,-0.02323,0.034955,0.911,0.16125,0.18488,-0.023627,-0.14652,0.085,68.482,259,0.12068,0.12916,-0.0084779,-0.070252,-0.018143,0.0013494,0.1,0.084779,0.1073,-0.02252,-0.26562,0,,,,,,,,True,1,2,"[30685, 30701, 30752, 30831, 30843, 30868]",0,53.51,-3.4839,False,-0.0049434,-0.047546,0.10891,-0.013769,0.004713,0.313,-0.017222,-0.23077,0.091851,0.00028137,0.0016367,-0.021291,-0.18425,0.13249,0.069401,0.019039,-0.035358,0.0023627,-0.023627,-0.0084779,-0.02252,sctrl1of2_armB_both_lora_b80_r8_lr0.0003_seed2_hq_ms400_pat4__eval30813,0,0,0,0,0,0,0,0,0,0,0,0,0,0,0,0,0,0,0,0,0,0,0,,,,,,,,,,,,
sctrl1of2_armB_both_lora_b80_r8_lr0.0003_seed2_hq_ms400_pat4__eval30859,30859,B,both,lora,80,8,0.0003,2,protocol,loss,/root/deep-learning-project/src/training/runs/sctrl1of2_armB_both_lora_b80_r8_lr0.0003_seed2_hq_ms400_pat4,79.564,294,160,4.3243,0.19195,,166,47.564,0.1055,0.095317,0.01018,0.096491,0.003607,0.016866,0.003,0.0025571,166,5403,0.070599,0.061372,0.05645,0.053489,0.0029613,0.052459,-0.0026908,0.0088849,0.307,0.33466,107.43,,ivrit-ai/whisper-large-v3,"greedy+loopguard(cr>3.0,ngram6)",0.36842,0.082456,0.54912,0,0.39612,0.12233,0.48155,0,0.68852,0.1541,0.15738,265,0.70588,0.21799,0.076125,226,391,79.155,0.6009,0.19343,0.16711,0.026325,0.13609,0.017525,0.036216,0,8.4475e-09,391,8737,0.29882,0.15503,0.54615,3,0.34247,0.21849,0.43904,2,0.14216,0.11803,0.1148,0.10793,0.0068673,0.059821,-2.7927e-06,0.013782,0.055,0.050133,0.50349,0.26122,0.23529,687,0.53022,0.33828,0.1315,517,2.3958,36,0.50593,0.43083,0.075099,0.14844,0.017377,0.13963,0.013,0.39921,0.34783,0.051383,0.12871,0.021,10.24,83,0.45274,0.35025,0.10249,0.22637,0.054489,0.15757,0,0.24279,0.20896,0.033831,0.13934,0.042,10.715,65,0.27182,0.24818,0.023636,0.086957,-0.0021192,0.049531,0.078,0.17455,0.18818,-0.013636,-0.078125,0.298,55.804,207,0.12667,0.11381,0.012855,0.10149,0.0056144,0.020504,0,0.073052,0.068663,0.0043894,0.060086,0.154,,,,,,,,True,1,2,"[30685, 30701, 30752, 30831, 30843, 30868]",0,35.609,1.1818,True,0.01018,0.096491,0.095317,0.003607,0.016866,0.003,0.0029613,0.052459,0.053489,0.026325,0.13609,0.0068673,0.059821,0.075099,0.051383,0.10249,0.033831,0.023636,-0.013636,0.012855,0.0043894,sctrl1of2_armB_both_lora_b80_r8_lr0.0003_seed2_hq_ms400_pat4__eval30859,0,0,0,0,0,0,0,0,0,0,0,0,0,0,0,0,0,0,0,0,0,0,0,,,,,,,,,,,,
sctrl1of2_armB_both_lora_b80_r8_lr0.0003_seed2_hq_ms400_pat4__eval556,556,B,both,lora,80,8,0.0003,2,protocol,loss,/root/deep-learning-project/src/training/runs/sctrl1of2_armB_both_lora_b80_r8_lr0.0003_seed2_hq_ms400_pat4,79.564,294,160,4.3243,0.19195,,205,45.031,0.19067,0.14425,0.046429,0.2435,0.03414,0.059112,0,2.0317e-11,205,5040,0.13424,0.093044,0.10972,0.093056,0.016667,0.1519,0.0081399,0.025574,0,0.00019715,107.43,,ivrit-ai/whisper-large-v3,"greedy+loopguard(cr>3.0,ngram6)",0.33923,0.074922,0.58585,0,0.41265,0.13343,0.45392,0,0.58951,0.1302,0.28029,408,0.63966,0.20682,0.15352,258,797,144.37,0.31193,0.33989,0.26394,0.075953,0.22346,0.06395,0.088152,0,2.1315e-41,797,15299,0.31019,0.089615,0.60019,7,0.3633,0.13893,0.49777,4,0.25689,0.18929,0.19217,0.16347,0.028695,0.14932,0.021304,0.036329,0,7.4279e-14,0.54864,0.1585,0.29286,2260,0.58657,0.22431,0.18912,1537,12.526,121,0.6307,0.53717,0.093525,0.14829,0.044794,0.14568,0,0.3709,0.33733,0.033573,0.090517,0.106,25.017,164,0.52487,0.38718,0.13769,0.26233,0.10015,0.17939,0,0.30662,0.24209,0.064529,0.21046,0,36.562,181,0.33891,0.2699,0.069002,0.2036,0.048043,0.090934,0,0.17675,0.15446,0.022293,0.12613,0,70.261,331,0.23665,0.1793,0.057347,0.24233,0.045006,0.07054,0,0.13559,0.11571,0.01988,0.14662,0,,,,,,,,True,1,2,"[30685, 30701, 30752, 30831, 30843, 30868]",0,81.99,0.99573,True,0.046429,0.2435,0.14425,0.03414,0.059112,0,0.016667,0.1519,0.093056,0.075953,0.22346,0.028695,0.14932,0.093525,0.033573,0.13769,0.064529,0.069002,0.022293,0.057347,0.01988,sctrl1of2_armB_both_lora_b80_r8_lr0.0003_seed2_hq_ms400_pat4__eval556,0,0,0,0,0,0,0,0,0,0,0,0,0,0,0,0,0,0,0,0,0,0,0,,,,,,,,,,,,
