[Sun Sep 20 11:18:13 UTC 2026] waiting for the seed-0 run (pid 40436)
[Sun Sep 20 12:50:14 UTC 2026] seed-0 run finished; starting follow-up 1 (encoder-only site)
11 cells over 11 speakers; test 603 min, train 915 min available; then the cross-speaker control in 2 fold(s) at 80 min
s23558_armB_encoder_lora_b80_r8_lr0.001_seed0: 511 train chunks (80.0 min), 126 dev
trainable params: 1,310,720 || all params: 1,544,801,280 || trainable%: 0.0848
precision: bf16, base weights torch.bfloat16, grad checkpointing False, lr 0.001, method lora
{'loss': '0.7329', 'grad_norm': '0.1314', 'learning_rate': '0.0001731', 'epoch': '0.1562'}
{'loss': '0.5424', 'grad_norm': '0.1525', 'learning_rate': '0.0003654', 'epoch': '0.3125'}
{'loss': '0.4853', 'grad_norm': '0.1213', 'learning_rate': '0.0005577', 'epoch': '0.4688'}
{'loss': '0.4911', 'grad_norm': '0.3583', 'learning_rate': '0.00075', 'epoch': '0.625'}
{'loss': '0.5222', 'grad_norm': '0.3261', 'learning_rate': '0.0009423', 'epoch': '0.7812'}
{'loss': '0.4545', 'grad_norm': '0.4706', 'learning_rate': '0.0009848', 'epoch': '0.9375'}
{'eval_loss': '0.5168', 'eval_runtime': '3.827', 'eval_samples_per_second': '32.92', 'eval_steps_per_second': '2.09', 'epoch': '1'}
{'loss': '0.3513', 'grad_norm': '0.3234', 'learning_rate': '0.000963', 'epoch': '1.094'}
{'loss': '0.3264', 'grad_norm': '0.3391', 'learning_rate': '0.0009413', 'epoch': '1.25'}
{'loss': '0.3465', 'grad_norm': '0.3515', 'learning_rate': '0.0009196', 'epoch': '1.406'}
{'loss': '0.2949', 'grad_norm': '0.3277', 'learning_rate': '0.0008978', 'epoch': '1.562'}
{'loss': '0.3234', 'grad_norm': '0.2428', 'learning_rate': '0.0008761', 'epoch': '1.719'}
{'loss': '0.3172', 'grad_norm': '0.3009', 'learning_rate': '0.0008543', 'epoch': '1.875'}
{'eval_loss': '0.4584', 'eval_runtime': '3.415', 'eval_samples_per_second': '36.9', 'eval_steps_per_second': '2.343', 'epoch': '2'}
{'loss': '0.3057', 'grad_norm': '0.3285', 'learning_rate': '0.0008326', 'epoch': '2.031'}
{'loss': '0.2562', 'grad_norm': '0.2016', 'learning_rate': '0.0008109', 'epoch': '2.188'}
{'loss': '0.2878', 'grad_norm': '0.2813', 'learning_rate': '0.0007891', 'epoch': '2.344'}
{'loss': '0.2417', 'grad_norm': '0.1851', 'learning_rate': '0.0007674', 'epoch': '2.5'}
{'loss': '0.2553', 'grad_norm': '0.3367', 'learning_rate': '0.0007457', 'epoch': '2.656'}
{'loss': '0.2552', 'grad_norm': '0.3864', 'learning_rate': '0.0007239', 'epoch': '2.812'}
{'loss': '0.2916', 'grad_norm': '0.3261', 'learning_rate': '0.0007022', 'epoch': '2.969'}
{'eval_loss': '0.4703', 'eval_runtime': '3.418', 'eval_samples_per_second': '36.86', 'eval_steps_per_second': '2.34', 'epoch': '3'}
{'loss': '0.2476', 'grad_norm': '0.3032', 'learning_rate': '0.0006804', 'epoch': '3.125'}
{'loss': '0.1834', 'grad_norm': '0.1598', 'learning_rate': '0.0006587', 'epoch': '3.281'}
{'loss': '0.2393', 'grad_norm': '0.2775', 'learning_rate': '0.000637', 'epoch': '3.438'}
{'loss': '0.2396', 'grad_norm': '0.3464', 'learning_rate': '0.0006152', 'epoch': '3.594'}
{'loss': '0.2162', 'grad_norm': '0.2628', 'learning_rate': '0.0005935', 'epoch': '3.75'}
{'loss': '0.2321', 'grad_norm': '0.2668', 'learning_rate': '0.0005717', 'epoch': '3.906'}
{'eval_loss': '0.4727', 'eval_runtime': '3.437', 'eval_samples_per_second': '36.66', 'eval_steps_per_second': '2.328', 'epoch': '4'}
{'loss': '0.2008', 'grad_norm': '0.2221', 'learning_rate': '0.00055', 'epoch': '4.062'}
{'loss': '0.1934', 'grad_norm': '0.2865', 'learning_rate': '0.0005283', 'epoch': '4.219'}
{'loss': '0.1989', 'grad_norm': '0.4063', 'learning_rate': '0.0005065', 'epoch': '4.375'}
{'loss': '0.1922', 'grad_norm': '0.527', 'learning_rate': '0.0004848', 'epoch': '4.531'}
{'loss': '0.1942', 'grad_norm': '0.297', 'learning_rate': '0.000463', 'epoch': '4.688'}
{'loss': '0.185', 'grad_norm': '0.3247', 'learning_rate': '0.0004413', 'epoch': '4.844'}
{'loss': '0.1933', 'grad_norm': '0.2164', 'learning_rate': '0.0004196', 'epoch': '5'}
{'eval_loss': '0.4959', 'eval_runtime': '3.482', 'eval_samples_per_second': '36.19', 'eval_steps_per_second': '2.298', 'epoch': '5'}
{'loss': '0.1571', 'grad_norm': '0.2753', 'learning_rate': '0.0003978', 'epoch': '5.156'}
{'loss': '0.144', 'grad_norm': '0.1699', 'learning_rate': '0.0003761', 'epoch': '5.312'}
{'loss': '0.144', 'grad_norm': '0.2718', 'learning_rate': '0.0003543', 'epoch': '5.469'}
{'loss': '0.1864', 'grad_norm': '0.3932', 'learning_rate': '0.0003326', 'epoch': '5.625'}
{'loss': '0.1783', 'grad_norm': '0.342', 'learning_rate': '0.0003109', 'epoch': '5.781'}
{'loss': '0.1905', 'grad_norm': '0.2552', 'learning_rate': '0.0002891', 'epoch': '5.938'}
{'eval_loss': '0.5123', 'eval_runtime': '3.438', 'eval_samples_per_second': '36.65', 'eval_steps_per_second': '2.327', 'epoch': '6'}
{'loss': '0.1534', 'grad_norm': '0.199', 'learning_rate': '0.0002674', 'epoch': '6.094'}
{'loss': '0.1397', 'grad_norm': '0.2199', 'learning_rate': '0.0002457', 'epoch': '6.25'}
{'loss': '0.1631', 'grad_norm': '0.2804', 'learning_rate': '0.0002239', 'epoch': '6.406'}
{'loss': '0.1406', 'grad_norm': '0.3219', 'learning_rate': '0.0002022', 'epoch': '6.562'}
{'loss': '0.119', 'grad_norm': '0.259', 'learning_rate': '0.0001804', 'epoch': '6.719'}
{'loss': '0.1425', 'grad_norm': '0.2768', 'learning_rate': '0.0001587', 'epoch': '6.875'}
{'eval_loss': '0.5308', 'eval_runtime': '3.459', 'eval_samples_per_second': '36.43', 'eval_steps_per_second': '2.313', 'epoch': '7'}
{'loss': '0.1455', 'grad_norm': '0.357', 'learning_rate': '0.000137', 'epoch': '7.031'}
{'loss': '0.1515', 'grad_norm': '0.2807', 'learning_rate': '0.0001152', 'epoch': '7.188'}
{'loss': '0.1375', 'grad_norm': '0.371', 'learning_rate': '9.348e-05', 'epoch': '7.344'}
{'loss': '0.1132', 'grad_norm': '0.2798', 'learning_rate': '7.174e-05', 'epoch': '7.5'}
{'loss': '0.1023', 'grad_norm': '0.3338', 'learning_rate': '5e-05', 'epoch': '7.656'}
{'loss': '0.1121', 'grad_norm': '0.2201', 'learning_rate': '2.826e-05', 'epoch': '7.812'}
{'loss': '0.1157', 'grad_norm': '0.372', 'learning_rate': '6.522e-06', 'epoch': '7.969'}
{'eval_loss': '0.5412', 'eval_runtime': '3.441', 'eval_samples_per_second': '36.62', 'eval_steps_per_second': '2.325', 'epoch': '8'}
{'train_runtime': '294.4', 'train_samples_per_second': '13.88', 'train_steps_per_second': '1.739', 'train_loss': '0.2455', 'epoch': '8'}
s23558_armB_encoder_lora_b80_r8_lr0.001_seed0: WER 0.4420 -> 0.3019 (+31.7%, p 0.000); forgiven 0.2947 -> 0.2268 (+23.1%, p 0.005) in 6.0 min train 302s base 0s other_arm 0s load_tuned 6s transcribe_tuned 54s score 0s
s30685_armB_encoder_lora_b80_r8_lr0.001_seed0: 328 train chunks (79.8 min), 105 dev
trainable params: 1,310,720 || all params: 1,544,801,280 || trainable%: 0.0848
precision: bf16, base weights torch.bfloat16, grad checkpointing False, lr 0.001, method lora
{'loss': '0.4832', 'grad_norm': '0.1199', 'learning_rate': '0.0002727', 'epoch': '0.2439'}
{'loss': '0.4426', 'grad_norm': '0.1276', 'learning_rate': '0.0005758', 'epoch': '0.4878'}
{'loss': '0.3951', 'grad_norm': '0.152', 'learning_rate': '0.0008788', 'epoch': '0.7317'}
{'loss': '0.4019', 'grad_norm': '0.256', 'learning_rate': '0.0009797', 'epoch': '0.9756'}
{'eval_loss': '0.4431', 'eval_runtime': '3.588', 'eval_samples_per_second': '29.26', 'eval_steps_per_second': '1.951', 'epoch': '1'}
{'loss': '0.3575', 'grad_norm': '0.3212', 'learning_rate': '0.0009458', 'epoch': '1.22'}
{'loss': '0.2832', 'grad_norm': '0.1702', 'learning_rate': '0.0009119', 'epoch': '1.463'}
{'loss': '0.2688', 'grad_norm': '0.1837', 'learning_rate': '0.000878', 'epoch': '1.707'}
{'loss': '0.2781', 'grad_norm': '0.2271', 'learning_rate': '0.0008441', 'epoch': '1.951'}
{'eval_loss': '0.3359', 'eval_runtime': '2.929', 'eval_samples_per_second': '35.85', 'eval_steps_per_second': '2.39', 'epoch': '2'}
{'loss': '0.2236', 'grad_norm': '0.1568', 'learning_rate': '0.0008102', 'epoch': '2.195'}
{'loss': '0.2058', 'grad_norm': '0.2338', 'learning_rate': '0.0007763', 'epoch': '2.439'}
{'loss': '0.1835', 'grad_norm': '0.1767', 'learning_rate': '0.0007424', 'epoch': '2.683'}
{'loss': '0.2644', 'grad_norm': '0.2381', 'learning_rate': '0.0007085', 'epoch': '2.927'}
{'eval_loss': '0.3327', 'eval_runtime': '2.961', 'eval_samples_per_second': '35.47', 'eval_steps_per_second': '2.364', 'epoch': '3'}
{'loss': '0.2016', 'grad_norm': '0.1166', 'learning_rate': '0.0006746', 'epoch': '3.171'}
{'loss': '0.1825', 'grad_norm': '0.1931', 'learning_rate': '0.0006407', 'epoch': '3.415'}
{'loss': '0.1964', 'grad_norm': '0.2511', 'learning_rate': '0.0006068', 'epoch': '3.659'}
{'loss': '0.1778', 'grad_norm': '0.1893', 'learning_rate': '0.0005729', 'epoch': '3.902'}
{'eval_loss': '0.3421', 'eval_runtime': '2.923', 'eval_samples_per_second': '35.92', 'eval_steps_per_second': '2.395', 'epoch': '4'}
{'loss': '0.1998', 'grad_norm': '0.1909', 'learning_rate': '0.000539', 'epoch': '4.146'}
{'loss': '0.1651', 'grad_norm': '0.2237', 'learning_rate': '0.0005051', 'epoch': '4.39'}
{'loss': '0.1572', 'grad_norm': '0.221', 'learning_rate': '0.0004712', 'epoch': '4.634'}
{'loss': '0.1616', 'grad_norm': '0.2482', 'learning_rate': '0.0004373', 'epoch': '4.878'}
{'eval_loss': '0.3465', 'eval_runtime': '2.93', 'eval_samples_per_second': '35.83', 'eval_steps_per_second': '2.389', 'epoch': '5'}
{'loss': '0.1073', 'grad_norm': '0.1855', 'learning_rate': '0.0004034', 'epoch': '5.122'}
{'loss': '0.1612', 'grad_norm': '0.2021', 'learning_rate': '0.0003695', 'epoch': '5.366'}
{'loss': '0.1292', 'grad_norm': '0.2737', 'learning_rate': '0.0003356', 'epoch': '5.61'}
{'loss': '0.1312', 'grad_norm': '0.2027', 'learning_rate': '0.0003017', 'epoch': '5.854'}
{'eval_loss': '0.3648', 'eval_runtime': '2.955', 'eval_samples_per_second': '35.53', 'eval_steps_per_second': '2.369', 'epoch': '6'}
{'loss': '0.1156', 'grad_norm': '0.194', 'learning_rate': '0.0002678', 'epoch': '6.098'}
{'loss': '0.1236', 'grad_norm': '0.2106', 'learning_rate': '0.0002339', 'epoch': '6.341'}
{'loss': '0.1335', 'grad_norm': '0.3042', 'learning_rate': '0.0002', 'epoch': '6.585'}
{'loss': '0.1015', 'grad_norm': '0.3368', 'learning_rate': '0.0001661', 'epoch': '6.829'}
{'eval_loss': '0.375', 'eval_runtime': '2.903', 'eval_samples_per_second': '36.17', 'eval_steps_per_second': '2.411', 'epoch': '7'}
{'loss': '0.1183', 'grad_norm': '0.1439', 'learning_rate': '0.0001322', 'epoch': '7.073'}
{'loss': '0.1117', 'grad_norm': '0.3233', 'learning_rate': '9.831e-05', 'epoch': '7.317'}
{'loss': '0.106', 'grad_norm': '0.2778', 'learning_rate': '6.441e-05', 'epoch': '7.561'}
{'loss': '0.09606', 'grad_norm': '0.1907', 'learning_rate': '3.051e-05', 'epoch': '7.805'}
{'eval_loss': '0.3858', 'eval_runtime': '2.907', 'eval_samples_per_second': '36.12', 'eval_steps_per_second': '2.408', 'epoch': '8'}
{'train_runtime': '200', 'train_samples_per_second': '13.12', 'train_steps_per_second': '1.64', 'train_loss': '0.2059', 'epoch': '8'}
s30685_armB_encoder_lora_b80_r8_lr0.001_seed0: WER 0.2330 -> 0.1969 (+15.5%, p 0.000); forgiven 0.1094 -> 0.1097 (-0.3%, p 0.929) in 4.0 min train 207s base 0s other_arm 0s load_tuned 5s transcribe_tuned 29s score 0s
s30701_armB_encoder_lora_b80_r8_lr0.001_seed0: 385 train chunks (79.9 min), 88 dev
trainable params: 1,310,720 || all params: 1,544,801,280 || trainable%: 0.0848
precision: bf16, base weights torch.bfloat16, grad checkpointing False, lr 0.001, method lora
{'loss': '0.505', 'grad_norm': '0.08171', 'learning_rate': '0.000225', 'epoch': '0.2041'}
{'loss': '0.4972', 'grad_norm': '0.07952', 'learning_rate': '0.000475', 'epoch': '0.4082'}
{'loss': '0.4969', 'grad_norm': '0.2887', 'learning_rate': '0.000725', 'epoch': '0.6122'}
{'loss': '0.3926', 'grad_norm': '0.2404', 'learning_rate': '0.000975', 'epoch': '0.8163'}
{'eval_loss': '0.4198', 'eval_runtime': '3.465', 'eval_samples_per_second': '25.4', 'eval_steps_per_second': '1.732', 'epoch': '1'}
{'loss': '0.3833', 'grad_norm': '0.3594', 'learning_rate': '0.0009744', 'epoch': '1.02'}
{'loss': '0.3645', 'grad_norm': '0.1496', 'learning_rate': '0.000946', 'epoch': '1.224'}
{'loss': '0.3626', 'grad_norm': '0.3112', 'learning_rate': '0.0009176', 'epoch': '1.429'}
{'loss': '0.2906', 'grad_norm': '0.2586', 'learning_rate': '0.0008892', 'epoch': '1.633'}
{'loss': '0.3506', 'grad_norm': '0.2315', 'learning_rate': '0.0008608', 'epoch': '1.837'}
{'eval_loss': '0.3136', 'eval_runtime': '2.526', 'eval_samples_per_second': '34.84', 'eval_steps_per_second': '2.376', 'epoch': '2'}
{'loss': '0.3163', 'grad_norm': '0.2969', 'learning_rate': '0.0008324', 'epoch': '2.041'}
{'loss': '0.2402', 'grad_norm': '0.1978', 'learning_rate': '0.000804', 'epoch': '2.245'}
{'loss': '0.2757', 'grad_norm': '0.2468', 'learning_rate': '0.0007756', 'epoch': '2.449'}
{'loss': '0.2506', 'grad_norm': '0.2071', 'learning_rate': '0.0007472', 'epoch': '2.653'}
{'loss': '0.2116', 'grad_norm': '0.1837', 'learning_rate': '0.0007187', 'epoch': '2.857'}
{'eval_loss': '0.3107', 'eval_runtime': '2.547', 'eval_samples_per_second': '34.55', 'eval_steps_per_second': '2.356', 'epoch': '3'}
{'loss': '0.3041', 'grad_norm': '0.1496', 'learning_rate': '0.0006903', 'epoch': '3.061'}
{'loss': '0.2334', 'grad_norm': '0.4108', 'learning_rate': '0.0006619', 'epoch': '3.265'}
{'loss': '0.2055', 'grad_norm': '0.1684', 'learning_rate': '0.0006335', 'epoch': '3.469'}
{'loss': '0.1813', 'grad_norm': '0.1943', 'learning_rate': '0.0006051', 'epoch': '3.673'}
{'loss': '0.2196', 'grad_norm': '0.3477', 'learning_rate': '0.0005767', 'epoch': '3.878'}
{'eval_loss': '0.3204', 'eval_runtime': '2.542', 'eval_samples_per_second': '34.62', 'eval_steps_per_second': '2.361', 'epoch': '4'}
{'loss': '0.2327', 'grad_norm': '0.3396', 'learning_rate': '0.0005483', 'epoch': '4.082'}
{'loss': '0.1562', 'grad_norm': '0.3409', 'learning_rate': '0.0005199', 'epoch': '4.286'}
{'loss': '0.1738', 'grad_norm': '0.197', 'learning_rate': '0.0004915', 'epoch': '4.49'}
{'loss': '0.1659', 'grad_norm': '0.3425', 'learning_rate': '0.0004631', 'epoch': '4.694'}
{'loss': '0.2228', 'grad_norm': '0.3113', 'learning_rate': '0.0004347', 'epoch': '4.898'}
{'eval_loss': '0.3303', 'eval_runtime': '2.544', 'eval_samples_per_second': '34.59', 'eval_steps_per_second': '2.358', 'epoch': '5'}
{'loss': '0.1616', 'grad_norm': '0.1964', 'learning_rate': '0.0004063', 'epoch': '5.102'}
{'loss': '0.1612', 'grad_norm': '0.2912', 'learning_rate': '0.0003778', 'epoch': '5.306'}
{'loss': '0.1631', 'grad_norm': '0.3634', 'learning_rate': '0.0003494', 'epoch': '5.51'}
{'loss': '0.1655', 'grad_norm': '0.3068', 'learning_rate': '0.000321', 'epoch': '5.714'}
{'loss': '0.1168', 'grad_norm': '0.2091', 'learning_rate': '0.0002926', 'epoch': '5.918'}
{'eval_loss': '0.35', 'eval_runtime': '2.559', 'eval_samples_per_second': '34.39', 'eval_steps_per_second': '2.345', 'epoch': '6'}
{'loss': '0.1504', 'grad_norm': '0.2442', 'learning_rate': '0.0002642', 'epoch': '6.122'}
{'loss': '0.1632', 'grad_norm': '0.262', 'learning_rate': '0.0002358', 'epoch': '6.327'}
{'loss': '0.1309', 'grad_norm': '0.3202', 'learning_rate': '0.0002074', 'epoch': '6.531'}
{'loss': '0.1167', 'grad_norm': '0.235', 'learning_rate': '0.000179', 'epoch': '6.735'}
{'loss': '0.1379', 'grad_norm': '0.3002', 'learning_rate': '0.0001506', 'epoch': '6.939'}
{'eval_loss': '0.3581', 'eval_runtime': '2.563', 'eval_samples_per_second': '34.34', 'eval_steps_per_second': '2.341', 'epoch': '7'}
{'loss': '0.131', 'grad_norm': '0.2528', 'learning_rate': '0.0001222', 'epoch': '7.143'}
{'loss': '0.109', 'grad_norm': '0.2644', 'learning_rate': '9.375e-05', 'epoch': '7.347'}
{'loss': '0.1336', 'grad_norm': '0.2617', 'learning_rate': '6.534e-05', 'epoch': '7.551'}
{'loss': '0.1213', 'grad_norm': '0.2523', 'learning_rate': '3.693e-05', 'epoch': '7.755'}
{'loss': '0.09912', 'grad_norm': '0.3864', 'learning_rate': '8.523e-06', 'epoch': '7.959'}
{'eval_loss': '0.3702', 'eval_runtime': '2.565', 'eval_samples_per_second': '34.31', 'eval_steps_per_second': '2.339', 'epoch': '8'}
{'train_runtime': '228', 'train_samples_per_second': '13.51', 'train_steps_per_second': '1.719', 'train_loss': '0.2325', 'epoch': '8'}
s30701_armB_encoder_lora_b80_r8_lr0.001_seed0: WER 0.4059 -> 0.2788 (+31.3%, p 0.000); forgiven 0.2669 -> 0.2042 (+23.5%, p 0.000) in 4.9 min train 235s base 0s other_arm 0s load_tuned 5s transcribe_tuned 53s score 0s
s30718_armB_encoder_lora_b80_r8_lr0.001_seed0: 300 train chunks (79.7 min), 43 dev
trainable params: 1,310,720 || all params: 1,544,801,280 || trainable%: 0.0848
precision: bf16, base weights torch.bfloat16, grad checkpointing False, lr 0.001, method lora
{'loss': '0.429', 'grad_norm': '0.05531', 'learning_rate': '0.0002903', 'epoch': '0.2632'}
{'loss': '0.4852', 'grad_norm': '0.1517', 'learning_rate': '0.0006129', 'epoch': '0.5263'}
{'loss': '0.3262', 'grad_norm': '0.1573', 'learning_rate': '0.0009355', 'epoch': '0.7895'}
{'eval_loss': '0.2664', 'eval_runtime': '2.454', 'eval_samples_per_second': '17.52', 'eval_steps_per_second': '1.223', 'epoch': '1'}
{'loss': '0.3564', 'grad_norm': '0.1663', 'learning_rate': '0.0009707', 'epoch': '1.053'}
{'loss': '0.3256', 'grad_norm': '0.2057', 'learning_rate': '0.0009341', 'epoch': '1.316'}
{'loss': '0.327', 'grad_norm': '0.1341', 'learning_rate': '0.0008974', 'epoch': '1.579'}
{'loss': '0.3366', 'grad_norm': '0.1708', 'learning_rate': '0.0008608', 'epoch': '1.842'}
{'eval_loss': '0.2176', 'eval_runtime': '1.451', 'eval_samples_per_second': '29.63', 'eval_steps_per_second': '2.067', 'epoch': '2'}
{'loss': '0.2697', 'grad_norm': '0.1714', 'learning_rate': '0.0008242', 'epoch': '2.105'}
{'loss': '0.256', 'grad_norm': '0.2066', 'learning_rate': '0.0007875', 'epoch': '2.368'}
{'loss': '0.2307', 'grad_norm': '0.1832', 'learning_rate': '0.0007509', 'epoch': '2.632'}
{'loss': '0.2281', 'grad_norm': '0.2301', 'learning_rate': '0.0007143', 'epoch': '2.895'}
{'eval_loss': '0.2139', 'eval_runtime': '1.496', 'eval_samples_per_second': '28.75', 'eval_steps_per_second': '2.006', 'epoch': '3'}
{'loss': '0.1847', 'grad_norm': '0.1794', 'learning_rate': '0.0006777', 'epoch': '3.158'}
{'loss': '0.1898', 'grad_norm': '0.1802', 'learning_rate': '0.000641', 'epoch': '3.421'}
{'loss': '0.2092', 'grad_norm': '0.1668', 'learning_rate': '0.0006044', 'epoch': '3.684'}
{'loss': '0.2232', 'grad_norm': '0.2393', 'learning_rate': '0.0005678', 'epoch': '3.947'}
{'eval_loss': '0.218', 'eval_runtime': '1.505', 'eval_samples_per_second': '28.57', 'eval_steps_per_second': '1.993', 'epoch': '4'}
{'loss': '0.1896', 'grad_norm': '0.2119', 'learning_rate': '0.0005311', 'epoch': '4.211'}
{'loss': '0.1626', 'grad_norm': '0.1709', 'learning_rate': '0.0004945', 'epoch': '4.474'}
{'loss': '0.1653', 'grad_norm': '0.2715', 'learning_rate': '0.0004579', 'epoch': '4.737'}
{'loss': '0.1678', 'grad_norm': '0.3163', 'learning_rate': '0.0004212', 'epoch': '5'}
{'eval_loss': '0.2271', 'eval_runtime': '1.471', 'eval_samples_per_second': '29.23', 'eval_steps_per_second': '2.039', 'epoch': '5'}
{'loss': '0.1441', 'grad_norm': '0.2366', 'learning_rate': '0.0003846', 'epoch': '5.263'}
{'loss': '0.1494', 'grad_norm': '0.2211', 'learning_rate': '0.000348', 'epoch': '5.526'}
{'loss': '0.1575', 'grad_norm': '0.2287', 'learning_rate': '0.0003114', 'epoch': '5.789'}
{'eval_loss': '0.2359', 'eval_runtime': '1.471', 'eval_samples_per_second': '29.23', 'eval_steps_per_second': '2.039', 'epoch': '6'}
{'loss': '0.1498', 'grad_norm': '0.1987', 'learning_rate': '0.0002747', 'epoch': '6.053'}
{'loss': '0.1304', 'grad_norm': '0.2555', 'learning_rate': '0.0002381', 'epoch': '6.316'}
{'loss': '0.1324', 'grad_norm': '0.3544', 'learning_rate': '0.0002015', 'epoch': '6.579'}
{'loss': '0.1114', 'grad_norm': '0.2205', 'learning_rate': '0.0001648', 'epoch': '6.842'}
{'eval_loss': '0.2492', 'eval_runtime': '1.493', 'eval_samples_per_second': '28.81', 'eval_steps_per_second': '2.01', 'epoch': '7'}
{'loss': '0.1198', 'grad_norm': '0.2273', 'learning_rate': '0.0001282', 'epoch': '7.105'}
{'loss': '0.1221', 'grad_norm': '0.2478', 'learning_rate': '9.158e-05', 'epoch': '7.368'}
{'loss': '0.1079', 'grad_norm': '0.196', 'learning_rate': '5.495e-05', 'epoch': '7.632'}
{'loss': '0.116', 'grad_norm': '0.2467', 'learning_rate': '1.832e-05', 'epoch': '7.895'}
{'eval_loss': '0.2526', 'eval_runtime': '1.455', 'eval_samples_per_second': '29.55', 'eval_steps_per_second': '2.061', 'epoch': '8'}
{'train_runtime': '176.8', 'train_samples_per_second': '13.57', 'train_steps_per_second': '1.72', 'train_loss': '0.2153', 'epoch': '8'}
s30718_armB_encoder_lora_b80_r8_lr0.001_seed0: WER 0.1995 -> 0.1735 (+13.1%, p 0.367); forgiven 0.1404 -> 0.1408 (-0.3%, p 0.898) in 3.9 min train 185s base 0s other_arm 0s load_tuned 5s transcribe_tuned 41s score 0s
s30752_armB_encoder_lora_b80_r8_lr0.001_seed0: 410 train chunks (79.9 min), 93 dev
trainable params: 1,310,720 || all params: 1,544,801,280 || trainable%: 0.0848
precision: bf16, base weights torch.bfloat16, grad checkpointing False, lr 0.001, method lora
{'loss': '0.5383', 'grad_norm': '0.1342', 'learning_rate': '0.0002143', 'epoch': '0.1923'}
{'loss': '0.543', 'grad_norm': '0.2067', 'learning_rate': '0.0004524', 'epoch': '0.3846'}
{'loss': '0.5164', 'grad_norm': '0.2101', 'learning_rate': '0.0006905', 'epoch': '0.5769'}
{'loss': '0.4123', 'grad_norm': '0.6411', 'learning_rate': '0.0009286', 'epoch': '0.7692'}
{'loss': '0.4214', 'grad_norm': '0.4773', 'learning_rate': '0.0009813', 'epoch': '0.9615'}
{'eval_loss': '0.3386', 'eval_runtime': '3.494', 'eval_samples_per_second': '26.62', 'eval_steps_per_second': '1.717', 'epoch': '1'}
{'loss': '0.2814', 'grad_norm': '0.2293', 'learning_rate': '0.0009545', 'epoch': '1.154'}
{'loss': '0.2811', 'grad_norm': '0.1664', 'learning_rate': '0.0009278', 'epoch': '1.346'}
{'loss': '0.2534', 'grad_norm': '0.3549', 'learning_rate': '0.0009011', 'epoch': '1.538'}
{'loss': '0.3265', 'grad_norm': '0.2997', 'learning_rate': '0.0008743', 'epoch': '1.731'}
{'loss': '0.2579', 'grad_norm': '0.2468', 'learning_rate': '0.0008476', 'epoch': '1.923'}
{'eval_loss': '0.2927', 'eval_runtime': '2.578', 'eval_samples_per_second': '36.08', 'eval_steps_per_second': '2.327', 'epoch': '2'}
{'loss': '0.2436', 'grad_norm': '0.2729', 'learning_rate': '0.0008209', 'epoch': '2.115'}
{'loss': '0.2378', 'grad_norm': '0.2741', 'learning_rate': '0.0007941', 'epoch': '2.308'}
{'loss': '0.2225', 'grad_norm': '0.2404', 'learning_rate': '0.0007674', 'epoch': '2.5'}
{'loss': '0.2139', 'grad_norm': '0.4923', 'learning_rate': '0.0007406', 'epoch': '2.692'}
{'loss': '0.2254', 'grad_norm': '0.4425', 'learning_rate': '0.0007139', 'epoch': '2.885'}
{'eval_loss': '0.2938', 'eval_runtime': '2.619', 'eval_samples_per_second': '35.51', 'eval_steps_per_second': '2.291', 'epoch': '3'}
{'loss': '0.1821', 'grad_norm': '0.2018', 'learning_rate': '0.0006872', 'epoch': '3.077'}
{'loss': '0.1817', 'grad_norm': '0.2408', 'learning_rate': '0.0006604', 'epoch': '3.269'}
{'loss': '0.1893', 'grad_norm': '0.2339', 'learning_rate': '0.0006337', 'epoch': '3.462'}
{'loss': '0.1659', 'grad_norm': '0.2545', 'learning_rate': '0.000607', 'epoch': '3.654'}
{'loss': '0.1874', 'grad_norm': '0.5162', 'learning_rate': '0.0005802', 'epoch': '3.846'}
{'eval_loss': '0.3066', 'eval_runtime': '2.643', 'eval_samples_per_second': '35.18', 'eval_steps_per_second': '2.27', 'epoch': '4'}
{'loss': '0.154', 'grad_norm': '0.2646', 'learning_rate': '0.0005535', 'epoch': '4.038'}
{'loss': '0.1246', 'grad_norm': '0.2186', 'learning_rate': '0.0005267', 'epoch': '4.231'}
{'loss': '0.171', 'grad_norm': '0.4222', 'learning_rate': '0.0005', 'epoch': '4.423'}
{'loss': '0.1565', 'grad_norm': '0.3904', 'learning_rate': '0.0004733', 'epoch': '4.615'}
{'loss': '0.1152', 'grad_norm': '0.2764', 'learning_rate': '0.0004465', 'epoch': '4.808'}
{'loss': '0.1697', 'grad_norm': '0.4452', 'learning_rate': '0.0004198', 'epoch': '5'}
{'eval_loss': '0.3195', 'eval_runtime': '2.596', 'eval_samples_per_second': '35.82', 'eval_steps_per_second': '2.311', 'epoch': '5'}
{'loss': '0.1086', 'grad_norm': '0.301', 'learning_rate': '0.000393', 'epoch': '5.192'}
{'loss': '0.1152', 'grad_norm': '0.4034', 'learning_rate': '0.0003663', 'epoch': '5.385'}
{'loss': '0.1176', 'grad_norm': '0.3463', 'learning_rate': '0.0003396', 'epoch': '5.577'}
{'loss': '0.1322', 'grad_norm': '0.6079', 'learning_rate': '0.0003128', 'epoch': '5.769'}
{'loss': '0.1184', 'grad_norm': '0.2119', 'learning_rate': '0.0002861', 'epoch': '5.962'}
{'eval_loss': '0.3395', 'eval_runtime': '2.584', 'eval_samples_per_second': '35.98', 'eval_steps_per_second': '2.322', 'epoch': '6'}
{'loss': '0.1119', 'grad_norm': '0.2736', 'learning_rate': '0.0002594', 'epoch': '6.154'}
{'loss': '0.1019', 'grad_norm': '0.4118', 'learning_rate': '0.0002326', 'epoch': '6.346'}
{'loss': '0.09864', 'grad_norm': '0.245', 'learning_rate': '0.0002059', 'epoch': '6.538'}
{'loss': '0.09456', 'grad_norm': '0.2177', 'learning_rate': '0.0001791', 'epoch': '6.731'}
{'loss': '0.08512', 'grad_norm': '0.2709', 'learning_rate': '0.0001524', 'epoch': '6.923'}
{'eval_loss': '0.3533', 'eval_runtime': '2.604', 'eval_samples_per_second': '35.71', 'eval_steps_per_second': '2.304', 'epoch': '7'}
{'loss': '0.07461', 'grad_norm': '0.2126', 'learning_rate': '0.0001257', 'epoch': '7.115'}
{'loss': '0.0782', 'grad_norm': '0.2957', 'learning_rate': '9.893e-05', 'epoch': '7.308'}
{'loss': '0.07293', 'grad_norm': '0.2156', 'learning_rate': '7.219e-05', 'epoch': '7.5'}
{'loss': '0.09427', 'grad_norm': '0.4484', 'learning_rate': '4.545e-05', 'epoch': '7.692'}
{'loss': '0.0846', 'grad_norm': '0.461', 'learning_rate': '1.872e-05', 'epoch': '7.885'}
{'eval_loss': '0.371', 'eval_runtime': '2.589', 'eval_samples_per_second': '35.92', 'eval_steps_per_second': '2.317', 'epoch': '8'}
{'train_runtime': '237.4', 'train_samples_per_second': '13.82', 'train_steps_per_second': '1.752', 'train_loss': '0.1996', 'epoch': '8'}
s30752_armB_encoder_lora_b80_r8_lr0.001_seed0: WER 0.1956 -> 0.2072 (-5.9%, p 0.840); forgiven 0.1353 -> 0.1689 (-24.8%, p 0.764) in 4.6 min train 245s base 0s other_arm 0s load_tuned 5s transcribe_tuned 27s score 0s
s30777_armB_encoder_lora_b80_r8_lr0.001_seed0: 332 train chunks (79.9 min), 74 dev
trainable params: 1,310,720 || all params: 1,544,801,280 || trainable%: 0.0848
precision: bf16, base weights torch.bfloat16, grad checkpointing False, lr 0.001, method lora
{'loss': '0.4411', 'grad_norm': '0.0868', 'learning_rate': '0.0002647', 'epoch': '0.2381'}
{'loss': '0.4374', 'grad_norm': '0.1545', 'learning_rate': '0.0005588', 'epoch': '0.4762'}
{'loss': '0.3904', 'grad_norm': '0.1865', 'learning_rate': '0.0008529', 'epoch': '0.7143'}
{'loss': '0.366', 'grad_norm': '0.218', 'learning_rate': '0.0009834', 'epoch': '0.9524'}
{'eval_loss': '0.4402', 'eval_runtime': '3.164', 'eval_samples_per_second': '23.39', 'eval_steps_per_second': '1.58', 'epoch': '1'}
{'loss': '0.3098', 'grad_norm': '0.1569', 'learning_rate': '0.0009503', 'epoch': '1.19'}
{'loss': '0.3294', 'grad_norm': '0.1918', 'learning_rate': '0.0009172', 'epoch': '1.429'}
{'loss': '0.2939', 'grad_norm': '0.3246', 'learning_rate': '0.0008841', 'epoch': '1.667'}
{'loss': '0.2821', 'grad_norm': '0.2089', 'learning_rate': '0.000851', 'epoch': '1.905'}
{'eval_loss': '0.3426', 'eval_runtime': '2.215', 'eval_samples_per_second': '33.41', 'eval_steps_per_second': '2.257', 'epoch': '2'}
{'loss': '0.259', 'grad_norm': '0.1733', 'learning_rate': '0.0008179', 'epoch': '2.143'}
{'loss': '0.2237', 'grad_norm': '0.1568', 'learning_rate': '0.0007848', 'epoch': '2.381'}
{'loss': '0.2168', 'grad_norm': '0.1477', 'learning_rate': '0.0007517', 'epoch': '2.619'}
{'loss': '0.217', 'grad_norm': '0.3447', 'learning_rate': '0.0007185', 'epoch': '2.857'}
{'eval_loss': '0.3366', 'eval_runtime': '2.204', 'eval_samples_per_second': '33.57', 'eval_steps_per_second': '2.268', 'epoch': '3'}
{'loss': '0.2071', 'grad_norm': '0.1981', 'learning_rate': '0.0006854', 'epoch': '3.095'}
{'loss': '0.1497', 'grad_norm': '0.1533', 'learning_rate': '0.0006523', 'epoch': '3.333'}
{'loss': '0.1713', 'grad_norm': '0.1946', 'learning_rate': '0.0006192', 'epoch': '3.571'}
{'loss': '0.1866', 'grad_norm': '0.2342', 'learning_rate': '0.0005861', 'epoch': '3.81'}
{'eval_loss': '0.3368', 'eval_runtime': '2.201', 'eval_samples_per_second': '33.63', 'eval_steps_per_second': '2.272', 'epoch': '4'}
{'loss': '0.1843', 'grad_norm': '0.1252', 'learning_rate': '0.000553', 'epoch': '4.048'}
{'loss': '0.1504', 'grad_norm': '0.1629', 'learning_rate': '0.0005199', 'epoch': '4.286'}
{'loss': '0.1449', 'grad_norm': '0.18', 'learning_rate': '0.0004868', 'epoch': '4.524'}
{'loss': '0.1425', 'grad_norm': '0.2197', 'learning_rate': '0.0004536', 'epoch': '4.762'}
{'loss': '0.163', 'grad_norm': '0.4297', 'learning_rate': '0.0004205', 'epoch': '5'}
{'eval_loss': '0.3477', 'eval_runtime': '2.196', 'eval_samples_per_second': '33.69', 'eval_steps_per_second': '2.276', 'epoch': '5'}
{'loss': '0.1175', 'grad_norm': '0.2328', 'learning_rate': '0.0003874', 'epoch': '5.238'}
{'loss': '0.125', 'grad_norm': '0.1953', 'learning_rate': '0.0003543', 'epoch': '5.476'}
{'loss': '0.1397', 'grad_norm': '0.2275', 'learning_rate': '0.0003212', 'epoch': '5.714'}
{'loss': '0.1321', 'grad_norm': '0.3439', 'learning_rate': '0.0002881', 'epoch': '5.952'}
{'eval_loss': '0.368', 'eval_runtime': '2.188', 'eval_samples_per_second': '33.82', 'eval_steps_per_second': '2.285', 'epoch': '6'}
{'loss': '0.1115', 'grad_norm': '0.1551', 'learning_rate': '0.000255', 'epoch': '6.19'}
{'loss': '0.1178', 'grad_norm': '0.1827', 'learning_rate': '0.0002219', 'epoch': '6.429'}
{'loss': '0.1021', 'grad_norm': '0.2189', 'learning_rate': '0.0001887', 'epoch': '6.667'}
{'loss': '0.1094', 'grad_norm': '0.2799', 'learning_rate': '0.0001556', 'epoch': '6.905'}
{'eval_loss': '0.3796', 'eval_runtime': '2.181', 'eval_samples_per_second': '33.92', 'eval_steps_per_second': '2.292', 'epoch': '7'}
{'loss': '0.1158', 'grad_norm': '0.2223', 'learning_rate': '0.0001225', 'epoch': '7.143'}
{'loss': '0.08455', 'grad_norm': '0.2138', 'learning_rate': '8.94e-05', 'epoch': '7.381'}
{'loss': '0.09422', 'grad_norm': '0.2472', 'learning_rate': '5.629e-05', 'epoch': '7.619'}
{'loss': '0.1162', 'grad_norm': '0.1822', 'learning_rate': '2.318e-05', 'epoch': '7.857'}
{'eval_loss': '0.383', 'eval_runtime': '2.21', 'eval_samples_per_second': '33.48', 'eval_steps_per_second': '2.262', 'epoch': '8'}
{'train_runtime': '199.9', 'train_samples_per_second': '13.29', 'train_steps_per_second': '1.681', 'train_loss': '0.199', 'epoch': '8'}
s30777_armB_encoder_lora_b80_r8_lr0.001_seed0: WER 0.2237 -> 0.1803 (+19.4%, p 0.000); forgiven 0.1535 -> 0.1386 (+9.7%, p 0.731) in 4.2 min train 208s base 0s other_arm 0s load_tuned 6s transcribe_tuned 36s score 0s
s30813_armB_encoder_lora_b80_r8_lr0.001_seed0: 320 train chunks (79.9 min), 44 dev
trainable params: 1,310,720 || all params: 1,544,801,280 || trainable%: 0.0848
precision: bf16, base weights torch.bfloat16, grad checkpointing False, lr 0.001, method lora
{'loss': '0.5233', 'grad_norm': '0.07366', 'learning_rate': '0.0002813', 'epoch': '0.25'}
{'loss': '0.482', 'grad_norm': '0.12', 'learning_rate': '0.0005937', 'epoch': '0.5'}
{'loss': '0.4711', 'grad_norm': '0.1569', 'learning_rate': '0.0009063', 'epoch': '0.75'}
{'loss': '0.4444', 'grad_norm': '0.2658', 'learning_rate': '0.0009757', 'epoch': '1'}
{'eval_loss': '0.4479', 'eval_runtime': '2.487', 'eval_samples_per_second': '17.69', 'eval_steps_per_second': '1.206', 'epoch': '1'}
{'loss': '0.3993', 'grad_norm': '0.2626', 'learning_rate': '0.000941', 'epoch': '1.25'}
{'loss': '0.3446', 'grad_norm': '0.2417', 'learning_rate': '0.0009063', 'epoch': '1.5'}
{'loss': '0.326', 'grad_norm': '0.2264', 'learning_rate': '0.0008715', 'epoch': '1.75'}
{'loss': '0.3206', 'grad_norm': '0.207', 'learning_rate': '0.0008368', 'epoch': '2'}
{'eval_loss': '0.3646', 'eval_runtime': '1.478', 'eval_samples_per_second': '29.78', 'eval_steps_per_second': '2.03', 'epoch': '2'}
{'loss': '0.301', 'grad_norm': '0.3424', 'learning_rate': '0.0008021', 'epoch': '2.25'}
{'loss': '0.2231', 'grad_norm': '0.164', 'learning_rate': '0.0007674', 'epoch': '2.5'}
{'loss': '0.2415', 'grad_norm': '0.2261', 'learning_rate': '0.0007326', 'epoch': '2.75'}
{'loss': '0.2364', 'grad_norm': '0.2643', 'learning_rate': '0.0006979', 'epoch': '3'}
{'eval_loss': '0.3716', 'eval_runtime': '1.443', 'eval_samples_per_second': '30.5', 'eval_steps_per_second': '2.079', 'epoch': '3'}
{'loss': '0.207', 'grad_norm': '0.1794', 'learning_rate': '0.0006632', 'epoch': '3.25'}
{'loss': '0.2219', 'grad_norm': '0.3122', 'learning_rate': '0.0006285', 'epoch': '3.5'}
{'loss': '0.1895', 'grad_norm': '0.2518', 'learning_rate': '0.0005937', 'epoch': '3.75'}
{'loss': '0.2181', 'grad_norm': '0.2594', 'learning_rate': '0.000559', 'epoch': '4'}
{'eval_loss': '0.3844', 'eval_runtime': '1.452', 'eval_samples_per_second': '30.31', 'eval_steps_per_second': '2.067', 'epoch': '4'}
{'loss': '0.1728', 'grad_norm': '0.4148', 'learning_rate': '0.0005243', 'epoch': '4.25'}
{'loss': '0.1661', 'grad_norm': '0.3603', 'learning_rate': '0.0004896', 'epoch': '4.5'}
{'loss': '0.1588', 'grad_norm': '0.2326', 'learning_rate': '0.0004549', 'epoch': '4.75'}
{'loss': '0.1998', 'grad_norm': '0.2375', 'learning_rate': '0.0004201', 'epoch': '5'}
{'eval_loss': '0.3968', 'eval_runtime': '1.425', 'eval_samples_per_second': '30.88', 'eval_steps_per_second': '2.106', 'epoch': '5'}
{'loss': '0.1659', 'grad_norm': '0.3665', 'learning_rate': '0.0003854', 'epoch': '5.25'}
{'loss': '0.1222', 'grad_norm': '0.2603', 'learning_rate': '0.0003507', 'epoch': '5.5'}
{'loss': '0.1417', 'grad_norm': '0.3289', 'learning_rate': '0.000316', 'epoch': '5.75'}
{'loss': '0.1506', 'grad_norm': '0.3357', 'learning_rate': '0.0002813', 'epoch': '6'}
{'eval_loss': '0.4087', 'eval_runtime': '1.471', 'eval_samples_per_second': '29.92', 'eval_steps_per_second': '2.04', 'epoch': '6'}
{'loss': '0.1366', 'grad_norm': '0.2987', 'learning_rate': '0.0002465', 'epoch': '6.25'}
{'loss': '0.1168', 'grad_norm': '0.2481', 'learning_rate': '0.0002118', 'epoch': '6.5'}
{'loss': '0.1173', 'grad_norm': '0.343', 'learning_rate': '0.0001771', 'epoch': '6.75'}
{'loss': '0.1086', 'grad_norm': '0.2895', 'learning_rate': '0.0001424', 'epoch': '7'}
{'eval_loss': '0.4287', 'eval_runtime': '1.476', 'eval_samples_per_second': '29.81', 'eval_steps_per_second': '2.033', 'epoch': '7'}
{'loss': '0.1018', 'grad_norm': '0.1899', 'learning_rate': '0.0001076', 'epoch': '7.25'}
{'loss': '0.1106', 'grad_norm': '0.2283', 'learning_rate': '7.292e-05', 'epoch': '7.5'}
{'loss': '0.09537', 'grad_norm': '0.3356', 'learning_rate': '3.819e-05', 'epoch': '7.75'}
{'loss': '0.1046', 'grad_norm': '0.279', 'learning_rate': '3.472e-06', 'epoch': '8'}
{'eval_loss': '0.4363', 'eval_runtime': '1.462', 'eval_samples_per_second': '30.1', 'eval_steps_per_second': '2.052', 'epoch': '8'}
{'train_runtime': '187.6', 'train_samples_per_second': '13.65', 'train_steps_per_second': '1.706', 'train_loss': '0.2287', 'epoch': '8'}
s30813_armB_encoder_lora_b80_r8_lr0.001_seed0: WER 0.1607 -> 0.1657 (-3.1%, p 0.670); forgiven 0.1194 -> 0.1472 (-23.2%, p 0.217) in 3.9 min train 195s base 0s other_arm 0s load_tuned 5s transcribe_tuned 33s score 0s
s30831_armB_encoder_lora_b80_r8_lr0.001_seed0: 372 train chunks (79.9 min), 70 dev
trainable params: 1,310,720 || all params: 1,544,801,280 || trainable%: 0.0848
precision: bf16, base weights torch.bfloat16, grad checkpointing False, lr 0.001, method lora
{'loss': '0.5549', 'grad_norm': '0.196', 'learning_rate': '0.0002368', 'epoch': '0.2128'}
{'loss': '0.4547', 'grad_norm': '0.1609', 'learning_rate': '0.0005', 'epoch': '0.4255'}
{'loss': '0.3848', 'grad_norm': '0.08467', 'learning_rate': '0.0007632', 'epoch': '0.6383'}
{'loss': '0.3815', 'grad_norm': '0.22', 'learning_rate': '0.000997', 'epoch': '0.8511'}
{'eval_loss': '0.3535', 'eval_runtime': '3.14', 'eval_samples_per_second': '22.29', 'eval_steps_per_second': '1.592', 'epoch': '1'}
{'loss': '0.4345', 'grad_norm': '0.374', 'learning_rate': '0.0009675', 'epoch': '1.064'}
{'loss': '0.3578', 'grad_norm': '0.4186', 'learning_rate': '0.0009379', 'epoch': '1.277'}
{'loss': '0.214', 'grad_norm': '0.3441', 'learning_rate': '0.0009083', 'epoch': '1.489'}
{'loss': '0.2298', 'grad_norm': '0.4258', 'learning_rate': '0.0008787', 'epoch': '1.702'}
{'loss': '0.2776', 'grad_norm': '0.2964', 'learning_rate': '0.0008491', 'epoch': '1.915'}
{'eval_loss': '0.2583', 'eval_runtime': '2.177', 'eval_samples_per_second': '32.16', 'eval_steps_per_second': '2.297', 'epoch': '2'}
{'loss': '0.2467', 'grad_norm': '0.1321', 'learning_rate': '0.0008195', 'epoch': '2.128'}
{'loss': '0.209', 'grad_norm': '0.1709', 'learning_rate': '0.0007899', 'epoch': '2.34'}
{'loss': '0.1988', 'grad_norm': '0.3468', 'learning_rate': '0.0007604', 'epoch': '2.553'}
{'loss': '0.2252', 'grad_norm': '0.348', 'learning_rate': '0.0007308', 'epoch': '2.766'}
{'loss': '0.2083', 'grad_norm': '0.2425', 'learning_rate': '0.0007012', 'epoch': '2.979'}
{'eval_loss': '0.2637', 'eval_runtime': '2.103', 'eval_samples_per_second': '33.29', 'eval_steps_per_second': '2.378', 'epoch': '3'}
{'loss': '0.1648', 'grad_norm': '0.2451', 'learning_rate': '0.0006716', 'epoch': '3.191'}
{'loss': '0.1846', 'grad_norm': '0.3732', 'learning_rate': '0.000642', 'epoch': '3.404'}
{'loss': '0.1613', 'grad_norm': '2.078', 'learning_rate': '0.0006124', 'epoch': '3.617'}
{'loss': '0.1824', 'grad_norm': '0.1489', 'learning_rate': '0.0005828', 'epoch': '3.83'}
{'eval_loss': '0.2697', 'eval_runtime': '2.118', 'eval_samples_per_second': '33.05', 'eval_steps_per_second': '2.361', 'epoch': '4'}
{'loss': '0.171', 'grad_norm': '0.1569', 'learning_rate': '0.0005533', 'epoch': '4.043'}
{'loss': '0.143', 'grad_norm': '0.1842', 'learning_rate': '0.0005237', 'epoch': '4.255'}
{'loss': '0.1621', 'grad_norm': '0.1583', 'learning_rate': '0.0004941', 'epoch': '4.468'}
{'loss': '0.1355', 'grad_norm': '0.2712', 'learning_rate': '0.0004645', 'epoch': '4.681'}
{'loss': '0.1397', 'grad_norm': '0.2579', 'learning_rate': '0.0004349', 'epoch': '4.894'}
{'eval_loss': '0.2762', 'eval_runtime': '2.072', 'eval_samples_per_second': '33.78', 'eval_steps_per_second': '2.413', 'epoch': '5'}
{'loss': '0.1374', 'grad_norm': '0.1767', 'learning_rate': '0.0004053', 'epoch': '5.106'}
{'loss': '0.1222', 'grad_norm': '0.1988', 'learning_rate': '0.0003757', 'epoch': '5.319'}
{'loss': '0.1241', 'grad_norm': '0.255', 'learning_rate': '0.0003462', 'epoch': '5.532'}
{'loss': '0.1187', 'grad_norm': '0.2604', 'learning_rate': '0.0003166', 'epoch': '5.745'}
{'loss': '0.1114', 'grad_norm': '0.4037', 'learning_rate': '0.000287', 'epoch': '5.957'}
{'eval_loss': '0.2869', 'eval_runtime': '2.12', 'eval_samples_per_second': '33.02', 'eval_steps_per_second': '2.359', 'epoch': '6'}
{'loss': '0.09132', 'grad_norm': '0.1848', 'learning_rate': '0.0002574', 'epoch': '6.17'}
{'loss': '0.1064', 'grad_norm': '0.2967', 'learning_rate': '0.0002278', 'epoch': '6.383'}
{'loss': '0.1094', 'grad_norm': '0.2425', 'learning_rate': '0.0001982', 'epoch': '6.596'}
{'loss': '0.08977', 'grad_norm': '0.281', 'learning_rate': '0.0001686', 'epoch': '6.809'}
{'eval_loss': '0.3013', 'eval_runtime': '2.111', 'eval_samples_per_second': '33.16', 'eval_steps_per_second': '2.369', 'epoch': '7'}
{'loss': '0.1071', 'grad_norm': '0.2073', 'learning_rate': '0.0001391', 'epoch': '7.021'}
{'loss': '0.08105', 'grad_norm': '0.1785', 'learning_rate': '0.0001095', 'epoch': '7.234'}
{'loss': '0.09784', 'grad_norm': '0.2185', 'learning_rate': '7.988e-05', 'epoch': '7.447'}
{'loss': '0.0938', 'grad_norm': '0.2383', 'learning_rate': '5.03e-05', 'epoch': '7.66'}
{'loss': '0.07975', 'grad_norm': '0.1715', 'learning_rate': '2.071e-05', 'epoch': '7.872'}
{'eval_loss': '0.3077', 'eval_runtime': '2.087', 'eval_samples_per_second': '33.55', 'eval_steps_per_second': '2.396', 'epoch': '8'}
{'train_runtime': '215.7', 'train_samples_per_second': '13.8', 'train_steps_per_second': '1.743', 'train_loss': '0.1954', 'epoch': '8'}
s30831_armB_encoder_lora_b80_r8_lr0.001_seed0: WER 0.2736 -> 0.2258 (+17.5%, p 0.000); forgiven 0.1452 -> 0.1490 (-2.6%, p 0.558) in 4.3 min train 224s base 0s other_arm 0s load_tuned 6s transcribe_tuned 28s score 0s
s30843_armB_encoder_lora_b80_r8_lr0.001_seed0: 397 train chunks (79.8 min), 118 dev
trainable params: 1,310,720 || all params: 1,544,801,280 || trainable%: 0.0848
precision: bf16, base weights torch.bfloat16, grad checkpointing False, lr 0.001, method lora
{'loss': '0.4635', 'grad_norm': '0.101', 'learning_rate': '0.000225', 'epoch': '0.2'}
{'loss': '0.492', 'grad_norm': '0.1992', 'learning_rate': '0.000475', 'epoch': '0.4'}
{'loss': '0.4311', 'grad_norm': '0.2305', 'learning_rate': '0.000725', 'epoch': '0.6'}
{'loss': '0.4151', 'grad_norm': '0.4033', 'learning_rate': '0.000975', 'epoch': '0.8'}
{'loss': '0.4134', 'grad_norm': '0.3086', 'learning_rate': '0.000975', 'epoch': '1'}
{'eval_loss': '0.4567', 'eval_runtime': '4.264', 'eval_samples_per_second': '27.68', 'eval_steps_per_second': '1.876', 'epoch': '1'}
{'loss': '0.3184', 'grad_norm': '0.2784', 'learning_rate': '0.0009472', 'epoch': '1.2'}
{'loss': '0.2651', 'grad_norm': '0.4703', 'learning_rate': '0.0009194', 'epoch': '1.4'}
{'loss': '0.2527', 'grad_norm': '0.2489', 'learning_rate': '0.0008917', 'epoch': '1.6'}
{'loss': '0.2756', 'grad_norm': '0.5723', 'learning_rate': '0.0008639', 'epoch': '1.8'}
{'loss': '0.2718', 'grad_norm': '0.16', 'learning_rate': '0.0008361', 'epoch': '2'}
{'eval_loss': '0.3964', 'eval_runtime': '3.293', 'eval_samples_per_second': '35.83', 'eval_steps_per_second': '2.429', 'epoch': '2'}
{'loss': '0.1987', 'grad_norm': '0.3019', 'learning_rate': '0.0008083', 'epoch': '2.2'}
{'loss': '0.2067', 'grad_norm': '0.1719', 'learning_rate': '0.0007806', 'epoch': '2.4'}
{'loss': '0.2399', 'grad_norm': '0.2328', 'learning_rate': '0.0007528', 'epoch': '2.6'}
{'loss': '0.1915', 'grad_norm': '0.1798', 'learning_rate': '0.000725', 'epoch': '2.8'}
{'loss': '0.2383', 'grad_norm': '0.3357', 'learning_rate': '0.0006972', 'epoch': '3'}
{'eval_loss': '0.4022', 'eval_runtime': '3.314', 'eval_samples_per_second': '35.6', 'eval_steps_per_second': '2.414', 'epoch': '3'}
{'loss': '0.1678', 'grad_norm': '0.2317', 'learning_rate': '0.0006694', 'epoch': '3.2'}
{'loss': '0.1446', 'grad_norm': '0.2338', 'learning_rate': '0.0006417', 'epoch': '3.4'}
{'loss': '0.1496', 'grad_norm': '0.2198', 'learning_rate': '0.0006139', 'epoch': '3.6'}
{'loss': '0.1831', 'grad_norm': '0.1887', 'learning_rate': '0.0005861', 'epoch': '3.8'}
{'loss': '0.1868', 'grad_norm': '0.1456', 'learning_rate': '0.0005583', 'epoch': '4'}
{'eval_loss': '0.414', 'eval_runtime': '3.295', 'eval_samples_per_second': '35.82', 'eval_steps_per_second': '2.428', 'epoch': '4'}
{'loss': '0.1455', 'grad_norm': '0.233', 'learning_rate': '0.0005306', 'epoch': '4.2'}
{'loss': '0.116', 'grad_norm': '0.3074', 'learning_rate': '0.0005028', 'epoch': '4.4'}
{'loss': '0.1256', 'grad_norm': '0.1715', 'learning_rate': '0.000475', 'epoch': '4.6'}
{'loss': '0.1479', 'grad_norm': '0.3091', 'learning_rate': '0.0004472', 'epoch': '4.8'}
{'loss': '0.1542', 'grad_norm': '0.4017', 'learning_rate': '0.0004194', 'epoch': '5'}
{'eval_loss': '0.4358', 'eval_runtime': '3.312', 'eval_samples_per_second': '35.63', 'eval_steps_per_second': '2.416', 'epoch': '5'}
{'loss': '0.1722', 'grad_norm': '0.3692', 'learning_rate': '0.0003917', 'epoch': '5.2'}
{'loss': '0.1083', 'grad_norm': '0.2115', 'learning_rate': '0.0003639', 'epoch': '5.4'}
{'loss': '0.09556', 'grad_norm': '0.2161', 'learning_rate': '0.0003361', 'epoch': '5.6'}
{'loss': '0.1073', 'grad_norm': '0.256', 'learning_rate': '0.0003083', 'epoch': '5.8'}
{'loss': '0.1038', 'grad_norm': '0.225', 'learning_rate': '0.0002806', 'epoch': '6'}
{'eval_loss': '0.4554', 'eval_runtime': '3.279', 'eval_samples_per_second': '35.99', 'eval_steps_per_second': '2.44', 'epoch': '6'}
{'loss': '0.0783', 'grad_norm': '0.2866', 'learning_rate': '0.0002528', 'epoch': '6.2'}
{'loss': '0.08249', 'grad_norm': '0.1894', 'learning_rate': '0.000225', 'epoch': '6.4'}
{'loss': '0.1001', 'grad_norm': '0.1774', 'learning_rate': '0.0001972', 'epoch': '6.6'}
{'loss': '0.1082', 'grad_norm': '0.2467', 'learning_rate': '0.0001694', 'epoch': '6.8'}
{'loss': '0.1046', 'grad_norm': '0.3438', 'learning_rate': '0.0001417', 'epoch': '7'}
{'eval_loss': '0.4778', 'eval_runtime': '3.329', 'eval_samples_per_second': '35.44', 'eval_steps_per_second': '2.403', 'epoch': '7'}
{'loss': '0.07908', 'grad_norm': '0.2088', 'learning_rate': '0.0001139', 'epoch': '7.2'}
{'loss': '0.09657', 'grad_norm': '0.2447', 'learning_rate': '8.611e-05', 'epoch': '7.4'}
{'loss': '0.08047', 'grad_norm': '0.2733', 'learning_rate': '5.833e-05', 'epoch': '7.6'}
{'loss': '0.06947', 'grad_norm': '0.1812', 'learning_rate': '3.056e-05', 'epoch': '7.8'}
{'loss': '0.07387', 'grad_norm': '0.1154', 'learning_rate': '2.778e-06', 'epoch': '8'}
{'eval_loss': '0.4839', 'eval_runtime': '3.275', 'eval_samples_per_second': '36.03', 'eval_steps_per_second': '2.443', 'epoch': '8'}
{'train_runtime': '237.5', 'train_samples_per_second': '13.38', 'train_steps_per_second': '1.684', 'train_loss': '0.1914', 'epoch': '8'}
s30843_armB_encoder_lora_b80_r8_lr0.001_seed0: WER 0.3231 -> 0.2718 (+15.9%, p 0.000); forgiven 0.2102 -> 0.1912 (+9.0%, p 0.002) in 4.7 min train 245s base 0s other_arm 0s load_tuned 5s transcribe_tuned 30s score 0s
s30859_armB_encoder_lora_b80_r8_lr0.001_seed0: 343 train chunks (79.8 min), 75 dev
trainable params: 1,310,720 || all params: 1,544,801,280 || trainable%: 0.0848
precision: bf16, base weights torch.bfloat16, grad checkpointing False, lr 0.001, method lora
{'loss': '0.3269', 'grad_norm': '0.04765', 'learning_rate': '0.0002571', 'epoch': '0.2326'}
{'loss': '0.3581', 'grad_norm': '0.1132', 'learning_rate': '0.0005429', 'epoch': '0.4651'}
{'loss': '0.3307', 'grad_norm': '0.2815', 'learning_rate': '0.0008286', 'epoch': '0.6977'}
{'loss': '0.2752', 'grad_norm': '0.2726', 'learning_rate': '0.0009871', 'epoch': '0.9302'}
{'eval_loss': '0.2579', 'eval_runtime': '3.234', 'eval_samples_per_second': '23.19', 'eval_steps_per_second': '1.546', 'epoch': '1'}
{'loss': '0.2599', 'grad_norm': '0.5934', 'learning_rate': '0.0009547', 'epoch': '1.163'}
{'loss': '0.1928', 'grad_norm': '0.1251', 'learning_rate': '0.0009223', 'epoch': '1.395'}
{'loss': '0.1638', 'grad_norm': '0.2009', 'learning_rate': '0.00089', 'epoch': '1.628'}
{'loss': '0.2122', 'grad_norm': '0.3503', 'learning_rate': '0.0008576', 'epoch': '1.86'}
{'eval_loss': '0.1817', 'eval_runtime': '2.217', 'eval_samples_per_second': '33.82', 'eval_steps_per_second': '2.255', 'epoch': '2'}
{'loss': '0.1475', 'grad_norm': '0.1724', 'learning_rate': '0.0008252', 'epoch': '2.093'}
{'loss': '0.1392', 'grad_norm': '0.1275', 'learning_rate': '0.0007929', 'epoch': '2.326'}
{'loss': '0.1183', 'grad_norm': '0.117', 'learning_rate': '0.0007605', 'epoch': '2.558'}
{'loss': '0.1456', 'grad_norm': '0.203', 'learning_rate': '0.0007282', 'epoch': '2.791'}
{'eval_loss': '0.1812', 'eval_runtime': '2.198', 'eval_samples_per_second': '34.12', 'eval_steps_per_second': '2.275', 'epoch': '3'}
{'loss': '0.1022', 'grad_norm': '0.09939', 'learning_rate': '0.0006958', 'epoch': '3.023'}
{'loss': '0.09568', 'grad_norm': '0.1492', 'learning_rate': '0.0006634', 'epoch': '3.256'}
{'loss': '0.08202', 'grad_norm': '0.1026', 'learning_rate': '0.0006311', 'epoch': '3.488'}
{'loss': '0.1102', 'grad_norm': '0.2389', 'learning_rate': '0.0005987', 'epoch': '3.721'}
{'loss': '0.1185', 'grad_norm': '0.1791', 'learning_rate': '0.0005663', 'epoch': '3.953'}
{'eval_loss': '0.1913', 'eval_runtime': '2.241', 'eval_samples_per_second': '33.47', 'eval_steps_per_second': '2.231', 'epoch': '4'}
{'loss': '0.0789', 'grad_norm': '0.1952', 'learning_rate': '0.000534', 'epoch': '4.186'}
{'loss': '0.09854', 'grad_norm': '0.2283', 'learning_rate': '0.0005016', 'epoch': '4.419'}
{'loss': '0.06315', 'grad_norm': '0.1489', 'learning_rate': '0.0004693', 'epoch': '4.651'}
{'loss': '0.09503', 'grad_norm': '0.2683', 'learning_rate': '0.0004369', 'epoch': '4.884'}
{'eval_loss': '0.1947', 'eval_runtime': '2.213', 'eval_samples_per_second': '33.88', 'eval_steps_per_second': '2.259', 'epoch': '5'}
{'loss': '0.06997', 'grad_norm': '0.1004', 'learning_rate': '0.0004045', 'epoch': '5.116'}
{'loss': '0.06276', 'grad_norm': '0.1449', 'learning_rate': '0.0003722', 'epoch': '5.349'}
{'loss': '0.05945', 'grad_norm': '0.1497', 'learning_rate': '0.0003398', 'epoch': '5.581'}
{'loss': '0.05383', 'grad_norm': '0.3142', 'learning_rate': '0.0003074', 'epoch': '5.814'}
{'eval_loss': '0.202', 'eval_runtime': '2.196', 'eval_samples_per_second': '34.15', 'eval_steps_per_second': '2.276', 'epoch': '6'}
{'loss': '0.06911', 'grad_norm': '0.1293', 'learning_rate': '0.0002751', 'epoch': '6.047'}
{'loss': '0.04701', 'grad_norm': '0.1775', 'learning_rate': '0.0002427', 'epoch': '6.279'}
{'loss': '0.03992', 'grad_norm': '0.1512', 'learning_rate': '0.0002104', 'epoch': '6.512'}
{'loss': '0.06625', 'grad_norm': '0.2479', 'learning_rate': '0.000178', 'epoch': '6.744'}
{'loss': '0.04681', 'grad_norm': '0.1714', 'learning_rate': '0.0001456', 'epoch': '6.977'}
{'eval_loss': '0.2115', 'eval_runtime': '2.258', 'eval_samples_per_second': '33.21', 'eval_steps_per_second': '2.214', 'epoch': '7'}
{'loss': '0.06595', 'grad_norm': '0.2773', 'learning_rate': '0.0001133', 'epoch': '7.209'}
{'loss': '0.03838', 'grad_norm': '0.2031', 'learning_rate': '8.091e-05', 'epoch': '7.442'}
{'loss': '0.03869', 'grad_norm': '0.1591', 'learning_rate': '4.854e-05', 'epoch': '7.674'}
{'loss': '0.04548', 'grad_norm': '0.1424', 'learning_rate': '1.618e-05', 'epoch': '7.907'}
{'eval_loss': '0.2156', 'eval_runtime': '2.189', 'eval_samples_per_second': '34.26', 'eval_steps_per_second': '2.284', 'epoch': '8'}
{'train_runtime': '201', 'train_samples_per_second': '13.65', 'train_steps_per_second': '1.711', 'train_loss': '0.123', 'epoch': '8'}
s30859_armB_encoder_lora_b80_r8_lr0.001_seed0: WER 0.2538 -> 0.2248 (+11.4%, p 0.000); forgiven 0.1735 -> 0.1663 (+4.1%, p 0.079) in 4.1 min train 209s base 0s other_arm 0s load_tuned 6s transcribe_tuned 34s score 0s
s30868_armB_encoder_lora_b80_r8_lr0.001_seed0: 391 train chunks (80.0 min), 87 dev
trainable params: 1,310,720 || all params: 1,544,801,280 || trainable%: 0.0848
precision: bf16, base weights torch.bfloat16, grad checkpointing False, lr 0.001, method lora
{'loss': '0.4649', 'grad_norm': '0.09044', 'learning_rate': '0.000225', 'epoch': '0.2041'}
{'loss': '0.5178', 'grad_norm': '0.1065', 'learning_rate': '0.000475', 'epoch': '0.4082'}
{'loss': '0.4064', 'grad_norm': '0.1269', 'learning_rate': '0.000725', 'epoch': '0.6122'}
{'loss': '0.4416', 'grad_norm': '0.2343', 'learning_rate': '0.000975', 'epoch': '0.8163'}
{'eval_loss': '0.3186', 'eval_runtime': '3.432', 'eval_samples_per_second': '25.35', 'eval_steps_per_second': '1.748', 'epoch': '1'}
{'loss': '0.3845', 'grad_norm': '0.2226', 'learning_rate': '0.0009744', 'epoch': '1.02'}
{'loss': '0.3195', 'grad_norm': '0.2181', 'learning_rate': '0.000946', 'epoch': '1.224'}
{'loss': '0.2831', 'grad_norm': '0.2528', 'learning_rate': '0.0009176', 'epoch': '1.429'}
{'loss': '0.2603', 'grad_norm': '0.2244', 'learning_rate': '0.0008892', 'epoch': '1.633'}
{'loss': '0.2969', 'grad_norm': '0.2374', 'learning_rate': '0.0008608', 'epoch': '1.837'}
{'eval_loss': '0.2281', 'eval_runtime': '2.495', 'eval_samples_per_second': '34.87', 'eval_steps_per_second': '2.405', 'epoch': '2'}
{'loss': '0.2499', 'grad_norm': '0.2359', 'learning_rate': '0.0008324', 'epoch': '2.041'}
{'loss': '0.2192', 'grad_norm': '0.1673', 'learning_rate': '0.000804', 'epoch': '2.245'}
{'loss': '0.199', 'grad_norm': '0.2136', 'learning_rate': '0.0007756', 'epoch': '2.449'}
{'loss': '0.2642', 'grad_norm': '0.2229', 'learning_rate': '0.0007472', 'epoch': '2.653'}
{'loss': '0.2064', 'grad_norm': '0.3146', 'learning_rate': '0.0007187', 'epoch': '2.857'}
{'eval_loss': '0.2334', 'eval_runtime': '2.485', 'eval_samples_per_second': '35.01', 'eval_steps_per_second': '2.414', 'epoch': '3'}
{'loss': '0.2281', 'grad_norm': '0.3028', 'learning_rate': '0.0006903', 'epoch': '3.061'}
{'loss': '0.1695', 'grad_norm': '0.162', 'learning_rate': '0.0006619', 'epoch': '3.265'}
{'loss': '0.1854', 'grad_norm': '0.1741', 'learning_rate': '0.0006335', 'epoch': '3.469'}
{'loss': '0.1887', 'grad_norm': '0.4654', 'learning_rate': '0.0006051', 'epoch': '3.673'}
{'loss': '0.1966', 'grad_norm': '0.3128', 'learning_rate': '0.0005767', 'epoch': '3.878'}
{'eval_loss': '0.2425', 'eval_runtime': '2.495', 'eval_samples_per_second': '34.87', 'eval_steps_per_second': '2.405', 'epoch': '4'}
{'loss': '0.1813', 'grad_norm': '0.1934', 'learning_rate': '0.0005483', 'epoch': '4.082'}
{'loss': '0.1672', 'grad_norm': '0.2166', 'learning_rate': '0.0005199', 'epoch': '4.286'}
{'loss': '0.1833', 'grad_norm': '0.3036', 'learning_rate': '0.0004915', 'epoch': '4.49'}
{'loss': '0.1475', 'grad_norm': '0.2718', 'learning_rate': '0.0004631', 'epoch': '4.694'}
{'loss': '0.1364', 'grad_norm': '0.3274', 'learning_rate': '0.0004347', 'epoch': '4.898'}
{'eval_loss': '0.2517', 'eval_runtime': '2.545', 'eval_samples_per_second': '34.18', 'eval_steps_per_second': '2.357', 'epoch': '5'}
{'loss': '0.1308', 'grad_norm': '0.3277', 'learning_rate': '0.0004063', 'epoch': '5.102'}
{'loss': '0.1366', 'grad_norm': '0.2348', 'learning_rate': '0.0003778', 'epoch': '5.306'}
{'loss': '0.1433', 'grad_norm': '0.3447', 'learning_rate': '0.0003494', 'epoch': '5.51'}
{'loss': '0.1482', 'grad_norm': '0.2019', 'learning_rate': '0.000321', 'epoch': '5.714'}
{'loss': '0.1115', 'grad_norm': '0.2898', 'learning_rate': '0.0002926', 'epoch': '5.918'}
{'eval_loss': '0.2699', 'eval_runtime': '2.48', 'eval_samples_per_second': '35.07', 'eval_steps_per_second': '2.419', 'epoch': '6'}
{'loss': '0.1007', 'grad_norm': '0.1856', 'learning_rate': '0.0002642', 'epoch': '6.122'}
{'loss': '0.09831', 'grad_norm': '0.2541', 'learning_rate': '0.0002358', 'epoch': '6.327'}
{'loss': '0.1045', 'grad_norm': '0.2776', 'learning_rate': '0.0002074', 'epoch': '6.531'}
{'loss': '0.1198', 'grad_norm': '0.2564', 'learning_rate': '0.000179', 'epoch': '6.735'}
{'loss': '0.1114', 'grad_norm': '0.2681', 'learning_rate': '0.0001506', 'epoch': '6.939'}
{'eval_loss': '0.2833', 'eval_runtime': '2.507', 'eval_samples_per_second': '34.7', 'eval_steps_per_second': '2.393', 'epoch': '7'}
{'loss': '0.1071', 'grad_norm': '0.2098', 'learning_rate': '0.0001222', 'epoch': '7.143'}
{'loss': '0.08602', 'grad_norm': '0.1865', 'learning_rate': '9.375e-05', 'epoch': '7.347'}
{'loss': '0.1028', 'grad_norm': '0.2523', 'learning_rate': '6.534e-05', 'epoch': '7.551'}
{'loss': '0.08984', 'grad_norm': '0.2278', 'learning_rate': '3.693e-05', 'epoch': '7.755'}
{'loss': '0.08751', 'grad_norm': '0.2357', 'learning_rate': '8.523e-06', 'epoch': '7.959'}
{'eval_loss': '0.2942', 'eval_runtime': '2.505', 'eval_samples_per_second': '34.74', 'eval_steps_per_second': '2.396', 'epoch': '8'}
{'train_runtime': '229.3', 'train_samples_per_second': '13.64', 'train_steps_per_second': '1.71', 'train_loss': '0.2038', 'epoch': '8'}
s30868_armB_encoder_lora_b80_r8_lr0.001_seed0: WER 0.2211 -> 0.1851 (+16.3%, p 0.064); forgiven 0.1693 -> 0.1504 (+11.2%, p 0.717) in 4.5 min train 237s base 0s other_arm 0s load_tuned 6s transcribe_tuned 28s score 0s
sctrl0of2_armB_encoder_lora_b80_r8_lr0.001_seed0: pool of 5 speakers, 382 chunks (79.9 min), dev 42; evaluates [23558, 30685, 30752, 30777, 30831, 30859]
sctrl0of2_armB_encoder_lora_b80_r8_lr0.001_seed0: 382 train chunks (79.9 min), 42 dev
trainable params: 1,310,720 || all params: 1,544,801,280 || trainable%: 0.0848
precision: bf16, base weights torch.bfloat16, grad checkpointing False, lr 0.001, method lora
{'loss': '0.4956', 'grad_norm': '0.06693', 'learning_rate': '0.0002308', 'epoch': '0.2083'}
{'loss': '0.5535', 'grad_norm': '0.1067', 'learning_rate': '0.0004872', 'epoch': '0.4167'}
{'loss': '0.5149', 'grad_norm': '0.22', 'learning_rate': '0.0007436', 'epoch': '0.625'}
{'loss': '0.4824', 'grad_norm': '0.1981', 'learning_rate': '0.001', 'epoch': '0.8333'}
{'eval_loss': '0.2982', 'eval_runtime': '2.503', 'eval_samples_per_second': '16.78', 'eval_steps_per_second': '1.198', 'epoch': '1'}
{'loss': '0.4974', 'grad_norm': '0.3801', 'learning_rate': '0.000971', 'epoch': '1.042'}
{'loss': '0.4056', 'grad_norm': '0.1962', 'learning_rate': '0.000942', 'epoch': '1.25'}
{'loss': '0.3243', 'grad_norm': '0.2791', 'learning_rate': '0.000913', 'epoch': '1.458'}
{'loss': '0.3346', 'grad_norm': '0.2536', 'learning_rate': '0.0008841', 'epoch': '1.667'}
{'loss': '0.3527', 'grad_norm': '0.1943', 'learning_rate': '0.0008551', 'epoch': '1.875'}
{'eval_loss': '0.2327', 'eval_runtime': '1.437', 'eval_samples_per_second': '29.22', 'eval_steps_per_second': '2.087', 'epoch': '2'}
{'loss': '0.3656', 'grad_norm': '0.2162', 'learning_rate': '0.0008261', 'epoch': '2.083'}
{'loss': '0.2654', 'grad_norm': '0.2153', 'learning_rate': '0.0007971', 'epoch': '2.292'}
{'loss': '0.2987', 'grad_norm': '0.2225', 'learning_rate': '0.0007681', 'epoch': '2.5'}
{'loss': '0.2726', 'grad_norm': '0.226', 'learning_rate': '0.0007391', 'epoch': '2.708'}
{'loss': '0.2992', 'grad_norm': '0.2643', 'learning_rate': '0.0007101', 'epoch': '2.917'}
{'eval_loss': '0.2421', 'eval_runtime': '1.46', 'eval_samples_per_second': '28.78', 'eval_steps_per_second': '2.056', 'epoch': '3'}
{'loss': '0.2741', 'grad_norm': '0.2227', 'learning_rate': '0.0006812', 'epoch': '3.125'}
{'loss': '0.2124', 'grad_norm': '0.281', 'learning_rate': '0.0006522', 'epoch': '3.333'}
{'loss': '0.2501', 'grad_norm': '0.2581', 'learning_rate': '0.0006232', 'epoch': '3.542'}
{'loss': '0.23', 'grad_norm': '0.3093', 'learning_rate': '0.0005942', 'epoch': '3.75'}
{'loss': '0.2406', 'grad_norm': '0.3084', 'learning_rate': '0.0005652', 'epoch': '3.958'}
{'eval_loss': '0.2557', 'eval_runtime': '1.435', 'eval_samples_per_second': '29.26', 'eval_steps_per_second': '2.09', 'epoch': '4'}
{'loss': '0.2063', 'grad_norm': '0.2206', 'learning_rate': '0.0005362', 'epoch': '4.167'}
{'loss': '0.2086', 'grad_norm': '0.2865', 'learning_rate': '0.0005072', 'epoch': '4.375'}
{'loss': '0.1875', 'grad_norm': '0.282', 'learning_rate': '0.0004783', 'epoch': '4.583'}
{'loss': '0.1855', 'grad_norm': '0.3182', 'learning_rate': '0.0004493', 'epoch': '4.792'}
{'loss': '0.2209', 'grad_norm': '0.2347', 'learning_rate': '0.0004203', 'epoch': '5'}
{'eval_loss': '0.2633', 'eval_runtime': '1.443', 'eval_samples_per_second': '29.11', 'eval_steps_per_second': '2.079', 'epoch': '5'}
{'loss': '0.1862', 'grad_norm': '0.2094', 'learning_rate': '0.0003913', 'epoch': '5.208'}
{'loss': '0.1524', 'grad_norm': '0.2852', 'learning_rate': '0.0003623', 'epoch': '5.417'}
{'loss': '0.1629', 'grad_norm': '0.2081', 'learning_rate': '0.0003333', 'epoch': '5.625'}
{'loss': '0.1519', 'grad_norm': '0.3967', 'learning_rate': '0.0003043', 'epoch': '5.833'}
{'eval_loss': '0.2777', 'eval_runtime': '1.447', 'eval_samples_per_second': '29.03', 'eval_steps_per_second': '2.073', 'epoch': '6'}
{'loss': '0.169', 'grad_norm': '0.2801', 'learning_rate': '0.0002754', 'epoch': '6.042'}
{'loss': '0.1432', 'grad_norm': '0.4268', 'learning_rate': '0.0002464', 'epoch': '6.25'}
{'loss': '0.1406', 'grad_norm': '0.3491', 'learning_rate': '0.0002174', 'epoch': '6.458'}
{'loss': '0.147', 'grad_norm': '0.2929', 'learning_rate': '0.0001884', 'epoch': '6.667'}
{'loss': '0.1653', 'grad_norm': '0.228', 'learning_rate': '0.0001594', 'epoch': '6.875'}
{'eval_loss': '0.2832', 'eval_runtime': '1.492', 'eval_samples_per_second': '28.16', 'eval_steps_per_second': '2.011', 'epoch': '7'}
{'loss': '0.1473', 'grad_norm': '0.3749', 'learning_rate': '0.0001304', 'epoch': '7.083'}
{'loss': '0.1499', 'grad_norm': '0.275', 'learning_rate': '0.0001014', 'epoch': '7.292'}
{'loss': '0.1407', 'grad_norm': '0.2372', 'learning_rate': '7.246e-05', 'epoch': '7.5'}
{'loss': '0.1039', 'grad_norm': '0.3323', 'learning_rate': '4.348e-05', 'epoch': '7.708'}
{'loss': '0.1127', 'grad_norm': '0.2418', 'learning_rate': '1.449e-05', 'epoch': '7.917'}
{'eval_loss': '0.2937', 'eval_runtime': '1.434', 'eval_samples_per_second': '29.29', 'eval_steps_per_second': '2.092', 'epoch': '8'}
{'train_runtime': '216.1', 'train_samples_per_second': '14.14', 'train_steps_per_second': '1.777', 'train_loss': '0.255', 'epoch': '8'}
sctrl0of2_armB_encoder_lora_b80_r8_lr0.001_seed0 on 23558: WER 0.4420 -> 0.3142 (+28.9%, p 0.000); forgiven 0.2947 -> 0.2285 (+22.5%) in 45s
sctrl0of2_armB_encoder_lora_b80_r8_lr0.001_seed0 on 30685: WER 0.2330 -> 0.2180 (+6.4%, p 0.021); forgiven 0.1094 -> 0.1203 (-10.0%) in 29s
sctrl0of2_armB_encoder_lora_b80_r8_lr0.001_seed0 on 30752: WER 0.1956 -> 0.1728 (+11.6%, p 0.000); forgiven 0.1353 -> 0.1316 (+2.7%) in 19s
sctrl0of2_armB_encoder_lora_b80_r8_lr0.001_seed0 on 30777: WER 0.2237 -> 0.1753 (+21.6%, p 0.000); forgiven 0.1535 -> 0.1252 (+18.5%) in 36s
sctrl0of2_armB_encoder_lora_b80_r8_lr0.001_seed0 on 30831: WER 0.2736 -> 0.2363 (+13.6%, p 0.000); forgiven 0.1452 -> 0.1439 (+0.9%) in 28s
sctrl0of2_armB_encoder_lora_b80_r8_lr0.001_seed0 on 30859: WER 0.2538 -> 0.2241 (+11.7%, p 0.000); forgiven 0.1735 -> 0.1669 (+3.8%) in 35s
sctrl1of2_armB_encoder_lora_b80_r8_lr0.001_seed0: pool of 6 speakers, 363 chunks (79.8 min), dev 82; evaluates [30701, 30718, 30813, 30843, 30868]
sctrl1of2_armB_encoder_lora_b80_r8_lr0.001_seed0: 363 train chunks (79.8 min), 82 dev
trainable params: 1,310,720 || all params: 1,544,801,280 || trainable%: 0.0848
precision: bf16, base weights torch.bfloat16, grad checkpointing False, lr 0.001, method lora
{'loss': '0.5178', 'grad_norm': '0.09293', 'learning_rate': '0.0002432', 'epoch': '0.2174'}
{'loss': '0.5051', 'grad_norm': '0.1053', 'learning_rate': '0.0005135', 'epoch': '0.4348'}
{'loss': '0.4274', 'grad_norm': '0.1013', 'learning_rate': '0.0007838', 'epoch': '0.6522'}
{'loss': '0.4807', 'grad_norm': '0.3486', 'learning_rate': '0.000994', 'epoch': '0.8696'}
{'eval_loss': '0.4288', 'eval_runtime': '3.303', 'eval_samples_per_second': '24.83', 'eval_steps_per_second': '1.817', 'epoch': '1'}
{'loss': '0.4562', 'grad_norm': '0.1642', 'learning_rate': '0.0009637', 'epoch': '1.087'}
{'loss': '0.3654', 'grad_norm': '0.1718', 'learning_rate': '0.0009335', 'epoch': '1.304'}
{'loss': '0.3634', 'grad_norm': '0.2148', 'learning_rate': '0.0009033', 'epoch': '1.522'}
{'loss': '0.2998', 'grad_norm': '0.189', 'learning_rate': '0.0008731', 'epoch': '1.739'}
{'loss': '0.3596', 'grad_norm': '0.2368', 'learning_rate': '0.0008429', 'epoch': '1.957'}
{'eval_loss': '0.297', 'eval_runtime': '2.356', 'eval_samples_per_second': '34.81', 'eval_steps_per_second': '2.547', 'epoch': '2'}
{'loss': '0.2713', 'grad_norm': '0.1902', 'learning_rate': '0.0008127', 'epoch': '2.174'}
{'loss': '0.2573', 'grad_norm': '0.2614', 'learning_rate': '0.0007825', 'epoch': '2.391'}
{'loss': '0.2324', 'grad_norm': '0.2326', 'learning_rate': '0.0007523', 'epoch': '2.609'}
{'loss': '0.2368', 'grad_norm': '0.1695', 'learning_rate': '0.0007221', 'epoch': '2.826'}
{'eval_loss': '0.2924', 'eval_runtime': '2.383', 'eval_samples_per_second': '34.42', 'eval_steps_per_second': '2.518', 'epoch': '3'}
{'loss': '0.2961', 'grad_norm': '0.1531', 'learning_rate': '0.0006918', 'epoch': '3.043'}
{'loss': '0.2506', 'grad_norm': '0.2477', 'learning_rate': '0.0006616', 'epoch': '3.261'}
{'loss': '0.211', 'grad_norm': '0.2037', 'learning_rate': '0.0006314', 'epoch': '3.478'}
{'loss': '0.1952', 'grad_norm': '0.174', 'learning_rate': '0.0006012', 'epoch': '3.696'}
{'loss': '0.2051', 'grad_norm': '0.2764', 'learning_rate': '0.000571', 'epoch': '3.913'}
{'eval_loss': '0.3007', 'eval_runtime': '2.405', 'eval_samples_per_second': '34.1', 'eval_steps_per_second': '2.495', 'epoch': '4'}
{'loss': '0.2211', 'grad_norm': '0.2459', 'learning_rate': '0.0005408', 'epoch': '4.13'}
{'loss': '0.1562', 'grad_norm': '0.4397', 'learning_rate': '0.0005106', 'epoch': '4.348'}
{'loss': '0.2093', 'grad_norm': '0.2643', 'learning_rate': '0.0004804', 'epoch': '4.565'}
{'loss': '0.1852', 'grad_norm': '0.2858', 'learning_rate': '0.0004502', 'epoch': '4.783'}
{'loss': '0.1647', 'grad_norm': '0.273', 'learning_rate': '0.0004199', 'epoch': '5'}
{'eval_loss': '0.32', 'eval_runtime': '2.359', 'eval_samples_per_second': '34.76', 'eval_steps_per_second': '2.544', 'epoch': '5'}
{'loss': '0.1615', 'grad_norm': '0.208', 'learning_rate': '0.0003897', 'epoch': '5.217'}
{'loss': '0.1758', 'grad_norm': '0.3162', 'learning_rate': '0.0003595', 'epoch': '5.435'}
{'loss': '0.1506', 'grad_norm': '0.3907', 'learning_rate': '0.0003293', 'epoch': '5.652'}
{'loss': '0.1377', 'grad_norm': '0.2497', 'learning_rate': '0.0002991', 'epoch': '5.87'}
{'eval_loss': '0.3229', 'eval_runtime': '2.388', 'eval_samples_per_second': '34.34', 'eval_steps_per_second': '2.513', 'epoch': '6'}
{'loss': '0.1417', 'grad_norm': '0.2567', 'learning_rate': '0.0002689', 'epoch': '6.087'}
{'loss': '0.1384', 'grad_norm': '0.2272', 'learning_rate': '0.0002387', 'epoch': '6.304'}
{'loss': '0.154', 'grad_norm': '0.1935', 'learning_rate': '0.0002085', 'epoch': '6.522'}
{'loss': '0.1138', 'grad_norm': '0.322', 'learning_rate': '0.0001782', 'epoch': '6.739'}
{'loss': '0.1169', 'grad_norm': '0.2876', 'learning_rate': '0.000148', 'epoch': '6.957'}
{'eval_loss': '0.3334', 'eval_runtime': '2.358', 'eval_samples_per_second': '34.78', 'eval_steps_per_second': '2.545', 'epoch': '7'}
{'loss': '0.1457', 'grad_norm': '0.2878', 'learning_rate': '0.0001178', 'epoch': '7.174'}
{'loss': '0.1312', 'grad_norm': '0.2043', 'learning_rate': '8.761e-05', 'epoch': '7.391'}
{'loss': '0.1133', 'grad_norm': '0.2262', 'learning_rate': '5.74e-05', 'epoch': '7.609'}
{'loss': '0.09711', 'grad_norm': '0.2784', 'learning_rate': '2.719e-05', 'epoch': '7.826'}
{'eval_loss': '0.3415', 'eval_runtime': '2.373', 'eval_samples_per_second': '34.56', 'eval_steps_per_second': '2.529', 'epoch': '8'}
{'train_runtime': '213.3', 'train_samples_per_second': '13.62', 'train_steps_per_second': '1.725', 'train_loss': '0.2371', 'epoch': '8'}
sctrl1of2_armB_encoder_lora_b80_r8_lr0.001_seed0 on 30701: WER 0.4059 -> 0.2988 (+26.4%, p 0.000); forgiven 0.2669 -> 0.2325 (+12.9%) in 56s
sctrl1of2_armB_encoder_lora_b80_r8_lr0.001_seed0 on 30718: WER 0.1995 -> 0.1812 (+9.2%, p 0.003); forgiven 0.1404 -> 0.1440 (-2.5%) in 51s
sctrl1of2_armB_encoder_lora_b80_r8_lr0.001_seed0 on 30813: WER 0.1607 -> 0.1587 (+1.2%, p 0.989); forgiven 0.1194 -> 0.1430 (-19.8%) in 38s
sctrl1of2_armB_encoder_lora_b80_r8_lr0.001_seed0 on 30843: WER 0.3231 -> 0.2909 (+10.0%, p 0.001); forgiven 0.2102 -> 0.2224 (-5.8%) in 30s
sctrl1of2_armB_encoder_lora_b80_r8_lr0.001_seed0 on 30868: WER 0.2211 -> 0.1895 (+14.3%, p 0.238); forgiven 0.1693 -> 0.1558 (+8.0%) in 30s
66 rows (22 control evaluations) -> /workspace/deep-learning-project/src/training/outputs/results.csv
 speaker  budget  seed  control  n_test  train_steps  wer_base  wer_tuned  delta_rel   ci_lo  ci_hi  p_boot  wer_base_f  wer_tuned_f  delta_rel_f  p_boot_f  improvement_from_insertions  style_not_speaker  control_delta_rel  personalization_rel
   23558      20     0    False     341          144    0.4420     0.3040     0.3122  0.0899 0.2187   0.000      0.2947       0.2188       0.2577     0.000                       0.9803               True             0.2706               0.0416
   23558       5     0    False     341           40    0.4420     0.3290     0.2558  0.0617 0.1943   0.000      0.2947       0.2696       0.0852     0.587                       1.5064               True             0.2706              -0.0148
   23558      80     0    False     341          512    0.4420     0.2847     0.3560  0.1082 0.2393   0.000      0.2947       0.2026       0.3125     0.000                       0.8628               True             0.2706               0.0854
   23558      80     0    False     341          512    0.4420     0.3019     0.3169  0.0826 0.2245   0.000      0.2947       0.2268       0.2306     0.005                       0.9600               True             0.2891               0.0279
   30685      20     0    False     224           88    0.2330     0.2039     0.1247  0.0166 0.0436   0.000      0.1094       0.1194      -0.0922     0.027                       1.5838               True             0.1053               0.0195
   30685       5     0    False     224           24    0.2330     0.2516    -0.0800 -0.0875 0.0226   0.687      0.1094       0.1656      -0.5146     0.000                      -1.2883              False             0.1053              -0.1853
   30685      80     0    False     224          328    0.2330     0.2503    -0.0743 -0.0713 0.0249   0.518      0.1094       0.1683      -0.5392     0.000                      -0.7864              False             0.1053              -0.1795
   30685      80     0    False     224          328    0.2330     0.1969     0.1550  0.0233 0.0506   0.000      0.1094       0.1097      -0.0031     0.929                       1.2140               True             0.0642               0.0908
   30701      20     0    False     361           96    0.4059     0.3070     0.2435  0.0360 0.1877   0.000      0.2669       0.2200       0.1756     0.156                       1.0796               True             0.3138              -0.0703
   30701       5     0    False     361           40    0.4059     0.3047     0.2492  0.0476 0.1873   0.000      0.2669       0.2290       0.1421     0.238                       1.3232               True             0.3138              -0.0646
   30701      80     0    False     361          392    0.4059     0.2882     0.2899  0.0526 0.2074   0.000      0.2669       0.2123       0.2045     0.069                       1.0367               True             0.3138              -0.0239
   30701      80     0    False     361          392    0.4059     0.2788     0.3131  0.0717 0.2146   0.000      0.2669       0.2042       0.2351     0.000                       1.0449               True             0.2637               0.0494
   30718      20     0    False     296           72    0.1995     0.1823     0.0859 -0.0163 0.0790   0.696      0.1404       0.1431      -0.0187     0.734                       2.9683               True             0.1828              -0.0969
   30718       5     0    False     296           16    0.1995     0.2051    -0.0282 -0.0224 0.0052   0.576      0.1404       0.1500      -0.0678     0.138                       0.4032              False             0.1828              -0.2110
   30718      80     0    False     296          304    0.1995     0.1785     0.1050 -0.0293 0.0870   0.509      0.1404       0.1423      -0.0136     0.903                       2.2121               True             0.1828              -0.0778
   30718      80     0    False     296          304    0.1995     0.1735     0.1305 -0.0095 0.0903   0.367      0.1404       0.1408      -0.0026     0.898                       2.4460               True             0.0919               0.0387
   30752      20     0    False     179           88    0.1956     0.1847     0.0556 -0.0012 0.0243   0.083      0.1353       0.1417      -0.0474     0.215                       2.8409               True             0.1288              -0.0732
   30752       5     0    False     179           24    0.1956     0.2484    -0.2702 -0.1376 0.0022   0.077      0.1353       0.1933      -0.4288     0.010                       0.7477               True             0.1288              -0.3990
   30752      80     0    False     179          416    0.1956     0.1600     0.1818  0.0183 0.0557   0.000      0.1353       0.1240       0.0839     0.046                       1.1528               True             0.1288               0.0530
   30752      80     0    False     179          416    0.1956     0.2072    -0.0593 -0.1306 0.0499   0.840      0.1353       0.1689      -0.2482     0.764                       0.7234               True             0.1162              -0.1755
   30777      20     0    False     268           88    0.2237     0.1850     0.1732  0.0069 0.0999   0.000      0.1535       0.1411       0.0812     0.748                       1.4511               True             0.2246              -0.0514
   30777       5     0    False     268           24    0.2237     0.2009     0.1022 -0.0191 0.0880   0.405      0.1535       0.1553      -0.0111     0.860                       1.9572               True             0.2246              -0.1224
   30777      80     0    False     268          336    0.2237     0.1820     0.1863  0.0067 0.1074   0.002      0.1535       0.1383       0.0995     0.733                       1.3842               True             0.2246              -0.0383
   30777      80     0    False     268          336    0.2237     0.1803     0.1940  0.0102 0.1066   0.000      0.1535       0.1386       0.0971     0.731                       1.3465               True             0.2164              -0.0224
   30813      20     0    False     287          104    0.1607     0.1411     0.1219 -0.0088 0.0703   0.460      0.1194       0.1191       0.0025     0.932                       2.2500               True            -0.2253               0.3472
   30813       5     0    False     287           24    0.1607     0.1506     0.0628 -0.0550 0.0727   0.706      0.1194       0.1233      -0.0323     0.804                       1.4118               True            -0.2253               0.2881
   30813      80     0    False     287          320    0.1607     0.1755    -0.0923 -0.0449 0.0369   0.481      0.1194       0.1599      -0.3391     0.120                      -3.6500              False            -0.2253               0.1330
   30813      80     0    False     287          320    0.1607     0.1657    -0.0314 -0.0349 0.0460   0.670      0.1194       0.1472      -0.2323     0.217                      -5.0000              False             0.0120              -0.0434
   30831      20     0    False     223           88    0.2736     0.2410     0.1190  0.0136 0.0520   0.001      0.1452       0.1691      -0.1645     0.000                       2.1734               True             0.1499              -0.0309
   30831       5     0    False     223           16    0.2736     0.2531     0.0750  0.0009 0.0415   0.042      0.1452       0.1902      -0.3096     0.000                       3.7982               True             0.1499              -0.0750
   30831      80     0    False     223          376    0.2736     0.2265     0.1719  0.0274 0.0682   0.000      0.1452       0.1481      -0.0194     0.690                       1.2920               True             0.1499               0.0220
   30831      80     0    False     223          376    0.2736     0.2258     0.1747  0.0274 0.0700   0.000      0.1452       0.1490      -0.0259     0.558                       1.3701               True             0.1362               0.0385
   30843      20     0    False     238          120    0.3231     0.2919     0.0965  0.0175 0.0449   0.000      0.2102       0.2102       0.0000     1.000                       1.4183               True             0.0852               0.0114
   30843       5     0    False     238           40    0.3231     0.2911     0.0991  0.0186 0.0456   0.000      0.2102       0.2192      -0.0427     0.144                       1.5287               True             0.0852               0.0139
   30843      80     0    False     238          400    0.3231     0.2699     0.1647  0.0385 0.0702   0.000      0.2102       0.2004       0.0466     0.136                       1.1264               True             0.0852               0.0795
   30843      80     0    False     238          400    0.3231     0.2718     0.1590  0.0375 0.0661   0.000      0.2102       0.1912       0.0902     0.002                       0.8889               True             0.0997               0.0593
   30859      20     0    False     317           64    0.2538     0.2423     0.0455 -0.0009 0.0253   0.076      0.1735       0.1849      -0.0657     0.018                       3.1585               True             0.1048              -0.0593
   30859       5     0    False     317           16    0.2538     0.2504     0.0133 -0.0044 0.0122   0.435      0.1735       0.1822      -0.0503     0.016                       5.0000               True             0.1048              -0.0915
   30859      80     0    False     317          344    0.2538     0.2281     0.1014  0.0125 0.0396   0.000      0.1735       0.1742      -0.0041     0.910                       1.6831               True             0.1048              -0.0033
   30859      80     0    False     317          344    0.2538     0.2248     0.1142  0.0171 0.0422   0.000      0.1735       0.1663       0.0414     0.079                       1.2184               True             0.1170              -0.0028
   30868      20     0    False     202          120    0.2211     0.2293    -0.0368 -0.0612 0.0692   0.724      0.1693       0.2049      -0.2103     0.283                      -5.0000              False             0.1596              -0.1964
   30868       5     0    False     202           24    0.2211     0.2106     0.0479 -0.0285 0.0819   0.789      0.1693       0.1783      -0.0535     0.606                       4.9420               True             0.1596              -0.1117
   30868      80     0    False     202          392    0.2211     0.1782     0.1943  0.0051 0.1177   0.010      0.1693       0.1464       0.1351     0.642                       1.3750               True             0.1596               0.0347
   30868      80     0    False     202          392    0.2211     0.1851     0.1631 -0.0005 0.1072   0.064      0.1693       0.1504       0.1115     0.717                       1.6043               True             0.1430               0.0201
   23558      80     0     True     341          384    0.4420     0.3224     0.2706  0.0720 0.2004   0.000      0.2947       0.2328       0.2100     0.000                       1.1364               True             0.2706               0.0000
   30685      80     0     True     224          384    0.2330     0.2085     0.1053  0.0120 0.0386   0.000      0.1094       0.1194      -0.0922     0.028                       1.6644               True             0.1053               0.0000
   30752      80     0     True     179          384    0.1956     0.1704     0.1288  0.0095 0.0422   0.000      0.1353       0.1331       0.0164     0.723                       1.5980               True             0.1288               0.0000
   30777      80     0     True     268          384    0.2237     0.1735     0.2246  0.0193 0.1143   0.000      0.1535       0.1268       0.1744     0.270                       1.0803               True             0.2246               0.0000
   30831      80     0     True     223          384    0.2736     0.2325     0.1499  0.0225 0.0604   0.000      0.1452       0.1501      -0.0337     0.422                       1.4312               True             0.1499               0.0000
   30859      80     0     True     317          384    0.2538     0.2272     0.1048  0.0125 0.0419   0.000      0.1735       0.1777      -0.0243     0.446                       1.7989               True             0.1048               0.0000
   23558      80     0     True     341          384    0.4420     0.3142     0.2891  0.0795 0.2120   0.000      0.2947       0.2285       0.2246     0.000                       1.0801               True             0.2891               0.0000
   30685      80     0     True     224          384    0.2330     0.2180     0.0642  0.0025 0.0278   0.021      0.1094       0.1203      -0.0998     0.020                       2.0337               True             0.0642               0.0000
   30752      80     0     True     179          384    0.1956     0.1728     0.1162  0.0086 0.0389   0.000      0.1353       0.1316       0.0274     0.547                       1.4891               True             0.1162               0.0000
   30777      80     0     True     268          384    0.2237     0.1753     0.2164  0.0164 0.1135   0.000      0.1535       0.1252       0.1847     0.164                       1.0455               True             0.2164               0.0000
   30831      80     0     True     223          384    0.2736     0.2363     0.1362  0.0201 0.0571   0.000      0.1452       0.1439       0.0091     0.808                       1.2727               True             0.1362               0.0000
   30859      80     0     True     317          384    0.2538     0.2241     0.1170  0.0189 0.0422   0.000      0.1735       0.1669       0.0381     0.090                       1.2512               True             0.1170               0.0000
   30701      80     0     True     361          368    0.4059     0.2785     0.3138  0.0728 0.2150   0.000      0.2669       0.2146       0.1958     0.005                       1.1973               True             0.3138               0.0000
   30718      80     0     True     296          368    0.1995     0.1630     0.1828 -0.0001 0.1017   0.051      0.1404       0.1318       0.0614     0.763                       1.8831               True             0.1828               0.0000
   30813      80     0     True     287          368    0.1607     0.1969    -0.2253 -0.1145 0.0323   0.301      0.1194       0.1835      -0.5366     0.058                      -0.7828              False            -0.2253               0.0000
   30843      80     0     True     238          368    0.3231     0.2956     0.0852  0.0053 0.0486   0.018      0.2102       0.2330      -0.1086     0.015                       2.4815               True             0.0852               0.0000
   30868      80     0     True     202          368    0.2211     0.1859     0.1596 -0.0027 0.1063   0.107      0.1693       0.1598       0.0562     0.786                       1.9652               True             0.1596               0.0000
   30701      80     0     True     361          368    0.4059     0.2988     0.2637  0.0448 0.1966   0.000      0.2669       0.2325       0.1288     0.337                       1.4179               True             0.2637               0.0000
   30718      80     0     True     296          368    0.1995     0.1812     0.0919  0.0072 0.0301   0.003      0.1404       0.1440      -0.0252     0.436                       2.2129               True             0.0919               0.0000
   30813      80     0     True     287          368    0.1607     0.1587     0.0120 -0.0276 0.0516   0.989      0.1194       0.1430      -0.1975     0.293                       5.0000               True             0.0120               0.0000
   30843      80     0     True     238          368    0.3231     0.2909     0.0997  0.0172 0.0485   0.001      0.2102       0.2224      -0.0582     0.057                       1.8291               True             0.0997               0.0000
   30868      80     0     True     202          368    0.2211     0.1895     0.1430 -0.0055 0.1035   0.238      0.1693       0.1558       0.0798     0.745                       1.8689               True             0.1430               0.0000
[Sun Sep 20 13:53:47 UTC 2026] follow-up 1 exit 0; starting follow-up 2 (lr 1e-4, 3e-4)
22 cells over 11 speakers; test 603 min, train 915 min available; then the cross-speaker control in 2 fold(s) at 80 min
s23558_armB_both_lora_b80_r8_lr0.0001_seed0: 511 train chunks (80.0 min), 126 dev
trainable params: 3,932,160 || all params: 1,547,422,720 || trainable%: 0.2541
precision: bf16, base weights torch.bfloat16, grad checkpointing False, lr 0.0001, method lora
{'loss': '0.7338', 'grad_norm': '0.1719', 'learning_rate': '1.731e-05', 'epoch': '0.1562'}
{'loss': '0.5523', 'grad_norm': '0.1691', 'learning_rate': '3.654e-05', 'epoch': '0.3125'}
{'loss': '0.5219', 'grad_norm': '0.1532', 'learning_rate': '5.577e-05', 'epoch': '0.4688'}
{'loss': '0.5572', 'grad_norm': '0.256', 'learning_rate': '7.5e-05', 'epoch': '0.625'}
{'loss': '0.5837', 'grad_norm': '0.208', 'learning_rate': '9.423e-05', 'epoch': '0.7812'}
{'loss': '0.4985', 'grad_norm': '0.2737', 'learning_rate': '9.848e-05', 'epoch': '0.9375'}
{'eval_loss': '0.5776', 'eval_runtime': '4.024', 'eval_samples_per_second': '31.31', 'eval_steps_per_second': '1.988', 'epoch': '1'}
{'loss': '0.4284', 'grad_norm': '0.3124', 'learning_rate': '9.63e-05', 'epoch': '1.094'}
{'loss': '0.4111', 'grad_norm': '0.4091', 'learning_rate': '9.413e-05', 'epoch': '1.25'}
{'loss': '0.396', 'grad_norm': '0.3624', 'learning_rate': '9.196e-05', 'epoch': '1.406'}
{'loss': '0.3312', 'grad_norm': '0.4828', 'learning_rate': '8.978e-05', 'epoch': '1.562'}
{'loss': '0.3548', 'grad_norm': '0.2439', 'learning_rate': '8.761e-05', 'epoch': '1.719'}
{'loss': '0.3409', 'grad_norm': '0.3315', 'learning_rate': '8.543e-05', 'epoch': '1.875'}
{'eval_loss': '0.4524', 'eval_runtime': '3.501', 'eval_samples_per_second': '35.99', 'eval_steps_per_second': '2.285', 'epoch': '2'}
{'loss': '0.3163', 'grad_norm': '0.4344', 'learning_rate': '8.326e-05', 'epoch': '2.031'}
{'loss': '0.2946', 'grad_norm': '0.3104', 'learning_rate': '8.109e-05', 'epoch': '2.188'}
{'loss': '0.3194', 'grad_norm': '0.3329', 'learning_rate': '7.891e-05', 'epoch': '2.344'}
{'loss': '0.2849', 'grad_norm': '0.2467', 'learning_rate': '7.674e-05', 'epoch': '2.5'}
{'loss': '0.2898', 'grad_norm': '0.4536', 'learning_rate': '7.457e-05', 'epoch': '2.656'}
{'loss': '0.2931', 'grad_norm': '0.478', 'learning_rate': '7.239e-05', 'epoch': '2.812'}
{'loss': '0.3291', 'grad_norm': '0.379', 'learning_rate': '7.022e-05', 'epoch': '2.969'}
{'eval_loss': '0.4406', 'eval_runtime': '3.496', 'eval_samples_per_second': '36.04', 'eval_steps_per_second': '2.288', 'epoch': '3'}
{'loss': '0.2998', 'grad_norm': '0.3923', 'learning_rate': '6.804e-05', 'epoch': '3.125'}
{'loss': '0.2389', 'grad_norm': '0.2231', 'learning_rate': '6.587e-05', 'epoch': '3.281'}
{'loss': '0.2867', 'grad_norm': '0.3759', 'learning_rate': '6.37e-05', 'epoch': '3.438'}
{'loss': '0.2872', 'grad_norm': '0.4549', 'learning_rate': '6.152e-05', 'epoch': '3.594'}
{'loss': '0.2588', 'grad_norm': '0.3042', 'learning_rate': '5.935e-05', 'epoch': '3.75'}
{'loss': '0.2739', 'grad_norm': '0.3483', 'learning_rate': '5.717e-05', 'epoch': '3.906'}
{'eval_loss': '0.4427', 'eval_runtime': '3.508', 'eval_samples_per_second': '35.92', 'eval_steps_per_second': '2.28', 'epoch': '4'}
{'loss': '0.2554', 'grad_norm': '0.3293', 'learning_rate': '5.5e-05', 'epoch': '4.062'}
{'loss': '0.2487', 'grad_norm': '0.4009', 'learning_rate': '5.283e-05', 'epoch': '4.219'}
{'loss': '0.2523', 'grad_norm': '0.4689', 'learning_rate': '5.065e-05', 'epoch': '4.375'}
{'loss': '0.2467', 'grad_norm': '0.4962', 'learning_rate': '4.848e-05', 'epoch': '4.531'}
{'loss': '0.2465', 'grad_norm': '0.5543', 'learning_rate': '4.63e-05', 'epoch': '4.688'}
{'loss': '0.2475', 'grad_norm': '0.4066', 'learning_rate': '4.413e-05', 'epoch': '4.844'}
{'loss': '0.2454', 'grad_norm': '0.4652', 'learning_rate': '4.196e-05', 'epoch': '5'}
{'eval_loss': '0.4552', 'eval_runtime': '3.506', 'eval_samples_per_second': '35.94', 'eval_steps_per_second': '2.282', 'epoch': '5'}
{'loss': '0.2279', 'grad_norm': '0.3905', 'learning_rate': '3.978e-05', 'epoch': '5.156'}
{'loss': '0.2185', 'grad_norm': '0.3356', 'learning_rate': '3.761e-05', 'epoch': '5.312'}
{'loss': '0.2076', 'grad_norm': '0.5542', 'learning_rate': '3.543e-05', 'epoch': '5.469'}
{'loss': '0.2381', 'grad_norm': '0.4788', 'learning_rate': '3.326e-05', 'epoch': '5.625'}
{'loss': '0.2403', 'grad_norm': '0.4352', 'learning_rate': '3.109e-05', 'epoch': '5.781'}
{'loss': '0.2449', 'grad_norm': '0.4846', 'learning_rate': '2.891e-05', 'epoch': '5.938'}
{'eval_loss': '0.4674', 'eval_runtime': '3.516', 'eval_samples_per_second': '35.83', 'eval_steps_per_second': '2.275', 'epoch': '6'}
{'loss': '0.2051', 'grad_norm': '0.4456', 'learning_rate': '2.674e-05', 'epoch': '6.094'}
{'loss': '0.2096', 'grad_norm': '0.4883', 'learning_rate': '2.457e-05', 'epoch': '6.25'}
{'loss': '0.2266', 'grad_norm': '0.4145', 'learning_rate': '2.239e-05', 'epoch': '6.406'}
{'loss': '0.2053', 'grad_norm': '0.6335', 'learning_rate': '2.022e-05', 'epoch': '6.562'}
{'loss': '0.1922', 'grad_norm': '0.5419', 'learning_rate': '1.804e-05', 'epoch': '6.719'}
{'loss': '0.2195', 'grad_norm': '0.5038', 'learning_rate': '1.587e-05', 'epoch': '6.875'}
{'eval_loss': '0.4785', 'eval_runtime': '3.494', 'eval_samples_per_second': '36.06', 'eval_steps_per_second': '2.29', 'epoch': '7'}
{'loss': '0.2198', 'grad_norm': '0.601', 'learning_rate': '1.37e-05', 'epoch': '7.031'}
{'loss': '0.2365', 'grad_norm': '0.5149', 'learning_rate': '1.152e-05', 'epoch': '7.188'}
{'loss': '0.2072', 'grad_norm': '0.6963', 'learning_rate': '9.348e-06', 'epoch': '7.344'}
{'loss': '0.1941', 'grad_norm': '0.6498', 'learning_rate': '7.174e-06', 'epoch': '7.5'}
{'loss': '0.1776', 'grad_norm': '0.6', 'learning_rate': '5e-06', 'epoch': '7.656'}
{'loss': '0.1733', 'grad_norm': '0.4488', 'learning_rate': '2.826e-06', 'epoch': '7.812'}
{'loss': '0.2008', 'grad_norm': '0.4665', 'learning_rate': '6.522e-07', 'epoch': '7.969'}
{'eval_loss': '0.4818', 'eval_runtime': '3.567', 'eval_samples_per_second': '35.33', 'eval_steps_per_second': '2.243', 'epoch': '8'}
{'train_runtime': '325.5', 'train_samples_per_second': '12.56', 'train_steps_per_second': '1.573', 'train_loss': '0.2993', 'epoch': '8'}
s23558_armB_both_lora_b80_r8_lr0.0001_seed0: WER 0.4420 -> 0.2799 (+36.7%, p 0.000); forgiven 0.2947 -> 0.2101 (+28.7%, p 0.000) in 6.3 min train 333s base 0s other_arm 0s load_tuned 7s transcribe_tuned 36s score 0s
s23558_armB_both_lora_b80_r8_lr0.0003_seed0: 511 train chunks (80.0 min), 126 dev
trainable params: 3,932,160 || all params: 1,547,422,720 || trainable%: 0.2541
precision: bf16, base weights torch.bfloat16, grad checkpointing False, lr 0.0003, method lora
{'loss': '0.7332', 'grad_norm': '0.1802', 'learning_rate': '5.192e-05', 'epoch': '0.1562'}
{'loss': '0.5462', 'grad_norm': '0.1902', 'learning_rate': '0.0001096', 'epoch': '0.3125'}
{'loss': '0.4908', 'grad_norm': '0.1713', 'learning_rate': '0.0001673', 'epoch': '0.4688'}
{'loss': '0.4728', 'grad_norm': '0.341', 'learning_rate': '0.000225', 'epoch': '0.625'}
{'loss': '0.4443', 'grad_norm': '0.3647', 'learning_rate': '0.0002827', 'epoch': '0.7812'}
{'loss': '0.3787', 'grad_norm': '0.3005', 'learning_rate': '0.0002954', 'epoch': '0.9375'}
{'eval_loss': '0.4612', 'eval_runtime': '4.189', 'eval_samples_per_second': '30.07', 'eval_steps_per_second': '1.91', 'epoch': '1'}
{'loss': '0.3029', 'grad_norm': '0.2765', 'learning_rate': '0.0002889', 'epoch': '1.094'}
{'loss': '0.3091', 'grad_norm': '0.4437', 'learning_rate': '0.0002824', 'epoch': '1.25'}
{'loss': '0.3226', 'grad_norm': '0.3751', 'learning_rate': '0.0002759', 'epoch': '1.406'}
{'loss': '0.2794', 'grad_norm': '0.3876', 'learning_rate': '0.0002693', 'epoch': '1.562'}
{'loss': '0.309', 'grad_norm': '0.2594', 'learning_rate': '0.0002628', 'epoch': '1.719'}
{'loss': '0.2987', 'grad_norm': '0.3159', 'learning_rate': '0.0002563', 'epoch': '1.875'}
{'eval_loss': '0.436', 'eval_runtime': '3.533', 'eval_samples_per_second': '35.67', 'eval_steps_per_second': '2.265', 'epoch': '2'}
{'loss': '0.2792', 'grad_norm': '0.4641', 'learning_rate': '0.0002498', 'epoch': '2.031'}
{'loss': '0.2296', 'grad_norm': '0.2989', 'learning_rate': '0.0002433', 'epoch': '2.188'}
{'loss': '0.2509', 'grad_norm': '0.3572', 'learning_rate': '0.0002367', 'epoch': '2.344'}
{'loss': '0.2203', 'grad_norm': '0.2339', 'learning_rate': '0.0002302', 'epoch': '2.5'}
{'loss': '0.2333', 'grad_norm': '0.5445', 'learning_rate': '0.0002237', 'epoch': '2.656'}
{'loss': '0.2305', 'grad_norm': '0.5723', 'learning_rate': '0.0002172', 'epoch': '2.812'}
{'loss': '0.2579', 'grad_norm': '0.3642', 'learning_rate': '0.0002107', 'epoch': '2.969'}
{'eval_loss': '0.458', 'eval_runtime': '3.505', 'eval_samples_per_second': '35.95', 'eval_steps_per_second': '2.283', 'epoch': '3'}
{'loss': '0.2085', 'grad_norm': '0.3093', 'learning_rate': '0.0002041', 'epoch': '3.125'}
{'loss': '0.1587', 'grad_norm': '0.2406', 'learning_rate': '0.0001976', 'epoch': '3.281'}
{'loss': '0.1958', 'grad_norm': '0.4165', 'learning_rate': '0.0001911', 'epoch': '3.438'}
{'loss': '0.1934', 'grad_norm': '0.4798', 'learning_rate': '0.0001846', 'epoch': '3.594'}
{'loss': '0.1724', 'grad_norm': '0.3505', 'learning_rate': '0.000178', 'epoch': '3.75'}
{'loss': '0.1881', 'grad_norm': '0.3583', 'learning_rate': '0.0001715', 'epoch': '3.906'}
{'eval_loss': '0.4843', 'eval_runtime': '3.546', 'eval_samples_per_second': '35.53', 'eval_steps_per_second': '2.256', 'epoch': '4'}
{'loss': '0.162', 'grad_norm': '0.3123', 'learning_rate': '0.000165', 'epoch': '4.062'}
{'loss': '0.1336', 'grad_norm': '0.4582', 'learning_rate': '0.0001585', 'epoch': '4.219'}
{'loss': '0.1386', 'grad_norm': '0.5355', 'learning_rate': '0.000152', 'epoch': '4.375'}
{'loss': '0.1362', 'grad_norm': '0.6176', 'learning_rate': '0.0001454', 'epoch': '4.531'}
{'loss': '0.1348', 'grad_norm': '0.4894', 'learning_rate': '0.0001389', 'epoch': '4.688'}
{'loss': '0.1334', 'grad_norm': '0.3763', 'learning_rate': '0.0001324', 'epoch': '4.844'}
{'loss': '0.1387', 'grad_norm': '0.3316', 'learning_rate': '0.0001259', 'epoch': '5'}
{'eval_loss': '0.5342', 'eval_runtime': '3.584', 'eval_samples_per_second': '35.16', 'eval_steps_per_second': '2.232', 'epoch': '5'}
{'loss': '0.08906', 'grad_norm': '0.3243', 'learning_rate': '0.0001193', 'epoch': '5.156'}
{'loss': '0.09103', 'grad_norm': '0.321', 'learning_rate': '0.0001128', 'epoch': '5.312'}
{'loss': '0.08963', 'grad_norm': '0.3659', 'learning_rate': '0.0001063', 'epoch': '5.469'}
{'loss': '0.1127', 'grad_norm': '0.3592', 'learning_rate': '9.978e-05', 'epoch': '5.625'}
{'loss': '0.111', 'grad_norm': '0.3831', 'learning_rate': '9.326e-05', 'epoch': '5.781'}
{'loss': '0.1116', 'grad_norm': '0.552', 'learning_rate': '8.674e-05', 'epoch': '5.938'}
{'eval_loss': '0.5694', 'eval_runtime': '3.526', 'eval_samples_per_second': '35.73', 'eval_steps_per_second': '2.269', 'epoch': '6'}
{'loss': '0.08022', 'grad_norm': '0.354', 'learning_rate': '8.022e-05', 'epoch': '6.094'}
{'loss': '0.06873', 'grad_norm': '0.3518', 'learning_rate': '7.37e-05', 'epoch': '6.25'}
{'loss': '0.08428', 'grad_norm': '0.3934', 'learning_rate': '6.717e-05', 'epoch': '6.406'}
{'loss': '0.06277', 'grad_norm': '0.5322', 'learning_rate': '6.065e-05', 'epoch': '6.562'}
{'loss': '0.06962', 'grad_norm': '0.4326', 'learning_rate': '5.413e-05', 'epoch': '6.719'}
{'loss': '0.07274', 'grad_norm': '0.5342', 'learning_rate': '4.761e-05', 'epoch': '6.875'}
{'eval_loss': '0.6149', 'eval_runtime': '3.515', 'eval_samples_per_second': '35.85', 'eval_steps_per_second': '2.276', 'epoch': '7'}
{'loss': '0.07146', 'grad_norm': '0.3898', 'learning_rate': '4.109e-05', 'epoch': '7.031'}
{'loss': '0.07022', 'grad_norm': '0.4078', 'learning_rate': '3.457e-05', 'epoch': '7.188'}
{'loss': '0.05418', 'grad_norm': '0.6222', 'learning_rate': '2.804e-05', 'epoch': '7.344'}
{'loss': '0.04552', 'grad_norm': '0.2412', 'learning_rate': '2.152e-05', 'epoch': '7.5'}
{'loss': '0.04355', 'grad_norm': '0.4934', 'learning_rate': '1.5e-05', 'epoch': '7.656'}
{'loss': '0.0572', 'grad_norm': '0.4536', 'learning_rate': '8.478e-06', 'epoch': '7.812'}
{'loss': '0.06053', 'grad_norm': '0.6235', 'learning_rate': '1.957e-06', 'epoch': '7.969'}
{'eval_loss': '0.6461', 'eval_runtime': '3.55', 'eval_samples_per_second': '35.49', 'eval_steps_per_second': '2.253', 'epoch': '8'}
{'train_runtime': '324.8', 'train_samples_per_second': '12.59', 'train_steps_per_second': '1.576', 'train_loss': '0.1981', 'epoch': '8'}
s23558_armB_both_lora_b80_r8_lr0.0003_seed0: WER 0.4420 -> 0.2847 (+35.6%, p 0.000); forgiven 0.2947 -> 0.2077 (+29.5%, p 0.000) in 6.5 min train 333s base 0s other_arm 0s load_tuned 6s transcribe_tuned 52s score 0s
s30685_armB_both_lora_b80_r8_lr0.0001_seed0: 328 train chunks (79.8 min), 105 dev
trainable params: 3,932,160 || all params: 1,547,422,720 || trainable%: 0.2541
precision: bf16, base weights torch.bfloat16, grad checkpointing False, lr 0.0001, method lora
{'loss': '0.4854', 'grad_norm': '0.1494', 'learning_rate': '2.727e-05', 'epoch': '0.2439'}
{'loss': '0.4589', 'grad_norm': '0.1346', 'learning_rate': '5.758e-05', 'epoch': '0.4878'}
{'loss': '0.4234', 'grad_norm': '0.142', 'learning_rate': '8.788e-05', 'epoch': '0.7317'}
{'loss': '0.4234', 'grad_norm': '0.1925', 'learning_rate': '9.797e-05', 'epoch': '0.9756'}
{'eval_loss': '0.4788', 'eval_runtime': '3.902', 'eval_samples_per_second': '26.91', 'eval_steps_per_second': '1.794', 'epoch': '1'}
{'loss': '0.3979', 'grad_norm': '0.218', 'learning_rate': '9.458e-05', 'epoch': '1.22'}
{'loss': '0.3493', 'grad_norm': '0.1768', 'learning_rate': '9.119e-05', 'epoch': '1.463'}
{'loss': '0.3456', 'grad_norm': '0.1799', 'learning_rate': '8.78e-05', 'epoch': '1.707'}
{'loss': '0.3265', 'grad_norm': '0.2053', 'learning_rate': '8.441e-05', 'epoch': '1.951'}
{'eval_loss': '0.3689', 'eval_runtime': '3.045', 'eval_samples_per_second': '34.48', 'eval_steps_per_second': '2.299', 'epoch': '2'}
{'loss': '0.2771', 'grad_norm': '0.1634', 'learning_rate': '8.102e-05', 'epoch': '2.195'}
{'loss': '0.2662', 'grad_norm': '0.2535', 'learning_rate': '7.763e-05', 'epoch': '2.439'}
{'loss': '0.2273', 'grad_norm': '0.2437', 'learning_rate': '7.424e-05', 'epoch': '2.683'}
{'loss': '0.2941', 'grad_norm': '0.3571', 'learning_rate': '7.085e-05', 'epoch': '2.927'}
{'eval_loss': '0.3317', 'eval_runtime': '3.042', 'eval_samples_per_second': '34.52', 'eval_steps_per_second': '2.301', 'epoch': '3'}
{'loss': '0.2439', 'grad_norm': '0.1756', 'learning_rate': '6.746e-05', 'epoch': '3.171'}
{'loss': '0.2246', 'grad_norm': '0.2287', 'learning_rate': '6.407e-05', 'epoch': '3.415'}
{'loss': '0.2494', 'grad_norm': '0.3178', 'learning_rate': '6.068e-05', 'epoch': '3.659'}
{'loss': '0.2251', 'grad_norm': '0.2085', 'learning_rate': '5.729e-05', 'epoch': '3.902'}
{'eval_loss': '0.3238', 'eval_runtime': '3.04', 'eval_samples_per_second': '34.54', 'eval_steps_per_second': '2.303', 'epoch': '4'}
{'loss': '0.2556', 'grad_norm': '0.2302', 'learning_rate': '5.39e-05', 'epoch': '4.146'}
{'loss': '0.2167', 'grad_norm': '0.3148', 'learning_rate': '5.051e-05', 'epoch': '4.39'}
{'loss': '0.2301', 'grad_norm': '0.2832', 'learning_rate': '4.712e-05', 'epoch': '4.634'}
{'loss': '0.213', 'grad_norm': '0.3269', 'learning_rate': '4.373e-05', 'epoch': '4.878'}
{'eval_loss': '0.3217', 'eval_runtime': '3.07', 'eval_samples_per_second': '34.21', 'eval_steps_per_second': '2.281', 'epoch': '5'}
{'loss': '0.1691', 'grad_norm': '0.2642', 'learning_rate': '4.034e-05', 'epoch': '5.122'}
{'loss': '0.229', 'grad_norm': '0.2753', 'learning_rate': '3.695e-05', 'epoch': '5.366'}
{'loss': '0.1914', 'grad_norm': '0.4676', 'learning_rate': '3.356e-05', 'epoch': '5.61'}
{'loss': '0.1936', 'grad_norm': '0.2917', 'learning_rate': '3.017e-05', 'epoch': '5.854'}
{'eval_loss': '0.3241', 'eval_runtime': '3.091', 'eval_samples_per_second': '33.97', 'eval_steps_per_second': '2.264', 'epoch': '6'}
{'loss': '0.177', 'grad_norm': '0.2931', 'learning_rate': '2.678e-05', 'epoch': '6.098'}
{'loss': '0.1993', 'grad_norm': '0.3144', 'learning_rate': '2.339e-05', 'epoch': '6.341'}
{'loss': '0.2088', 'grad_norm': '0.3149', 'learning_rate': '2e-05', 'epoch': '6.585'}
{'loss': '0.1706', 'grad_norm': '0.3299', 'learning_rate': '1.661e-05', 'epoch': '6.829'}
{'eval_loss': '0.3276', 'eval_runtime': '3.095', 'eval_samples_per_second': '33.92', 'eval_steps_per_second': '2.262', 'epoch': '7'}
{'loss': '0.1799', 'grad_norm': '0.236', 'learning_rate': '1.322e-05', 'epoch': '7.073'}
{'loss': '0.2017', 'grad_norm': '0.4875', 'learning_rate': '9.831e-06', 'epoch': '7.317'}
{'loss': '0.1936', 'grad_norm': '0.4401', 'learning_rate': '6.441e-06', 'epoch': '7.561'}
{'loss': '0.1617', 'grad_norm': '0.2601', 'learning_rate': '3.051e-06', 'epoch': '7.805'}
{'eval_loss': '0.3287', 'eval_runtime': '3.102', 'eval_samples_per_second': '33.85', 'eval_steps_per_second': '2.257', 'epoch': '8'}
{'train_runtime': '221.5', 'train_samples_per_second': '11.85', 'train_steps_per_second': '1.481', 'train_loss': '0.2607', 'epoch': '8'}
s30685_armB_both_lora_b80_r8_lr0.0001_seed0: WER 0.2330 -> 0.1955 (+16.1%, p 0.000); forgiven 0.1094 -> 0.1162 (-6.3%, p 0.164) in 4.4 min train 229s base 0s other_arm 0s load_tuned 8s transcribe_tuned 28s score 0s
s30685_armB_both_lora_b80_r8_lr0.0003_seed0: 328 train chunks (79.8 min), 105 dev
trainable params: 3,932,160 || all params: 1,547,422,720 || trainable%: 0.2541
precision: bf16, base weights torch.bfloat16, grad checkpointing False, lr 0.0003, method lora
{'loss': '0.4846', 'grad_norm': '0.1548', 'learning_rate': '8.182e-05', 'epoch': '0.2439'}
{'loss': '0.4464', 'grad_norm': '0.1585', 'learning_rate': '0.0001727', 'epoch': '0.4878'}
{'loss': '0.3821', 'grad_norm': '0.1549', 'learning_rate': '0.0002636', 'epoch': '0.7317'}
{'loss': '0.3554', 'grad_norm': '0.2309', 'learning_rate': '0.0002939', 'epoch': '0.9756'}
{'eval_loss': '0.3762', 'eval_runtime': '3.863', 'eval_samples_per_second': '27.18', 'eval_steps_per_second': '1.812', 'epoch': '1'}
{'loss': '0.2912', 'grad_norm': '0.2491', 'learning_rate': '0.0002837', 'epoch': '1.22'}
{'loss': '0.243', 'grad_norm': '0.2184', 'learning_rate': '0.0002736', 'epoch': '1.463'}
{'loss': '0.2582', 'grad_norm': '0.205', 'learning_rate': '0.0002634', 'epoch': '1.707'}
{'loss': '0.2609', 'grad_norm': '0.2209', 'learning_rate': '0.0002532', 'epoch': '1.951'}
{'eval_loss': '0.3224', 'eval_runtime': '3.091', 'eval_samples_per_second': '33.97', 'eval_steps_per_second': '2.265', 'epoch': '2'}
{'loss': '0.1989', 'grad_norm': '0.1739', 'learning_rate': '0.0002431', 'epoch': '2.195'}
{'loss': '0.1855', 'grad_norm': '0.2776', 'learning_rate': '0.0002329', 'epoch': '2.439'}
{'loss': '0.1685', 'grad_norm': '0.3163', 'learning_rate': '0.0002227', 'epoch': '2.683'}
{'loss': '0.2331', 'grad_norm': '0.4651', 'learning_rate': '0.0002125', 'epoch': '2.927'}
{'eval_loss': '0.3302', 'eval_runtime': '3.088', 'eval_samples_per_second': '34', 'eval_steps_per_second': '2.267', 'epoch': '3'}
{'loss': '0.1664', 'grad_norm': '0.1627', 'learning_rate': '0.0002024', 'epoch': '3.171'}
{'loss': '0.1496', 'grad_norm': '0.2949', 'learning_rate': '0.0001922', 'epoch': '3.415'}
{'loss': '0.1618', 'grad_norm': '0.3922', 'learning_rate': '0.000182', 'epoch': '3.659'}
{'loss': '0.1453', 'grad_norm': '0.2885', 'learning_rate': '0.0001719', 'epoch': '3.902'}
{'eval_loss': '0.3567', 'eval_runtime': '3.094', 'eval_samples_per_second': '33.94', 'eval_steps_per_second': '2.262', 'epoch': '4'}
{'loss': '0.153', 'grad_norm': '0.2526', 'learning_rate': '0.0001617', 'epoch': '4.146'}
{'loss': '0.1181', 'grad_norm': '0.5056', 'learning_rate': '0.0001515', 'epoch': '4.39'}
{'loss': '0.1171', 'grad_norm': '0.3886', 'learning_rate': '0.0001414', 'epoch': '4.634'}
{'loss': '0.1116', 'grad_norm': '0.4437', 'learning_rate': '0.0001312', 'epoch': '4.878'}
{'eval_loss': '0.3855', 'eval_runtime': '3.076', 'eval_samples_per_second': '34.14', 'eval_steps_per_second': '2.276', 'epoch': '5'}
{'loss': '0.07482', 'grad_norm': '0.2611', 'learning_rate': '0.000121', 'epoch': '5.122'}
{'loss': '0.09832', 'grad_norm': '0.3423', 'learning_rate': '0.0001108', 'epoch': '5.366'}
{'loss': '0.08476', 'grad_norm': '0.5508', 'learning_rate': '0.0001007', 'epoch': '5.61'}
{'loss': '0.08434', 'grad_norm': '0.3737', 'learning_rate': '9.051e-05', 'epoch': '5.854'}
{'eval_loss': '0.4111', 'eval_runtime': '3.12', 'eval_samples_per_second': '33.65', 'eval_steps_per_second': '2.243', 'epoch': '6'}
{'loss': '0.07417', 'grad_norm': '0.2254', 'learning_rate': '8.034e-05', 'epoch': '6.098'}
{'loss': '0.06474', 'grad_norm': '0.4437', 'learning_rate': '7.017e-05', 'epoch': '6.341'}
{'loss': '0.07135', 'grad_norm': '0.4833', 'learning_rate': '6e-05', 'epoch': '6.585'}
{'loss': '0.05853', 'grad_norm': '0.3514', 'learning_rate': '4.983e-05', 'epoch': '6.829'}
{'eval_loss': '0.4462', 'eval_runtime': '3.082', 'eval_samples_per_second': '34.06', 'eval_steps_per_second': '2.271', 'epoch': '7'}
{'loss': '0.05907', 'grad_norm': '0.2453', 'learning_rate': '3.966e-05', 'epoch': '7.073'}
{'loss': '0.05953', 'grad_norm': '0.6305', 'learning_rate': '2.949e-05', 'epoch': '7.317'}
{'loss': '0.04883', 'grad_norm': '0.4474', 'learning_rate': '1.932e-05', 'epoch': '7.561'}
{'loss': '0.04543', 'grad_norm': '0.2842', 'learning_rate': '9.153e-06', 'epoch': '7.805'}
{'eval_loss': '0.4656', 'eval_runtime': '3.21', 'eval_samples_per_second': '32.71', 'eval_steps_per_second': '2.181', 'epoch': '8'}
{'train_runtime': '221.1', 'train_samples_per_second': '11.87', 'train_steps_per_second': '1.483', 'train_loss': '0.1676', 'epoch': '8'}
s30685_armB_both_lora_b80_r8_lr0.0003_seed0: WER 0.2330 -> 0.1992 (+14.5%, p 0.000); forgiven 0.1094 -> 0.1134 (-3.7%, p 0.356) in 4.5 min train 229s base 0s other_arm 0s load_tuned 6s transcribe_tuned 35s score 0s
s30701_armB_both_lora_b80_r8_lr0.0001_seed0: 385 train chunks (79.9 min), 88 dev
trainable params: 3,932,160 || all params: 1,547,422,720 || trainable%: 0.2541
precision: bf16, base weights torch.bfloat16, grad checkpointing False, lr 0.0001, method lora
{'loss': '0.5053', 'grad_norm': '0.1354', 'learning_rate': '2.25e-05', 'epoch': '0.2041'}
{'loss': '0.5021', 'grad_norm': '0.09943', 'learning_rate': '4.75e-05', 'epoch': '0.4082'}
{'loss': '0.53', 'grad_norm': '0.1735', 'learning_rate': '7.25e-05', 'epoch': '0.6122'}
{'loss': '0.4206', 'grad_norm': '0.1583', 'learning_rate': '9.75e-05', 'epoch': '0.8163'}
{'eval_loss': '0.4328', 'eval_runtime': '3.434', 'eval_samples_per_second': '25.63', 'eval_steps_per_second': '1.747', 'epoch': '1'}
{'loss': '0.4024', 'grad_norm': '0.2398', 'learning_rate': '9.744e-05', 'epoch': '1.02'}
{'loss': '0.3875', 'grad_norm': '0.1931', 'learning_rate': '9.46e-05', 'epoch': '1.224'}
{'loss': '0.4005', 'grad_norm': '0.2489', 'learning_rate': '9.176e-05', 'epoch': '1.429'}
{'loss': '0.3352', 'grad_norm': '0.2581', 'learning_rate': '8.892e-05', 'epoch': '1.633'}
{'loss': '0.3795', 'grad_norm': '0.3004', 'learning_rate': '8.608e-05', 'epoch': '1.837'}
{'eval_loss': '0.3117', 'eval_runtime': '2.642', 'eval_samples_per_second': '33.31', 'eval_steps_per_second': '2.271', 'epoch': '2'}
{'loss': '0.3422', 'grad_norm': '0.392', 'learning_rate': '8.324e-05', 'epoch': '2.041'}
{'loss': '0.2738', 'grad_norm': '0.2404', 'learning_rate': '8.04e-05', 'epoch': '2.245'}
{'loss': '0.3127', 'grad_norm': '0.339', 'learning_rate': '7.756e-05', 'epoch': '2.449'}
{'loss': '0.2852', 'grad_norm': '0.2283', 'learning_rate': '7.472e-05', 'epoch': '2.653'}
{'loss': '0.2307', 'grad_norm': '0.1833', 'learning_rate': '7.187e-05', 'epoch': '2.857'}
{'eval_loss': '0.2869', 'eval_runtime': '2.638', 'eval_samples_per_second': '33.36', 'eval_steps_per_second': '2.275', 'epoch': '3'}
{'loss': '0.327', 'grad_norm': '0.224', 'learning_rate': '6.903e-05', 'epoch': '3.061'}
{'loss': '0.2943', 'grad_norm': '0.4356', 'learning_rate': '6.619e-05', 'epoch': '3.265'}
{'loss': '0.2479', 'grad_norm': '0.2181', 'learning_rate': '6.335e-05', 'epoch': '3.469'}
{'loss': '0.2157', 'grad_norm': '0.2663', 'learning_rate': '6.051e-05', 'epoch': '3.673'}
{'loss': '0.2506', 'grad_norm': '0.4078', 'learning_rate': '5.767e-05', 'epoch': '3.878'}
{'eval_loss': '0.2833', 'eval_runtime': '2.603', 'eval_samples_per_second': '33.81', 'eval_steps_per_second': '2.305', 'epoch': '4'}
{'loss': '0.266', 'grad_norm': '0.436', 'learning_rate': '5.483e-05', 'epoch': '4.082'}
{'loss': '0.2087', 'grad_norm': '0.3131', 'learning_rate': '5.199e-05', 'epoch': '4.286'}
{'loss': '0.2044', 'grad_norm': '0.3057', 'learning_rate': '4.915e-05', 'epoch': '4.49'}
{'loss': '0.2214', 'grad_norm': '0.3092', 'learning_rate': '4.631e-05', 'epoch': '4.694'}
{'loss': '0.267', 'grad_norm': '0.4038', 'learning_rate': '4.347e-05', 'epoch': '4.898'}
{'eval_loss': '0.284', 'eval_runtime': '2.631', 'eval_samples_per_second': '33.45', 'eval_steps_per_second': '2.281', 'epoch': '5'}
{'loss': '0.2122', 'grad_norm': '0.3198', 'learning_rate': '4.063e-05', 'epoch': '5.102'}
{'loss': '0.221', 'grad_norm': '0.5096', 'learning_rate': '3.778e-05', 'epoch': '5.306'}
{'loss': '0.2154', 'grad_norm': '0.6065', 'learning_rate': '3.494e-05', 'epoch': '5.51'}
{'loss': '0.2267', 'grad_norm': '0.4608', 'learning_rate': '3.21e-05', 'epoch': '5.714'}
{'loss': '0.1654', 'grad_norm': '0.3112', 'learning_rate': '2.926e-05', 'epoch': '5.918'}
{'eval_loss': '0.2877', 'eval_runtime': '2.613', 'eval_samples_per_second': '33.68', 'eval_steps_per_second': '2.296', 'epoch': '6'}
{'loss': '0.2081', 'grad_norm': '0.3323', 'learning_rate': '2.642e-05', 'epoch': '6.122'}
{'loss': '0.2206', 'grad_norm': '0.4092', 'learning_rate': '2.358e-05', 'epoch': '6.327'}
{'loss': '0.1996', 'grad_norm': '0.5081', 'learning_rate': '2.074e-05', 'epoch': '6.531'}
{'loss': '0.1814', 'grad_norm': '0.3568', 'learning_rate': '1.79e-05', 'epoch': '6.735'}
{'loss': '0.2161', 'grad_norm': '0.4716', 'learning_rate': '1.506e-05', 'epoch': '6.939'}
{'eval_loss': '0.2917', 'eval_runtime': '2.579', 'eval_samples_per_second': '34.12', 'eval_steps_per_second': '2.326', 'epoch': '7'}
{'loss': '0.1945', 'grad_norm': '0.3574', 'learning_rate': '1.222e-05', 'epoch': '7.143'}
{'loss': '0.181', 'grad_norm': '0.4171', 'learning_rate': '9.375e-06', 'epoch': '7.347'}
{'loss': '0.2116', 'grad_norm': '0.4008', 'learning_rate': '6.534e-06', 'epoch': '7.551'}
{'loss': '0.194', 'grad_norm': '0.4214', 'learning_rate': '3.693e-06', 'epoch': '7.755'}
{'loss': '0.1712', 'grad_norm': '0.4901', 'learning_rate': '8.523e-07', 'epoch': '7.959'}
{'eval_loss': '0.2939', 'eval_runtime': '2.618', 'eval_samples_per_second': '33.62', 'eval_steps_per_second': '2.292', 'epoch': '8'}
{'train_runtime': '252', 'train_samples_per_second': '12.22', 'train_steps_per_second': '1.555', 'train_loss': '0.2773', 'epoch': '8'}
s30701_armB_both_lora_b80_r8_lr0.0001_seed0: WER 0.4059 -> 0.2813 (+30.7%, p 0.000); forgiven 0.2669 -> 0.2109 (+21.0%, p 0.073) in 5.3 min train 260s base 0s other_arm 0s load_tuned 6s transcribe_tuned 52s score 0s
s30701_armB_both_lora_b80_r8_lr0.0003_seed0: 385 train chunks (79.9 min), 88 dev
trainable params: 3,932,160 || all params: 1,547,422,720 || trainable%: 0.2541
precision: bf16, base weights torch.bfloat16, grad checkpointing False, lr 0.0003, method lora
{'loss': '0.505', 'grad_norm': '0.1348', 'learning_rate': '6.75e-05', 'epoch': '0.2041'}
{'loss': '0.4953', 'grad_norm': '0.1078', 'learning_rate': '0.0001425', 'epoch': '0.4082'}
{'loss': '0.4944', 'grad_norm': '0.2297', 'learning_rate': '0.0002175', 'epoch': '0.6122'}
{'loss': '0.3578', 'grad_norm': '0.2168', 'learning_rate': '0.0002925', 'epoch': '0.8163'}
{'eval_loss': '0.3179', 'eval_runtime': '3.535', 'eval_samples_per_second': '24.89', 'eval_steps_per_second': '1.697', 'epoch': '1'}
{'loss': '0.3096', 'grad_norm': '0.3472', 'learning_rate': '0.0002923', 'epoch': '1.02'}
{'loss': '0.2867', 'grad_norm': '0.2269', 'learning_rate': '0.0002838', 'epoch': '1.224'}
{'loss': '0.2914', 'grad_norm': '0.2657', 'learning_rate': '0.0002753', 'epoch': '1.429'}
{'loss': '0.2618', 'grad_norm': '0.3051', 'learning_rate': '0.0002668', 'epoch': '1.633'}
{'loss': '0.3041', 'grad_norm': '0.3232', 'learning_rate': '0.0002582', 'epoch': '1.837'}
{'eval_loss': '0.2801', 'eval_runtime': '2.653', 'eval_samples_per_second': '33.17', 'eval_steps_per_second': '2.262', 'epoch': '2'}
{'loss': '0.2824', 'grad_norm': '0.2872', 'learning_rate': '0.0002497', 'epoch': '2.041'}
{'loss': '0.2021', 'grad_norm': '0.2094', 'learning_rate': '0.0002412', 'epoch': '2.245'}
{'loss': '0.2311', 'grad_norm': '0.4018', 'learning_rate': '0.0002327', 'epoch': '2.449'}
{'loss': '0.219', 'grad_norm': '0.2519', 'learning_rate': '0.0002241', 'epoch': '2.653'}
{'loss': '0.1829', 'grad_norm': '0.4805', 'learning_rate': '0.0002156', 'epoch': '2.857'}
{'eval_loss': '0.284', 'eval_runtime': '2.636', 'eval_samples_per_second': '33.39', 'eval_steps_per_second': '2.276', 'epoch': '3'}
{'loss': '0.2413', 'grad_norm': '0.1976', 'learning_rate': '0.0002071', 'epoch': '3.061'}
{'loss': '0.1998', 'grad_norm': '0.4744', 'learning_rate': '0.0001986', 'epoch': '3.265'}
{'loss': '0.1608', 'grad_norm': '0.287', 'learning_rate': '0.0001901', 'epoch': '3.469'}
{'loss': '0.1465', 'grad_norm': '0.2878', 'learning_rate': '0.0001815', 'epoch': '3.673'}
{'loss': '0.1751', 'grad_norm': '0.4589', 'learning_rate': '0.000173', 'epoch': '3.878'}
{'eval_loss': '0.2994', 'eval_runtime': '2.623', 'eval_samples_per_second': '33.55', 'eval_steps_per_second': '2.288', 'epoch': '4'}
{'loss': '0.1663', 'grad_norm': '0.4142', 'learning_rate': '0.0001645', 'epoch': '4.082'}
{'loss': '0.113', 'grad_norm': '0.3936', 'learning_rate': '0.000156', 'epoch': '4.286'}
{'loss': '0.1292', 'grad_norm': '0.3335', 'learning_rate': '0.0001474', 'epoch': '4.49'}
{'loss': '0.1276', 'grad_norm': '0.3605', 'learning_rate': '0.0001389', 'epoch': '4.694'}
{'loss': '0.1504', 'grad_norm': '0.4699', 'learning_rate': '0.0001304', 'epoch': '4.898'}
{'eval_loss': '0.3259', 'eval_runtime': '2.644', 'eval_samples_per_second': '33.28', 'eval_steps_per_second': '2.269', 'epoch': '5'}
{'loss': '0.109', 'grad_norm': '0.3001', 'learning_rate': '0.0001219', 'epoch': '5.102'}
{'loss': '0.1039', 'grad_norm': '0.4785', 'learning_rate': '0.0001134', 'epoch': '5.306'}
{'loss': '0.1008', 'grad_norm': '0.5646', 'learning_rate': '0.0001048', 'epoch': '5.51'}
{'loss': '0.1117', 'grad_norm': '0.351', 'learning_rate': '9.631e-05', 'epoch': '5.714'}
{'loss': '0.08161', 'grad_norm': '0.2861', 'learning_rate': '8.778e-05', 'epoch': '5.918'}
{'eval_loss': '0.3413', 'eval_runtime': '2.619', 'eval_samples_per_second': '33.6', 'eval_steps_per_second': '2.291', 'epoch': '6'}
{'loss': '0.09065', 'grad_norm': '0.2671', 'learning_rate': '7.926e-05', 'epoch': '6.122'}
{'loss': '0.09023', 'grad_norm': '0.3804', 'learning_rate': '7.074e-05', 'epoch': '6.327'}
{'loss': '0.07465', 'grad_norm': '0.4647', 'learning_rate': '6.222e-05', 'epoch': '6.531'}
{'loss': '0.06929', 'grad_norm': '0.2823', 'learning_rate': '5.369e-05', 'epoch': '6.735'}
{'loss': '0.08781', 'grad_norm': '0.5225', 'learning_rate': '4.517e-05', 'epoch': '6.939'}
{'eval_loss': '0.3679', 'eval_runtime': '2.653', 'eval_samples_per_second': '33.17', 'eval_steps_per_second': '2.262', 'epoch': '7'}
{'loss': '0.06758', 'grad_norm': '0.3739', 'learning_rate': '3.665e-05', 'epoch': '7.143'}
{'loss': '0.05942', 'grad_norm': '0.3317', 'learning_rate': '2.812e-05', 'epoch': '7.347'}
{'loss': '0.069', 'grad_norm': '0.4034', 'learning_rate': '1.96e-05', 'epoch': '7.551'}
{'loss': '0.06869', 'grad_norm': '0.332', 'learning_rate': '1.108e-05', 'epoch': '7.755'}
{'loss': '0.05477', 'grad_norm': '0.3582', 'learning_rate': '2.557e-06', 'epoch': '7.959'}
{'eval_loss': '0.3774', 'eval_runtime': '2.667', 'eval_samples_per_second': '32.99', 'eval_steps_per_second': '2.249', 'epoch': '8'}
{'train_runtime': '252.4', 'train_samples_per_second': '12.2', 'train_steps_per_second': '1.553', 'train_loss': '0.186', 'epoch': '8'}
s30701_armB_both_lora_b80_r8_lr0.0003_seed0: WER 0.4059 -> 0.2959 (+27.1%, p 0.000); forgiven 0.2669 -> 0.2153 (+19.4%, p 0.098) in 5.3 min train 261s base 0s other_arm 0s load_tuned 6s transcribe_tuned 51s score 0s
s30718_armB_both_lora_b80_r8_lr0.0001_seed0: 300 train chunks (79.7 min), 43 dev
trainable params: 3,932,160 || all params: 1,547,422,720 || trainable%: 0.2541
precision: bf16, base weights torch.bfloat16, grad checkpointing False, lr 0.0001, method lora
{'loss': '0.4308', 'grad_norm': '0.08405', 'learning_rate': '2.903e-05', 'epoch': '0.2632'}
{'loss': '0.5197', 'grad_norm': '0.1487', 'learning_rate': '6.129e-05', 'epoch': '0.5263'}
{'loss': '0.3574', 'grad_norm': '0.1841', 'learning_rate': '9.355e-05', 'epoch': '0.7895'}
{'eval_loss': '0.2736', 'eval_runtime': '2.411', 'eval_samples_per_second': '17.84', 'eval_steps_per_second': '1.244', 'epoch': '1'}
{'loss': '0.3841', 'grad_norm': '0.1461', 'learning_rate': '9.707e-05', 'epoch': '1.053'}
{'loss': '0.3486', 'grad_norm': '0.1777', 'learning_rate': '9.341e-05', 'epoch': '1.316'}
{'loss': '0.3454', 'grad_norm': '0.1332', 'learning_rate': '8.974e-05', 'epoch': '1.579'}
{'loss': '0.3607', 'grad_norm': '0.1426', 'learning_rate': '8.608e-05', 'epoch': '1.842'}
{'eval_loss': '0.2334', 'eval_runtime': '1.492', 'eval_samples_per_second': '28.82', 'eval_steps_per_second': '2.011', 'epoch': '2'}
{'loss': '0.3033', 'grad_norm': '0.1462', 'learning_rate': '8.242e-05', 'epoch': '2.105'}
{'loss': '0.304', 'grad_norm': '0.1799', 'learning_rate': '7.875e-05', 'epoch': '2.368'}
{'loss': '0.273', 'grad_norm': '0.2271', 'learning_rate': '7.509e-05', 'epoch': '2.632'}
{'loss': '0.2634', 'grad_norm': '0.2322', 'learning_rate': '7.143e-05', 'epoch': '2.895'}
{'eval_loss': '0.2081', 'eval_runtime': '1.49', 'eval_samples_per_second': '28.86', 'eval_steps_per_second': '2.013', 'epoch': '3'}
{'loss': '0.2196', 'grad_norm': '0.2065', 'learning_rate': '6.777e-05', 'epoch': '3.158'}
{'loss': '0.2333', 'grad_norm': '0.1778', 'learning_rate': '6.41e-05', 'epoch': '3.421'}
{'loss': '0.2537', 'grad_norm': '0.1962', 'learning_rate': '6.044e-05', 'epoch': '3.684'}
{'loss': '0.2608', 'grad_norm': '0.2603', 'learning_rate': '5.678e-05', 'epoch': '3.947'}
{'eval_loss': '0.2042', 'eval_runtime': '1.505', 'eval_samples_per_second': '28.57', 'eval_steps_per_second': '1.993', 'epoch': '4'}
{'loss': '0.2456', 'grad_norm': '0.2397', 'learning_rate': '5.311e-05', 'epoch': '4.211'}
{'loss': '0.2161', 'grad_norm': '0.196', 'learning_rate': '4.945e-05', 'epoch': '4.474'}
{'loss': '0.2132', 'grad_norm': '0.3412', 'learning_rate': '4.579e-05', 'epoch': '4.737'}
{'loss': '0.2226', 'grad_norm': '0.3987', 'learning_rate': '4.212e-05', 'epoch': '5'}
{'eval_loss': '0.2038', 'eval_runtime': '1.499', 'eval_samples_per_second': '28.68', 'eval_steps_per_second': '2.001', 'epoch': '5'}
{'loss': '0.2111', 'grad_norm': '0.2455', 'learning_rate': '3.846e-05', 'epoch': '5.263'}
{'loss': '0.2098', 'grad_norm': '0.2571', 'learning_rate': '3.48e-05', 'epoch': '5.526'}
{'loss': '0.2193', 'grad_norm': '0.2475', 'learning_rate': '3.114e-05', 'epoch': '5.789'}
{'eval_loss': '0.2062', 'eval_runtime': '1.501', 'eval_samples_per_second': '28.65', 'eval_steps_per_second': '1.999', 'epoch': '6'}
{'loss': '0.215', 'grad_norm': '0.2913', 'learning_rate': '2.747e-05', 'epoch': '6.053'}
{'loss': '0.1993', 'grad_norm': '0.3107', 'learning_rate': '2.381e-05', 'epoch': '6.316'}
{'loss': '0.2053', 'grad_norm': '0.3444', 'learning_rate': '2.015e-05', 'epoch': '6.579'}
{'loss': '0.1797', 'grad_norm': '0.31', 'learning_rate': '1.648e-05', 'epoch': '6.842'}
{'eval_loss': '0.2089', 'eval_runtime': '1.49', 'eval_samples_per_second': '28.85', 'eval_steps_per_second': '2.013', 'epoch': '7'}
{'loss': '0.1931', 'grad_norm': '0.2929', 'learning_rate': '1.282e-05', 'epoch': '7.105'}
{'loss': '0.2074', 'grad_norm': '0.332', 'learning_rate': '9.158e-06', 'epoch': '7.368'}
{'loss': '0.1826', 'grad_norm': '0.3338', 'learning_rate': '5.495e-06', 'epoch': '7.632'}
{'loss': '0.1884', 'grad_norm': '0.2793', 'learning_rate': '1.832e-06', 'epoch': '7.895'}
{'eval_loss': '0.2101', 'eval_runtime': '1.511', 'eval_samples_per_second': '28.46', 'eval_steps_per_second': '1.986', 'epoch': '8'}
{'train_runtime': '195.6', 'train_samples_per_second': '12.27', 'train_steps_per_second': '1.554', 'train_loss': '0.2645', 'epoch': '8'}
s30718_armB_both_lora_b80_r8_lr0.0001_seed0: WER 0.1995 -> 0.1674 (+16.1%, p 0.124); forgiven 0.1404 -> 0.1327 (+5.5%, p 0.744) in 4.3 min train 204s base 0s other_arm 0s load_tuned 6s transcribe_tuned 47s score 0s
s30718_armB_both_lora_b80_r8_lr0.0003_seed0: 300 train chunks (79.7 min), 43 dev
trainable params: 3,932,160 || all params: 1,547,422,720 || trainable%: 0.2541
precision: bf16, base weights torch.bfloat16, grad checkpointing False, lr 0.0003, method lora
{'loss': '0.4297', 'grad_norm': '0.08671', 'learning_rate': '8.71e-05', 'epoch': '0.2632'}
{'loss': '0.5002', 'grad_norm': '0.1715', 'learning_rate': '0.0001839', 'epoch': '0.5263'}
{'loss': '0.3181', 'grad_norm': '0.1632', 'learning_rate': '0.0002806', 'epoch': '0.7895'}
{'eval_loss': '0.2416', 'eval_runtime': '2.469', 'eval_samples_per_second': '17.42', 'eval_steps_per_second': '1.215', 'epoch': '1'}
{'loss': '0.3295', 'grad_norm': '0.1749', 'learning_rate': '0.0002912', 'epoch': '1.053'}
{'loss': '0.2714', 'grad_norm': '0.2278', 'learning_rate': '0.0002802', 'epoch': '1.316'}
{'loss': '0.2604', 'grad_norm': '0.18', 'learning_rate': '0.0002692', 'epoch': '1.579'}
{'loss': '0.2779', 'grad_norm': '0.1535', 'learning_rate': '0.0002582', 'epoch': '1.842'}
{'eval_loss': '0.1999', 'eval_runtime': '1.48', 'eval_samples_per_second': '29.05', 'eval_steps_per_second': '2.027', 'epoch': '2'}
{'loss': '0.2379', 'grad_norm': '0.1656', 'learning_rate': '0.0002473', 'epoch': '2.105'}
{'loss': '0.223', 'grad_norm': '0.2198', 'learning_rate': '0.0002363', 'epoch': '2.368'}
{'loss': '0.1989', 'grad_norm': '0.287', 'learning_rate': '0.0002253', 'epoch': '2.632'}
{'loss': '0.2006', 'grad_norm': '0.2941', 'learning_rate': '0.0002143', 'epoch': '2.895'}
{'eval_loss': '0.2104', 'eval_runtime': '1.508', 'eval_samples_per_second': '28.51', 'eval_steps_per_second': '1.989', 'epoch': '3'}
{'loss': '0.1511', 'grad_norm': '0.23', 'learning_rate': '0.0002033', 'epoch': '3.158'}
{'loss': '0.1479', 'grad_norm': '0.2564', 'learning_rate': '0.0001923', 'epoch': '3.421'}
{'loss': '0.1744', 'grad_norm': '0.2514', 'learning_rate': '0.0001813', 'epoch': '3.684'}
{'loss': '0.1806', 'grad_norm': '0.3307', 'learning_rate': '0.0001703', 'epoch': '3.947'}
{'eval_loss': '0.2208', 'eval_runtime': '1.496', 'eval_samples_per_second': '28.73', 'eval_steps_per_second': '2.005', 'epoch': '4'}
{'loss': '0.1443', 'grad_norm': '0.2704', 'learning_rate': '0.0001593', 'epoch': '4.211'}
{'loss': '0.1191', 'grad_norm': '0.2491', 'learning_rate': '0.0001484', 'epoch': '4.474'}
{'loss': '0.1225', 'grad_norm': '0.4712', 'learning_rate': '0.0001374', 'epoch': '4.737'}
{'loss': '0.1239', 'grad_norm': '0.3648', 'learning_rate': '0.0001264', 'epoch': '5'}
{'eval_loss': '0.2463', 'eval_runtime': '1.519', 'eval_samples_per_second': '28.3', 'eval_steps_per_second': '1.975', 'epoch': '5'}
{'loss': '0.09526', 'grad_norm': '0.3941', 'learning_rate': '0.0001154', 'epoch': '5.263'}
{'loss': '0.1051', 'grad_norm': '0.362', 'learning_rate': '0.0001044', 'epoch': '5.526'}
{'loss': '0.09979', 'grad_norm': '0.3061', 'learning_rate': '9.341e-05', 'epoch': '5.789'}
{'eval_loss': '0.2668', 'eval_runtime': '1.551', 'eval_samples_per_second': '27.73', 'eval_steps_per_second': '1.934', 'epoch': '6'}
{'loss': '0.09483', 'grad_norm': '0.3009', 'learning_rate': '8.242e-05', 'epoch': '6.053'}
{'loss': '0.07763', 'grad_norm': '0.4811', 'learning_rate': '7.143e-05', 'epoch': '6.316'}
{'loss': '0.07688', 'grad_norm': '0.4677', 'learning_rate': '6.044e-05', 'epoch': '6.579'}
{'loss': '0.06882', 'grad_norm': '0.3795', 'learning_rate': '4.945e-05', 'epoch': '6.842'}
{'eval_loss': '0.2863', 'eval_runtime': '1.509', 'eval_samples_per_second': '28.5', 'eval_steps_per_second': '1.989', 'epoch': '7'}
{'loss': '0.06723', 'grad_norm': '0.3027', 'learning_rate': '3.846e-05', 'epoch': '7.105'}
{'loss': '0.0668', 'grad_norm': '0.3405', 'learning_rate': '2.747e-05', 'epoch': '7.368'}
{'loss': '0.05479', 'grad_norm': '0.2647', 'learning_rate': '1.648e-05', 'epoch': '7.632'}
{'loss': '0.06602', 'grad_norm': '0.4104', 'learning_rate': '5.495e-06', 'epoch': '7.895'}
{'eval_loss': '0.3044', 'eval_runtime': '1.527', 'eval_samples_per_second': '28.16', 'eval_steps_per_second': '1.965', 'epoch': '8'}
{'train_runtime': '195.2', 'train_samples_per_second': '12.3', 'train_steps_per_second': '1.558', 'train_loss': '0.1747', 'epoch': '8'}
s30718_armB_both_lora_b80_r8_lr0.0003_seed0: WER 0.1995 -> 0.1591 (+20.2%, p 0.006); forgiven 0.1404 -> 0.1242 (+11.6%, p 0.713) in 4.3 min train 203s base 0s other_arm 0s load_tuned 5s transcribe_tuned 46s score 0s
s30752_armB_both_lora_b80_r8_lr0.0001_seed0: 410 train chunks (79.9 min), 93 dev
trainable params: 3,932,160 || all params: 1,547,422,720 || trainable%: 0.2541
precision: bf16, base weights torch.bfloat16, grad checkpointing False, lr 0.0001, method lora
{'loss': '0.5383', 'grad_norm': '0.1776', 'learning_rate': '2.143e-05', 'epoch': '0.1923'}
{'loss': '0.5587', 'grad_norm': '0.2065', 'learning_rate': '4.524e-05', 'epoch': '0.3846'}
{'loss': '0.5385', 'grad_norm': '0.1361', 'learning_rate': '6.905e-05', 'epoch': '0.5769'}
{'loss': '0.4469', 'grad_norm': '0.3156', 'learning_rate': '9.286e-05', 'epoch': '0.7692'}
{'loss': '0.4767', 'grad_norm': '0.1915', 'learning_rate': '9.813e-05', 'epoch': '0.9615'}
{'eval_loss': '0.4578', 'eval_runtime': '3.708', 'eval_samples_per_second': '25.08', 'eval_steps_per_second': '1.618', 'epoch': '1'}
{'loss': '0.3917', 'grad_norm': '0.2424', 'learning_rate': '9.545e-05', 'epoch': '1.154'}
{'loss': '0.3746', 'grad_norm': '0.2098', 'learning_rate': '9.278e-05', 'epoch': '1.346'}
{'loss': '0.3361', 'grad_norm': '0.4069', 'learning_rate': '9.011e-05', 'epoch': '1.538'}
{'loss': '0.3667', 'grad_norm': '0.3081', 'learning_rate': '8.743e-05', 'epoch': '1.731'}
{'loss': '0.2941', 'grad_norm': '0.2724', 'learning_rate': '8.476e-05', 'epoch': '1.923'}
{'eval_loss': '0.3011', 'eval_runtime': '2.632', 'eval_samples_per_second': '35.34', 'eval_steps_per_second': '2.28', 'epoch': '2'}
{'loss': '0.2734', 'grad_norm': '0.3627', 'learning_rate': '8.209e-05', 'epoch': '2.115'}
{'loss': '0.2765', 'grad_norm': '0.32', 'learning_rate': '7.941e-05', 'epoch': '2.308'}
{'loss': '0.2676', 'grad_norm': '0.2981', 'learning_rate': '7.674e-05', 'epoch': '2.5'}
{'loss': '0.2492', 'grad_norm': '0.5227', 'learning_rate': '7.406e-05', 'epoch': '2.692'}
{'loss': '0.257', 'grad_norm': '0.3489', 'learning_rate': '7.139e-05', 'epoch': '2.885'}
{'eval_loss': '0.286', 'eval_runtime': '2.662', 'eval_samples_per_second': '34.94', 'eval_steps_per_second': '2.254', 'epoch': '3'}
{'loss': '0.2195', 'grad_norm': '0.2511', 'learning_rate': '6.872e-05', 'epoch': '3.077'}
{'loss': '0.2247', 'grad_norm': '0.351', 'learning_rate': '6.604e-05', 'epoch': '3.269'}
{'loss': '0.2376', 'grad_norm': '0.3612', 'learning_rate': '6.337e-05', 'epoch': '3.462'}
{'loss': '0.2164', 'grad_norm': '0.356', 'learning_rate': '6.07e-05', 'epoch': '3.654'}
{'loss': '0.2391', 'grad_norm': '0.386', 'learning_rate': '5.802e-05', 'epoch': '3.846'}
{'eval_loss': '0.2895', 'eval_runtime': '2.689', 'eval_samples_per_second': '34.58', 'eval_steps_per_second': '2.231', 'epoch': '4'}
{'loss': '0.1992', 'grad_norm': '0.3774', 'learning_rate': '5.535e-05', 'epoch': '4.038'}
{'loss': '0.1793', 'grad_norm': '0.2424', 'learning_rate': '5.267e-05', 'epoch': '4.231'}
{'loss': '0.2254', 'grad_norm': '0.3449', 'learning_rate': '5e-05', 'epoch': '4.423'}
{'loss': '0.2084', 'grad_norm': '0.5153', 'learning_rate': '4.733e-05', 'epoch': '4.615'}
{'loss': '0.1687', 'grad_norm': '0.4922', 'learning_rate': '4.465e-05', 'epoch': '4.808'}
{'loss': '0.2264', 'grad_norm': '0.9753', 'learning_rate': '4.198e-05', 'epoch': '5'}
{'eval_loss': '0.2971', 'eval_runtime': '2.636', 'eval_samples_per_second': '35.27', 'eval_steps_per_second': '2.276', 'epoch': '5'}
{'loss': '0.173', 'grad_norm': '0.4868', 'learning_rate': '3.93e-05', 'epoch': '5.192'}
{'loss': '0.1789', 'grad_norm': '0.6035', 'learning_rate': '3.663e-05', 'epoch': '5.385'}
{'loss': '0.1888', 'grad_norm': '0.5655', 'learning_rate': '3.396e-05', 'epoch': '5.577'}
{'loss': '0.1882', 'grad_norm': '0.5885', 'learning_rate': '3.128e-05', 'epoch': '5.769'}
{'loss': '0.1736', 'grad_norm': '0.3813', 'learning_rate': '2.861e-05', 'epoch': '5.962'}
{'eval_loss': '0.3079', 'eval_runtime': '2.644', 'eval_samples_per_second': '35.17', 'eval_steps_per_second': '2.269', 'epoch': '6'}
{'loss': '0.1742', 'grad_norm': '0.4123', 'learning_rate': '2.594e-05', 'epoch': '6.154'}
{'loss': '0.1853', 'grad_norm': '0.7404', 'learning_rate': '2.326e-05', 'epoch': '6.346'}
{'loss': '0.16', 'grad_norm': '0.3854', 'learning_rate': '2.059e-05', 'epoch': '6.538'}
{'loss': '0.1598', 'grad_norm': '0.4735', 'learning_rate': '1.791e-05', 'epoch': '6.731'}
{'loss': '0.1497', 'grad_norm': '0.5159', 'learning_rate': '1.524e-05', 'epoch': '6.923'}
{'eval_loss': '0.3169', 'eval_runtime': '2.615', 'eval_samples_per_second': '35.56', 'eval_steps_per_second': '2.294', 'epoch': '7'}
{'loss': '0.1387', 'grad_norm': '0.4235', 'learning_rate': '1.257e-05', 'epoch': '7.115'}
{'loss': '0.1625', 'grad_norm': '0.4492', 'learning_rate': '9.893e-06', 'epoch': '7.308'}
{'loss': '0.1449', 'grad_norm': '0.4269', 'learning_rate': '7.219e-06', 'epoch': '7.5'}
{'loss': '0.1859', 'grad_norm': '0.853', 'learning_rate': '4.545e-06', 'epoch': '7.692'}
{'loss': '0.1561', 'grad_norm': '0.8722', 'learning_rate': '1.872e-06', 'epoch': '7.885'}
{'eval_loss': '0.3198', 'eval_runtime': '2.656', 'eval_samples_per_second': '35.01', 'eval_steps_per_second': '2.259', 'epoch': '8'}
{'train_runtime': '262.9', 'train_samples_per_second': '12.48', 'train_steps_per_second': '1.583', 'train_loss': '0.2545', 'epoch': '8'}
s30752_armB_both_lora_b80_r8_lr0.0001_seed0: WER 0.1956 -> 0.2165 (-10.7%, p 0.770); forgiven 0.1353 -> 0.1793 (-32.5%, p 0.730) in 5.2 min train 271s base 0s other_arm 0s load_tuned 6s transcribe_tuned 35s score 0s
s30752_armB_both_lora_b80_r8_lr0.0003_seed0: 410 train chunks (79.9 min), 93 dev
trainable params: 3,932,160 || all params: 1,547,422,720 || trainable%: 0.2541
precision: bf16, base weights torch.bfloat16, grad checkpointing False, lr 0.0003, method lora
{'loss': '0.5377', 'grad_norm': '0.1794', 'learning_rate': '6.429e-05', 'epoch': '0.1923'}
{'loss': '0.5471', 'grad_norm': '0.2333', 'learning_rate': '0.0001357', 'epoch': '0.3846'}
{'loss': '0.5025', 'grad_norm': '0.2372', 'learning_rate': '0.0002071', 'epoch': '0.5769'}
{'loss': '0.3726', 'grad_norm': '0.4332', 'learning_rate': '0.0002786', 'epoch': '0.7692'}
{'loss': '0.3439', 'grad_norm': '0.2039', 'learning_rate': '0.0002944', 'epoch': '0.9615'}
{'eval_loss': '0.3098', 'eval_runtime': '3.519', 'eval_samples_per_second': '26.43', 'eval_steps_per_second': '1.705', 'epoch': '1'}
{'loss': '0.2555', 'grad_norm': '0.2397', 'learning_rate': '0.0002864', 'epoch': '1.154'}
{'loss': '0.2655', 'grad_norm': '0.2027', 'learning_rate': '0.0002783', 'epoch': '1.346'}
{'loss': '0.2433', 'grad_norm': '0.4111', 'learning_rate': '0.0002703', 'epoch': '1.538'}
{'loss': '0.2987', 'grad_norm': '0.3364', 'learning_rate': '0.0002623', 'epoch': '1.731'}
{'loss': '0.2471', 'grad_norm': '0.3065', 'learning_rate': '0.0002543', 'epoch': '1.923'}
{'eval_loss': '0.2818', 'eval_runtime': '2.651', 'eval_samples_per_second': '35.09', 'eval_steps_per_second': '2.264', 'epoch': '2'}
{'loss': '0.2171', 'grad_norm': '0.378', 'learning_rate': '0.0002463', 'epoch': '2.115'}
{'loss': '0.2028', 'grad_norm': '0.3669', 'learning_rate': '0.0002382', 'epoch': '2.308'}
{'loss': '0.1956', 'grad_norm': '0.3253', 'learning_rate': '0.0002302', 'epoch': '2.5'}
{'loss': '0.1806', 'grad_norm': '0.5442', 'learning_rate': '0.0002222', 'epoch': '2.692'}
{'loss': '0.1884', 'grad_norm': '0.395', 'learning_rate': '0.0002142', 'epoch': '2.885'}
{'eval_loss': '0.3074', 'eval_runtime': '2.711', 'eval_samples_per_second': '34.3', 'eval_steps_per_second': '2.213', 'epoch': '3'}
{'loss': '0.1526', 'grad_norm': '0.2757', 'learning_rate': '0.0002061', 'epoch': '3.077'}
{'loss': '0.1385', 'grad_norm': '0.4686', 'learning_rate': '0.0001981', 'epoch': '3.269'}
{'loss': '0.1456', 'grad_norm': '0.3524', 'learning_rate': '0.0001901', 'epoch': '3.462'}
{'loss': '0.1313', 'grad_norm': '0.4544', 'learning_rate': '0.0001821', 'epoch': '3.654'}
{'loss': '0.1393', 'grad_norm': '0.4787', 'learning_rate': '0.0001741', 'epoch': '3.846'}
{'eval_loss': '0.3352', 'eval_runtime': '2.648', 'eval_samples_per_second': '35.12', 'eval_steps_per_second': '2.266', 'epoch': '4'}
{'loss': '0.1198', 'grad_norm': '0.2701', 'learning_rate': '0.000166', 'epoch': '4.038'}
{'loss': '0.0848', 'grad_norm': '0.2581', 'learning_rate': '0.000158', 'epoch': '4.231'}
{'loss': '0.1088', 'grad_norm': '0.3938', 'learning_rate': '0.00015', 'epoch': '4.423'}
{'loss': '0.0961', 'grad_norm': '0.4578', 'learning_rate': '0.000142', 'epoch': '4.615'}
{'loss': '0.08161', 'grad_norm': '0.3197', 'learning_rate': '0.000134', 'epoch': '4.808'}
{'loss': '0.1037', 'grad_norm': '0.7195', 'learning_rate': '0.0001259', 'epoch': '5'}
{'eval_loss': '0.3605', 'eval_runtime': '2.638', 'eval_samples_per_second': '35.26', 'eval_steps_per_second': '2.275', 'epoch': '5'}
{'loss': '0.06247', 'grad_norm': '0.354', 'learning_rate': '0.0001179', 'epoch': '5.192'}
{'loss': '0.06587', 'grad_norm': '0.3539', 'learning_rate': '0.0001099', 'epoch': '5.385'}
{'loss': '0.05718', 'grad_norm': '0.5907', 'learning_rate': '0.0001019', 'epoch': '5.577'}
{'loss': '0.0576', 'grad_norm': '0.4262', 'learning_rate': '9.385e-05', 'epoch': '5.769'}
{'loss': '0.06798', 'grad_norm': '0.3506', 'learning_rate': '8.583e-05', 'epoch': '5.962'}
{'eval_loss': '0.4015', 'eval_runtime': '2.665', 'eval_samples_per_second': '34.9', 'eval_steps_per_second': '2.252', 'epoch': '6'}
{'loss': '0.04688', 'grad_norm': '0.255', 'learning_rate': '7.781e-05', 'epoch': '6.154'}
{'loss': '0.04193', 'grad_norm': '0.5491', 'learning_rate': '6.979e-05', 'epoch': '6.346'}
{'loss': '0.04445', 'grad_norm': '0.288', 'learning_rate': '6.176e-05', 'epoch': '6.538'}
{'loss': '0.03779', 'grad_norm': '0.3448', 'learning_rate': '5.374e-05', 'epoch': '6.731'}
{'loss': '0.03836', 'grad_norm': '0.3601', 'learning_rate': '4.572e-05', 'epoch': '6.923'}
{'eval_loss': '0.4474', 'eval_runtime': '2.636', 'eval_samples_per_second': '35.28', 'eval_steps_per_second': '2.276', 'epoch': '7'}
{'loss': '0.02817', 'grad_norm': '0.2769', 'learning_rate': '3.77e-05', 'epoch': '7.115'}
{'loss': '0.02967', 'grad_norm': '0.3972', 'learning_rate': '2.968e-05', 'epoch': '7.308'}
{'loss': '0.03016', 'grad_norm': '0.3141', 'learning_rate': '2.166e-05', 'epoch': '7.5'}
{'loss': '0.03127', 'grad_norm': '0.5176', 'learning_rate': '1.364e-05', 'epoch': '7.692'}
{'loss': '0.03154', 'grad_norm': '0.4365', 'learning_rate': '5.615e-06', 'epoch': '7.885'}
{'eval_loss': '0.4672', 'eval_runtime': '2.639', 'eval_samples_per_second': '35.25', 'eval_steps_per_second': '2.274', 'epoch': '8'}
{'train_runtime': '262.1', 'train_samples_per_second': '12.51', 'train_steps_per_second': '1.587', 'train_loss': '0.1584', 'epoch': '8'}
s30752_armB_both_lora_b80_r8_lr0.0003_seed0: WER 0.1956 -> 0.2119 (-8.3%, p 0.793); forgiven 0.1353 -> 0.1760 (-30.1%, p 0.764) in 5.0 min train 270s base 0s other_arm 0s load_tuned 6s transcribe_tuned 27s score 0s
s30777_armB_both_lora_b80_r8_lr0.0001_seed0: 332 train chunks (79.9 min), 74 dev
trainable params: 3,932,160 || all params: 1,547,422,720 || trainable%: 0.2541
precision: bf16, base weights torch.bfloat16, grad checkpointing False, lr 0.0001, method lora
{'loss': '0.4438', 'grad_norm': '0.1318', 'learning_rate': '2.647e-05', 'epoch': '0.2381'}
{'loss': '0.4638', 'grad_norm': '0.1589', 'learning_rate': '5.588e-05', 'epoch': '0.4762'}
{'loss': '0.426', 'grad_norm': '0.1353', 'learning_rate': '8.529e-05', 'epoch': '0.7143'}
{'loss': '0.3763', 'grad_norm': '0.1274', 'learning_rate': '9.834e-05', 'epoch': '0.9524'}
{'eval_loss': '0.4633', 'eval_runtime': '3.178', 'eval_samples_per_second': '23.28', 'eval_steps_per_second': '1.573', 'epoch': '1'}
{'loss': '0.3275', 'grad_norm': '0.1766', 'learning_rate': '9.503e-05', 'epoch': '1.19'}
{'loss': '0.3526', 'grad_norm': '0.1534', 'learning_rate': '9.172e-05', 'epoch': '1.429'}
{'loss': '0.3089', 'grad_norm': '0.2239', 'learning_rate': '8.841e-05', 'epoch': '1.667'}
{'loss': '0.3155', 'grad_norm': '0.199', 'learning_rate': '8.51e-05', 'epoch': '1.905'}
{'eval_loss': '0.3697', 'eval_runtime': '2.285', 'eval_samples_per_second': '32.38', 'eval_steps_per_second': '2.188', 'epoch': '2'}
{'loss': '0.3041', 'grad_norm': '0.2157', 'learning_rate': '8.179e-05', 'epoch': '2.143'}
{'loss': '0.2774', 'grad_norm': '0.1837', 'learning_rate': '7.848e-05', 'epoch': '2.381'}
{'loss': '0.2559', 'grad_norm': '0.1513', 'learning_rate': '7.517e-05', 'epoch': '2.619'}
{'loss': '0.2545', 'grad_norm': '0.3169', 'learning_rate': '7.185e-05', 'epoch': '2.857'}
{'eval_loss': '0.3338', 'eval_runtime': '2.275', 'eval_samples_per_second': '32.53', 'eval_steps_per_second': '2.198', 'epoch': '3'}
{'loss': '0.2574', 'grad_norm': '0.2279', 'learning_rate': '6.854e-05', 'epoch': '3.095'}
{'loss': '0.1915', 'grad_norm': '0.2257', 'learning_rate': '6.523e-05', 'epoch': '3.333'}
{'loss': '0.2195', 'grad_norm': '0.207', 'learning_rate': '6.192e-05', 'epoch': '3.571'}
{'loss': '0.2353', 'grad_norm': '0.2639', 'learning_rate': '5.861e-05', 'epoch': '3.81'}
{'eval_loss': '0.3234', 'eval_runtime': '2.239', 'eval_samples_per_second': '33.05', 'eval_steps_per_second': '2.233', 'epoch': '4'}
{'loss': '0.2328', 'grad_norm': '0.1802', 'learning_rate': '5.53e-05', 'epoch': '4.048'}
{'loss': '0.2162', 'grad_norm': '0.2293', 'learning_rate': '5.199e-05', 'epoch': '4.286'}
{'loss': '0.1934', 'grad_norm': '0.244', 'learning_rate': '4.868e-05', 'epoch': '4.524'}
{'loss': '0.1981', 'grad_norm': '0.3357', 'learning_rate': '4.536e-05', 'epoch': '4.762'}
{'loss': '0.2174', 'grad_norm': '0.6496', 'learning_rate': '4.205e-05', 'epoch': '5'}
{'eval_loss': '0.321', 'eval_runtime': '2.229', 'eval_samples_per_second': '33.2', 'eval_steps_per_second': '2.243', 'epoch': '5'}
{'loss': '0.1712', 'grad_norm': '0.3064', 'learning_rate': '3.874e-05', 'epoch': '5.238'}
{'loss': '0.1825', 'grad_norm': '0.3162', 'learning_rate': '3.543e-05', 'epoch': '5.476'}
{'loss': '0.2146', 'grad_norm': '0.3303', 'learning_rate': '3.212e-05', 'epoch': '5.714'}
{'loss': '0.1905', 'grad_norm': '0.4654', 'learning_rate': '2.881e-05', 'epoch': '5.952'}
{'eval_loss': '0.3255', 'eval_runtime': '2.213', 'eval_samples_per_second': '33.43', 'eval_steps_per_second': '2.259', 'epoch': '6'}
{'loss': '0.1854', 'grad_norm': '0.3032', 'learning_rate': '2.55e-05', 'epoch': '6.19'}
{'loss': '0.1879', 'grad_norm': '0.2886', 'learning_rate': '2.219e-05', 'epoch': '6.429'}
{'loss': '0.1724', 'grad_norm': '0.3631', 'learning_rate': '1.887e-05', 'epoch': '6.667'}
{'loss': '0.1676', 'grad_norm': '0.3716', 'learning_rate': '1.556e-05', 'epoch': '6.905'}
{'eval_loss': '0.3297', 'eval_runtime': '2.279', 'eval_samples_per_second': '32.47', 'eval_steps_per_second': '2.194', 'epoch': '7'}
{'loss': '0.1946', 'grad_norm': '0.423', 'learning_rate': '1.225e-05', 'epoch': '7.143'}
{'loss': '0.1584', 'grad_norm': '0.3327', 'learning_rate': '8.94e-06', 'epoch': '7.381'}
{'loss': '0.1589', 'grad_norm': '0.3547', 'learning_rate': '5.629e-06', 'epoch': '7.619'}
{'loss': '0.1953', 'grad_norm': '0.3127', 'learning_rate': '2.318e-06', 'epoch': '7.857'}
{'eval_loss': '0.3327', 'eval_runtime': '2.252', 'eval_samples_per_second': '32.85', 'eval_steps_per_second': '2.22', 'epoch': '8'}
{'train_runtime': '218.8', 'train_samples_per_second': '12.14', 'train_steps_per_second': '1.536', 'train_loss': '0.2482', 'epoch': '8'}
s30777_armB_both_lora_b80_r8_lr0.0001_seed0: WER 0.2237 -> 0.1792 (+19.9%, p 0.000); forgiven 0.1535 -> 0.1362 (+11.3%, p 0.719) in 4.4 min train 227s base 0s other_arm 0s load_tuned 6s transcribe_tuned 34s score 0s
s30777_armB_both_lora_b80_r8_lr0.0003_seed0: 332 train chunks (79.9 min), 74 dev
trainable params: 3,932,160 || all params: 1,547,422,720 || trainable%: 0.2541
precision: bf16, base weights torch.bfloat16, grad checkpointing False, lr 0.0003, method lora
{'loss': '0.4429', 'grad_norm': '0.1342', 'learning_rate': '7.941e-05', 'epoch': '0.2381'}
{'loss': '0.4487', 'grad_norm': '0.1812', 'learning_rate': '0.0001676', 'epoch': '0.4762'}
{'loss': '0.3824', 'grad_norm': '0.1715', 'learning_rate': '0.0002559', 'epoch': '0.7143'}
{'loss': '0.3282', 'grad_norm': '0.185', 'learning_rate': '0.000295', 'epoch': '0.9524'}
{'eval_loss': '0.3767', 'eval_runtime': '3.148', 'eval_samples_per_second': '23.5', 'eval_steps_per_second': '1.588', 'epoch': '1'}
{'loss': '0.2438', 'grad_norm': '0.1881', 'learning_rate': '0.0002851', 'epoch': '1.19'}
{'loss': '0.2489', 'grad_norm': '0.1636', 'learning_rate': '0.0002752', 'epoch': '1.429'}
{'loss': '0.2345', 'grad_norm': '0.2598', 'learning_rate': '0.0002652', 'epoch': '1.667'}
{'loss': '0.2536', 'grad_norm': '0.2082', 'learning_rate': '0.0002553', 'epoch': '1.905'}
{'eval_loss': '0.3185', 'eval_runtime': '2.334', 'eval_samples_per_second': '31.71', 'eval_steps_per_second': '2.142', 'epoch': '2'}
{'loss': '0.2335', 'grad_norm': '0.1903', 'learning_rate': '0.0002454', 'epoch': '2.143'}
{'loss': '0.2004', 'grad_norm': '0.2189', 'learning_rate': '0.0002354', 'epoch': '2.381'}
{'loss': '0.1978', 'grad_norm': '0.1989', 'learning_rate': '0.0002255', 'epoch': '2.619'}
{'loss': '0.1918', 'grad_norm': '0.3852', 'learning_rate': '0.0002156', 'epoch': '2.857'}
{'eval_loss': '0.3266', 'eval_runtime': '2.242', 'eval_samples_per_second': '33.01', 'eval_steps_per_second': '2.23', 'epoch': '3'}
{'loss': '0.1762', 'grad_norm': '0.2087', 'learning_rate': '0.0002056', 'epoch': '3.095'}
{'loss': '0.1257', 'grad_norm': '0.2622', 'learning_rate': '0.0001957', 'epoch': '3.333'}
{'loss': '0.1418', 'grad_norm': '0.3768', 'learning_rate': '0.0001858', 'epoch': '3.571'}
{'loss': '0.1528', 'grad_norm': '0.3618', 'learning_rate': '0.0001758', 'epoch': '3.81'}
{'eval_loss': '0.3593', 'eval_runtime': '2.205', 'eval_samples_per_second': '33.56', 'eval_steps_per_second': '2.268', 'epoch': '4'}
{'loss': '0.1463', 'grad_norm': '0.2457', 'learning_rate': '0.0001659', 'epoch': '4.048'}
{'loss': '0.1158', 'grad_norm': '0.2618', 'learning_rate': '0.000156', 'epoch': '4.286'}
{'loss': '0.1002', 'grad_norm': '0.3714', 'learning_rate': '0.000146', 'epoch': '4.524'}
{'loss': '0.1051', 'grad_norm': '0.3622', 'learning_rate': '0.0001361', 'epoch': '4.762'}
{'loss': '0.1173', 'grad_norm': '0.7688', 'learning_rate': '0.0001262', 'epoch': '5'}
{'eval_loss': '0.3764', 'eval_runtime': '2.266', 'eval_samples_per_second': '32.66', 'eval_steps_per_second': '2.206', 'epoch': '5'}
{'loss': '0.07642', 'grad_norm': '0.3065', 'learning_rate': '0.0001162', 'epoch': '5.238'}
{'loss': '0.08159', 'grad_norm': '0.3571', 'learning_rate': '0.0001063', 'epoch': '5.476'}
{'loss': '0.09135', 'grad_norm': '0.2693', 'learning_rate': '9.636e-05', 'epoch': '5.714'}
{'loss': '0.08377', 'grad_norm': '0.4369', 'learning_rate': '8.642e-05', 'epoch': '5.952'}
{'eval_loss': '0.4023', 'eval_runtime': '2.246', 'eval_samples_per_second': '32.95', 'eval_steps_per_second': '2.226', 'epoch': '6'}
{'loss': '0.06267', 'grad_norm': '0.2049', 'learning_rate': '7.649e-05', 'epoch': '6.19'}
{'loss': '0.06402', 'grad_norm': '0.2704', 'learning_rate': '6.656e-05', 'epoch': '6.429'}
{'loss': '0.06087', 'grad_norm': '0.3059', 'learning_rate': '5.662e-05', 'epoch': '6.667'}
{'loss': '0.0632', 'grad_norm': '0.382', 'learning_rate': '4.669e-05', 'epoch': '6.905'}
{'eval_loss': '0.4279', 'eval_runtime': '2.29', 'eval_samples_per_second': '32.32', 'eval_steps_per_second': '2.184', 'epoch': '7'}
{'loss': '0.06061', 'grad_norm': '0.3304', 'learning_rate': '3.675e-05', 'epoch': '7.143'}
{'loss': '0.04593', 'grad_norm': '0.3188', 'learning_rate': '2.682e-05', 'epoch': '7.381'}
{'loss': '0.04987', 'grad_norm': '0.263', 'learning_rate': '1.689e-05', 'epoch': '7.619'}
{'loss': '0.05972', 'grad_norm': '0.3093', 'learning_rate': '6.954e-06', 'epoch': '7.857'}
{'eval_loss': '0.4475', 'eval_runtime': '2.284', 'eval_samples_per_second': '32.4', 'eval_steps_per_second': '2.189', 'epoch': '8'}
{'train_runtime': '218.7', 'train_samples_per_second': '12.14', 'train_steps_per_second': '1.536', 'train_loss': '0.1612', 'epoch': '8'}
s30777_armB_both_lora_b80_r8_lr0.0003_seed0: WER 0.2237 -> 0.1782 (+20.3%, p 0.000); forgiven 0.1535 -> 0.1325 (+13.7%, p 0.616) in 4.5 min train 227s base 0s other_arm 0s load_tuned 6s transcribe_tuned 36s score 0s
s30813_armB_both_lora_b80_r8_lr0.0001_seed0: 320 train chunks (79.9 min), 44 dev
trainable params: 3,932,160 || all params: 1,547,422,720 || trainable%: 0.2541
precision: bf16, base weights torch.bfloat16, grad checkpointing False, lr 0.0001, method lora
{'loss': '0.5242', 'grad_norm': '0.136', 'learning_rate': '2.813e-05', 'epoch': '0.25'}
{'loss': '0.4991', 'grad_norm': '0.115', 'learning_rate': '5.937e-05', 'epoch': '0.5'}
{'loss': '0.5166', 'grad_norm': '0.1428', 'learning_rate': '9.063e-05', 'epoch': '0.75'}
{'loss': '0.4726', 'grad_norm': '0.2239', 'learning_rate': '9.757e-05', 'epoch': '1'}
{'eval_loss': '0.4578', 'eval_runtime': '2.971', 'eval_samples_per_second': '14.81', 'eval_steps_per_second': '1.01', 'epoch': '1'}
{'loss': '0.4359', 'grad_norm': '0.1827', 'learning_rate': '9.41e-05', 'epoch': '1.25'}
{'loss': '0.3819', 'grad_norm': '0.1578', 'learning_rate': '9.063e-05', 'epoch': '1.5'}
{'loss': '0.3874', 'grad_norm': '0.2064', 'learning_rate': '8.715e-05', 'epoch': '1.75'}
{'loss': '0.3674', 'grad_norm': '0.2743', 'learning_rate': '8.368e-05', 'epoch': '2'}
{'eval_loss': '0.3833', 'eval_runtime': '1.491', 'eval_samples_per_second': '29.51', 'eval_steps_per_second': '2.012', 'epoch': '2'}
{'loss': '0.3661', 'grad_norm': '0.3322', 'learning_rate': '8.021e-05', 'epoch': '2.25'}
{'loss': '0.2716', 'grad_norm': '0.1901', 'learning_rate': '7.674e-05', 'epoch': '2.5'}
{'loss': '0.2836', 'grad_norm': '0.232', 'learning_rate': '7.326e-05', 'epoch': '2.75'}
{'loss': '0.276', 'grad_norm': '0.2619', 'learning_rate': '6.979e-05', 'epoch': '3'}
{'eval_loss': '0.3607', 'eval_runtime': '1.5', 'eval_samples_per_second': '29.33', 'eval_steps_per_second': '2', 'epoch': '3'}
{'loss': '0.2723', 'grad_norm': '0.2125', 'learning_rate': '6.632e-05', 'epoch': '3.25'}
{'loss': '0.2794', 'grad_norm': '0.2691', 'learning_rate': '6.285e-05', 'epoch': '3.5'}
{'loss': '0.239', 'grad_norm': '0.3189', 'learning_rate': '5.937e-05', 'epoch': '3.75'}
{'loss': '0.274', 'grad_norm': '0.2555', 'learning_rate': '5.59e-05', 'epoch': '4'}
{'eval_loss': '0.3593', 'eval_runtime': '1.53', 'eval_samples_per_second': '28.75', 'eval_steps_per_second': '1.96', 'epoch': '4'}
{'loss': '0.2455', 'grad_norm': '0.3022', 'learning_rate': '5.243e-05', 'epoch': '4.25'}
{'loss': '0.2329', 'grad_norm': '0.3476', 'learning_rate': '4.896e-05', 'epoch': '4.5'}
{'loss': '0.2305', 'grad_norm': '0.2234', 'learning_rate': '4.549e-05', 'epoch': '4.75'}
{'loss': '0.2912', 'grad_norm': '0.305', 'learning_rate': '4.201e-05', 'epoch': '5'}
{'eval_loss': '0.3614', 'eval_runtime': '1.532', 'eval_samples_per_second': '28.71', 'eval_steps_per_second': '1.958', 'epoch': '5'}
{'loss': '0.2453', 'grad_norm': '0.3359', 'learning_rate': '3.854e-05', 'epoch': '5.25'}
{'loss': '0.2035', 'grad_norm': '0.259', 'learning_rate': '3.507e-05', 'epoch': '5.5'}
{'loss': '0.2288', 'grad_norm': '0.3418', 'learning_rate': '3.16e-05', 'epoch': '5.75'}
{'loss': '0.2529', 'grad_norm': '0.2687', 'learning_rate': '2.813e-05', 'epoch': '6'}
{'eval_loss': '0.365', 'eval_runtime': '1.496', 'eval_samples_per_second': '29.41', 'eval_steps_per_second': '2.005', 'epoch': '6'}
{'loss': '0.2479', 'grad_norm': '0.3274', 'learning_rate': '2.465e-05', 'epoch': '6.25'}
{'loss': '0.2099', 'grad_norm': '0.3085', 'learning_rate': '2.118e-05', 'epoch': '6.5'}
{'loss': '0.2063', 'grad_norm': '0.3652', 'learning_rate': '1.771e-05', 'epoch': '6.75'}
{'loss': '0.2215', 'grad_norm': '0.3438', 'learning_rate': '1.424e-05', 'epoch': '7'}
{'eval_loss': '0.368', 'eval_runtime': '1.473', 'eval_samples_per_second': '29.86', 'eval_steps_per_second': '2.036', 'epoch': '7'}
{'loss': '0.2054', 'grad_norm': '0.2678', 'learning_rate': '1.076e-05', 'epoch': '7.25'}
{'loss': '0.2187', 'grad_norm': '0.3237', 'learning_rate': '7.292e-06', 'epoch': '7.5'}
{'loss': '0.2098', 'grad_norm': '0.3668', 'learning_rate': '3.819e-06', 'epoch': '7.75'}
{'loss': '0.2195', 'grad_norm': '0.4203', 'learning_rate': '3.472e-07', 'epoch': '8'}
{'eval_loss': '0.3697', 'eval_runtime': '1.494', 'eval_samples_per_second': '29.44', 'eval_steps_per_second': '2.008', 'epoch': '8'}
{'train_runtime': '208.2', 'train_samples_per_second': '12.29', 'train_steps_per_second': '1.537', 'train_loss': '0.2974', 'epoch': '8'}
s30813_armB_both_lora_b80_r8_lr0.0001_seed0: WER 0.1607 -> 0.1644 (-2.3%, p 0.742); forgiven 0.1194 -> 0.1475 (-23.5%, p 0.213) in 4.3 min train 218s base 0s other_arm 0s load_tuned 6s transcribe_tuned 34s score 0s
s30813_armB_both_lora_b80_r8_lr0.0003_seed0: 320 train chunks (79.9 min), 44 dev
trainable params: 3,932,160 || all params: 1,547,422,720 || trainable%: 0.2541
precision: bf16, base weights torch.bfloat16, grad checkpointing False, lr 0.0003, method lora
{'loss': '0.5234', 'grad_norm': '0.1392', 'learning_rate': '8.437e-05', 'epoch': '0.25'}
{'loss': '0.4823', 'grad_norm': '0.1288', 'learning_rate': '0.0001781', 'epoch': '0.5'}
{'loss': '0.4597', 'grad_norm': '0.1629', 'learning_rate': '0.0002719', 'epoch': '0.75'}
{'loss': '0.3925', 'grad_norm': '0.303', 'learning_rate': '0.0002927', 'epoch': '1'}
{'eval_loss': '0.3881', 'eval_runtime': '2.581', 'eval_samples_per_second': '17.05', 'eval_steps_per_second': '1.163', 'epoch': '1'}
{'loss': '0.3315', 'grad_norm': '0.2218', 'learning_rate': '0.0002823', 'epoch': '1.25'}
{'loss': '0.2728', 'grad_norm': '0.1636', 'learning_rate': '0.0002719', 'epoch': '1.5'}
{'loss': '0.2849', 'grad_norm': '0.2374', 'learning_rate': '0.0002615', 'epoch': '1.75'}
{'loss': '0.2941', 'grad_norm': '0.5798', 'learning_rate': '0.000251', 'epoch': '2'}
{'eval_loss': '0.3596', 'eval_runtime': '1.463', 'eval_samples_per_second': '30.07', 'eval_steps_per_second': '2.05', 'epoch': '2'}
{'loss': '0.271', 'grad_norm': '0.3652', 'learning_rate': '0.0002406', 'epoch': '2.25'}
{'loss': '0.2', 'grad_norm': '0.2151', 'learning_rate': '0.0002302', 'epoch': '2.5'}
{'loss': '0.2205', 'grad_norm': '0.2877', 'learning_rate': '0.0002198', 'epoch': '2.75'}
{'loss': '0.2112', 'grad_norm': '0.3066', 'learning_rate': '0.0002094', 'epoch': '3'}
{'eval_loss': '0.3772', 'eval_runtime': '1.571', 'eval_samples_per_second': '28', 'eval_steps_per_second': '1.909', 'epoch': '3'}
{'loss': '0.1861', 'grad_norm': '0.2308', 'learning_rate': '0.000199', 'epoch': '3.25'}
{'loss': '0.1842', 'grad_norm': '0.4059', 'learning_rate': '0.0001885', 'epoch': '3.5'}
{'loss': '0.1614', 'grad_norm': '0.3777', 'learning_rate': '0.0001781', 'epoch': '3.75'}
{'loss': '0.189', 'grad_norm': '0.4287', 'learning_rate': '0.0001677', 'epoch': '4'}
{'eval_loss': '0.4114', 'eval_runtime': '1.474', 'eval_samples_per_second': '29.86', 'eval_steps_per_second': '2.036', 'epoch': '4'}
{'loss': '0.1404', 'grad_norm': '0.3393', 'learning_rate': '0.0001573', 'epoch': '4.25'}
{'loss': '0.1302', 'grad_norm': '0.5066', 'learning_rate': '0.0001469', 'epoch': '4.5'}
{'loss': '0.1287', 'grad_norm': '0.3242', 'learning_rate': '0.0001365', 'epoch': '4.75'}
{'loss': '0.1548', 'grad_norm': '0.4211', 'learning_rate': '0.000126', 'epoch': '5'}
{'eval_loss': '0.4426', 'eval_runtime': '1.558', 'eval_samples_per_second': '28.24', 'eval_steps_per_second': '1.925', 'epoch': '5'}
{'loss': '0.1163', 'grad_norm': '0.4356', 'learning_rate': '0.0001156', 'epoch': '5.25'}
{'loss': '0.08862', 'grad_norm': '0.3834', 'learning_rate': '0.0001052', 'epoch': '5.5'}
{'loss': '0.1027', 'grad_norm': '0.4049', 'learning_rate': '9.479e-05', 'epoch': '5.75'}
{'loss': '0.1127', 'grad_norm': '0.4098', 'learning_rate': '8.437e-05', 'epoch': '6'}
{'eval_loss': '0.4747', 'eval_runtime': '1.509', 'eval_samples_per_second': '29.16', 'eval_steps_per_second': '1.988', 'epoch': '6'}
{'loss': '0.08624', 'grad_norm': '0.332', 'learning_rate': '7.396e-05', 'epoch': '6.25'}
{'loss': '0.07991', 'grad_norm': '0.381', 'learning_rate': '6.354e-05', 'epoch': '6.5'}
{'loss': '0.07637', 'grad_norm': '0.4513', 'learning_rate': '5.312e-05', 'epoch': '6.75'}
{'loss': '0.07419', 'grad_norm': '0.4278', 'learning_rate': '4.271e-05', 'epoch': '7'}
{'eval_loss': '0.51', 'eval_runtime': '1.515', 'eval_samples_per_second': '29.05', 'eval_steps_per_second': '1.98', 'epoch': '7'}
{'loss': '0.06474', 'grad_norm': '0.2537', 'learning_rate': '3.229e-05', 'epoch': '7.25'}
{'loss': '0.06893', 'grad_norm': '0.3289', 'learning_rate': '2.187e-05', 'epoch': '7.5'}
{'loss': '0.05616', 'grad_norm': '0.4254', 'learning_rate': '1.146e-05', 'epoch': '7.75'}
{'loss': '0.06544', 'grad_norm': '0.37', 'learning_rate': '1.042e-06', 'epoch': '8'}
{'eval_loss': '0.528', 'eval_runtime': '1.581', 'eval_samples_per_second': '27.84', 'eval_steps_per_second': '1.898', 'epoch': '8'}
{'train_runtime': '207.6', 'train_samples_per_second': '12.33', 'train_steps_per_second': '1.542', 'train_loss': '0.1941', 'epoch': '8'}
s30813_armB_both_lora_b80_r8_lr0.0003_seed0: WER 0.1607 -> 0.1730 (-7.7%, p 0.512); forgiven 0.1194 -> 0.1562 (-30.8%, p 0.144) in 4.3 min train 216s base 0s other_arm 0s load_tuned 5s transcribe_tuned 34s score 0s
s30831_armB_both_lora_b80_r8_lr0.0001_seed0: 372 train chunks (79.9 min), 70 dev
trainable params: 3,932,160 || all params: 1,547,422,720 || trainable%: 0.2541
precision: bf16, base weights torch.bfloat16, grad checkpointing False, lr 0.0001, method lora
{'loss': '0.5557', 'grad_norm': '0.2804', 'learning_rate': '2.368e-05', 'epoch': '0.2128'}
{'loss': '0.4729', 'grad_norm': '0.2166', 'learning_rate': '5e-05', 'epoch': '0.4255'}
{'loss': '0.4191', 'grad_norm': '0.1153', 'learning_rate': '7.632e-05', 'epoch': '0.6383'}
{'loss': '0.4197', 'grad_norm': '0.1499', 'learning_rate': '9.97e-05', 'epoch': '0.8511'}
{'eval_loss': '0.3787', 'eval_runtime': '3.532', 'eval_samples_per_second': '19.82', 'eval_steps_per_second': '1.416', 'epoch': '1'}
{'loss': '0.4748', 'grad_norm': '0.2756', 'learning_rate': '9.675e-05', 'epoch': '1.064'}
{'loss': '0.4137', 'grad_norm': '0.1715', 'learning_rate': '9.379e-05', 'epoch': '1.277'}
{'loss': '0.2871', 'grad_norm': '0.3144', 'learning_rate': '9.083e-05', 'epoch': '1.489'}
{'loss': '0.2879', 'grad_norm': '0.269', 'learning_rate': '8.787e-05', 'epoch': '1.702'}
{'loss': '0.3123', 'grad_norm': '0.2952', 'learning_rate': '8.491e-05', 'epoch': '1.915'}
{'eval_loss': '0.2742', 'eval_runtime': '2.173', 'eval_samples_per_second': '32.22', 'eval_steps_per_second': '2.301', 'epoch': '2'}
{'loss': '0.2897', 'grad_norm': '0.1561', 'learning_rate': '8.195e-05', 'epoch': '2.128'}
{'loss': '0.2618', 'grad_norm': '0.1758', 'learning_rate': '7.899e-05', 'epoch': '2.34'}
{'loss': '0.2344', 'grad_norm': '0.1539', 'learning_rate': '7.604e-05', 'epoch': '2.553'}
{'loss': '0.2669', 'grad_norm': '0.3669', 'learning_rate': '7.308e-05', 'epoch': '2.766'}
{'loss': '0.2457', 'grad_norm': '0.1968', 'learning_rate': '7.012e-05', 'epoch': '2.979'}
{'eval_loss': '0.2595', 'eval_runtime': '2.177', 'eval_samples_per_second': '32.16', 'eval_steps_per_second': '2.297', 'epoch': '3'}
{'loss': '0.2157', 'grad_norm': '0.3369', 'learning_rate': '6.716e-05', 'epoch': '3.191'}
{'loss': '0.24', 'grad_norm': '0.3422', 'learning_rate': '6.42e-05', 'epoch': '3.404'}
{'loss': '0.2153', 'grad_norm': '0.301', 'learning_rate': '6.124e-05', 'epoch': '3.617'}
{'loss': '0.2194', 'grad_norm': '0.1581', 'learning_rate': '5.828e-05', 'epoch': '3.83'}
{'eval_loss': '0.259', 'eval_runtime': '2.184', 'eval_samples_per_second': '32.05', 'eval_steps_per_second': '2.29', 'epoch': '4'}
{'loss': '0.2187', 'grad_norm': '0.259', 'learning_rate': '5.533e-05', 'epoch': '4.043'}
{'loss': '0.2052', 'grad_norm': '0.249', 'learning_rate': '5.237e-05', 'epoch': '4.255'}
{'loss': '0.2213', 'grad_norm': '0.1913', 'learning_rate': '4.941e-05', 'epoch': '4.468'}
{'loss': '0.1977', 'grad_norm': '0.3249', 'learning_rate': '4.645e-05', 'epoch': '4.681'}
{'loss': '0.1919', 'grad_norm': '0.3114', 'learning_rate': '4.349e-05', 'epoch': '4.894'}
{'eval_loss': '0.2619', 'eval_runtime': '2.176', 'eval_samples_per_second': '32.17', 'eval_steps_per_second': '2.298', 'epoch': '5'}
{'loss': '0.1993', 'grad_norm': '0.2693', 'learning_rate': '4.053e-05', 'epoch': '5.106'}
{'loss': '0.1825', 'grad_norm': '0.2869', 'learning_rate': '3.757e-05', 'epoch': '5.319'}
{'loss': '0.1923', 'grad_norm': '0.2906', 'learning_rate': '3.462e-05', 'epoch': '5.532'}
{'loss': '0.2014', 'grad_norm': '0.3388', 'learning_rate': '3.166e-05', 'epoch': '5.745'}
{'loss': '0.1814', 'grad_norm': '0.4079', 'learning_rate': '2.87e-05', 'epoch': '5.957'}
{'eval_loss': '0.2673', 'eval_runtime': '2.191', 'eval_samples_per_second': '31.94', 'eval_steps_per_second': '2.282', 'epoch': '6'}
{'loss': '0.1709', 'grad_norm': '0.3367', 'learning_rate': '2.574e-05', 'epoch': '6.17'}
{'loss': '0.1753', 'grad_norm': '0.3278', 'learning_rate': '2.278e-05', 'epoch': '6.383'}
{'loss': '0.1831', 'grad_norm': '0.3723', 'learning_rate': '1.982e-05', 'epoch': '6.596'}
{'loss': '0.1741', 'grad_norm': '0.3899', 'learning_rate': '1.686e-05', 'epoch': '6.809'}
{'eval_loss': '0.2723', 'eval_runtime': '2.157', 'eval_samples_per_second': '32.46', 'eval_steps_per_second': '2.318', 'epoch': '7'}
{'loss': '0.1892', 'grad_norm': '0.3597', 'learning_rate': '1.391e-05', 'epoch': '7.021'}
{'loss': '0.1681', 'grad_norm': '0.2777', 'learning_rate': '1.095e-05', 'epoch': '7.234'}
{'loss': '0.1819', 'grad_norm': '0.2758', 'learning_rate': '7.988e-06', 'epoch': '7.447'}
{'loss': '0.1756', 'grad_norm': '0.3941', 'learning_rate': '5.03e-06', 'epoch': '7.66'}
{'loss': '0.1603', 'grad_norm': '0.2545', 'learning_rate': '2.071e-06', 'epoch': '7.872'}
{'eval_loss': '0.2744', 'eval_runtime': '2.167', 'eval_samples_per_second': '32.3', 'eval_steps_per_second': '2.307', 'epoch': '8'}
{'train_runtime': '245', 'train_samples_per_second': '12.14', 'train_steps_per_second': '1.534', 'train_loss': '0.2531', 'epoch': '8'}
s30831_armB_both_lora_b80_r8_lr0.0001_seed0: WER 0.2736 -> 0.2278 (+16.7%, p 0.000); forgiven 0.1452 -> 0.1535 (-5.7%, p 0.218) in 4.8 min train 253s base 0s other_arm 0s load_tuned 6s transcribe_tuned 27s score 0s
s30831_armB_both_lora_b80_r8_lr0.0003_seed0: 372 train chunks (79.9 min), 70 dev
trainable params: 3,932,160 || all params: 1,547,422,720 || trainable%: 0.2541
precision: bf16, base weights torch.bfloat16, grad checkpointing False, lr 0.0003, method lora
{'loss': '0.5547', 'grad_norm': '0.3039', 'learning_rate': '7.105e-05', 'epoch': '0.2128'}
{'loss': '0.4605', 'grad_norm': '0.2474', 'learning_rate': '0.00015', 'epoch': '0.4255'}
{'loss': '0.3794', 'grad_norm': '0.1291', 'learning_rate': '0.0002289', 'epoch': '0.6383'}
{'loss': '0.3471', 'grad_norm': '0.2152', 'learning_rate': '0.0002991', 'epoch': '0.8511'}
{'eval_loss': '0.2798', 'eval_runtime': '3.566', 'eval_samples_per_second': '19.63', 'eval_steps_per_second': '1.402', 'epoch': '1'}
{'loss': '0.3433', 'grad_norm': '0.3002', 'learning_rate': '0.0002902', 'epoch': '1.064'}
{'loss': '0.2979', 'grad_norm': '0.1721', 'learning_rate': '0.0002814', 'epoch': '1.277'}
{'loss': '0.1924', 'grad_norm': '0.2588', 'learning_rate': '0.0002725', 'epoch': '1.489'}
{'loss': '0.216', 'grad_norm': '0.2685', 'learning_rate': '0.0002636', 'epoch': '1.702'}
{'loss': '0.2658', 'grad_norm': '0.387', 'learning_rate': '0.0002547', 'epoch': '1.915'}
{'eval_loss': '0.258', 'eval_runtime': '2.162', 'eval_samples_per_second': '32.37', 'eval_steps_per_second': '2.312', 'epoch': '2'}
{'loss': '0.2287', 'grad_norm': '0.1606', 'learning_rate': '0.0002459', 'epoch': '2.128'}
{'loss': '0.1903', 'grad_norm': '0.1823', 'learning_rate': '0.000237', 'epoch': '2.34'}
{'loss': '0.179', 'grad_norm': '0.1911', 'learning_rate': '0.0002281', 'epoch': '2.553'}
{'loss': '0.2026', 'grad_norm': '0.4813', 'learning_rate': '0.0002192', 'epoch': '2.766'}
{'loss': '0.1911', 'grad_norm': '0.2656', 'learning_rate': '0.0002104', 'epoch': '2.979'}
{'eval_loss': '0.2703', 'eval_runtime': '2.143', 'eval_samples_per_second': '32.66', 'eval_steps_per_second': '2.333', 'epoch': '3'}
{'loss': '0.1441', 'grad_norm': '0.3461', 'learning_rate': '0.0002015', 'epoch': '3.191'}
{'loss': '0.1575', 'grad_norm': '0.5271', 'learning_rate': '0.0001926', 'epoch': '3.404'}
{'loss': '0.1359', 'grad_norm': '0.3495', 'learning_rate': '0.0001837', 'epoch': '3.617'}
{'loss': '0.1482', 'grad_norm': '0.1894', 'learning_rate': '0.0001749', 'epoch': '3.83'}
{'eval_loss': '0.2942', 'eval_runtime': '2.188', 'eval_samples_per_second': '31.99', 'eval_steps_per_second': '2.285', 'epoch': '4'}
{'loss': '0.1412', 'grad_norm': '0.1822', 'learning_rate': '0.000166', 'epoch': '4.043'}
{'loss': '0.1048', 'grad_norm': '0.3139', 'learning_rate': '0.0001571', 'epoch': '4.255'}
{'loss': '0.1202', 'grad_norm': '0.2742', 'learning_rate': '0.0001482', 'epoch': '4.468'}
{'loss': '0.1002', 'grad_norm': '0.5663', 'learning_rate': '0.0001393', 'epoch': '4.681'}
{'loss': '0.1042', 'grad_norm': '0.3771', 'learning_rate': '0.0001305', 'epoch': '4.894'}
{'eval_loss': '0.3134', 'eval_runtime': '2.211', 'eval_samples_per_second': '31.66', 'eval_steps_per_second': '2.261', 'epoch': '5'}
{'loss': '0.105', 'grad_norm': '0.2493', 'learning_rate': '0.0001216', 'epoch': '5.106'}
{'loss': '0.08039', 'grad_norm': '0.3494', 'learning_rate': '0.0001127', 'epoch': '5.319'}
{'loss': '0.08072', 'grad_norm': '0.3672', 'learning_rate': '0.0001038', 'epoch': '5.532'}
{'loss': '0.07865', 'grad_norm': '0.3901', 'learning_rate': '9.497e-05', 'epoch': '5.745'}
{'loss': '0.07742', 'grad_norm': '0.3833', 'learning_rate': '8.609e-05', 'epoch': '5.957'}
{'eval_loss': '0.3411', 'eval_runtime': '2.213', 'eval_samples_per_second': '31.63', 'eval_steps_per_second': '2.259', 'epoch': '6'}
{'loss': '0.06029', 'grad_norm': '0.3177', 'learning_rate': '7.722e-05', 'epoch': '6.17'}
{'loss': '0.06086', 'grad_norm': '0.3404', 'learning_rate': '6.834e-05', 'epoch': '6.383'}
{'loss': '0.06591', 'grad_norm': '0.3732', 'learning_rate': '5.947e-05', 'epoch': '6.596'}
{'loss': '0.05731', 'grad_norm': '0.379', 'learning_rate': '5.059e-05', 'epoch': '6.809'}
{'eval_loss': '0.3707', 'eval_runtime': '2.188', 'eval_samples_per_second': '32', 'eval_steps_per_second': '2.286', 'epoch': '7'}
{'loss': '0.05595', 'grad_norm': '0.4122', 'learning_rate': '4.172e-05', 'epoch': '7.021'}
{'loss': '0.04693', 'grad_norm': '0.3921', 'learning_rate': '3.284e-05', 'epoch': '7.234'}
{'loss': '0.04886', 'grad_norm': '0.2891', 'learning_rate': '2.396e-05', 'epoch': '7.447'}
{'loss': '0.04925', 'grad_norm': '0.3125', 'learning_rate': '1.509e-05', 'epoch': '7.66'}
{'loss': '0.04229', 'grad_norm': '0.239', 'learning_rate': '6.213e-06', 'epoch': '7.872'}
{'eval_loss': '0.3848', 'eval_runtime': '2.208', 'eval_samples_per_second': '31.7', 'eval_steps_per_second': '2.264', 'epoch': '8'}
{'train_runtime': '248.9', 'train_samples_per_second': '11.96', 'train_steps_per_second': '1.511', 'train_loss': '0.1634', 'epoch': '8'}
s30831_armB_both_lora_b80_r8_lr0.0003_seed0: WER 0.2736 -> 0.2250 (+17.7%, p 0.000); forgiven 0.1452 -> 0.1490 (-2.6%, p 0.551) in 4.9 min train 257s base 0s other_arm 0s load_tuned 6s transcribe_tuned 28s score 0s
s30843_armB_both_lora_b80_r8_lr0.0001_seed0: 397 train chunks (79.8 min), 118 dev
trainable params: 3,932,160 || all params: 1,547,422,720 || trainable%: 0.2541
precision: bf16, base weights torch.bfloat16, grad checkpointing False, lr 0.0001, method lora
{'loss': '0.4644', 'grad_norm': '0.1592', 'learning_rate': '2.25e-05', 'epoch': '0.2'}
{'loss': '0.5065', 'grad_norm': '0.1899', 'learning_rate': '4.75e-05', 'epoch': '0.4'}
{'loss': '0.4493', 'grad_norm': '0.1674', 'learning_rate': '7.25e-05', 'epoch': '0.6'}
{'loss': '0.44', 'grad_norm': '0.2487', 'learning_rate': '9.75e-05', 'epoch': '0.8'}
{'loss': '0.445', 'grad_norm': '0.2952', 'learning_rate': '9.75e-05', 'epoch': '1'}
{'eval_loss': '0.4614', 'eval_runtime': '4.786', 'eval_samples_per_second': '24.66', 'eval_steps_per_second': '1.672', 'epoch': '1'}
{'loss': '0.3907', 'grad_norm': '0.2619', 'learning_rate': '9.472e-05', 'epoch': '1.2'}
{'loss': '0.3512', 'grad_norm': '0.3773', 'learning_rate': '9.194e-05', 'epoch': '1.4'}
{'loss': '0.3093', 'grad_norm': '0.2627', 'learning_rate': '8.917e-05', 'epoch': '1.6'}
{'loss': '0.3251', 'grad_norm': '0.376', 'learning_rate': '8.639e-05', 'epoch': '1.8'}
{'loss': '0.2953', 'grad_norm': '0.1487', 'learning_rate': '8.361e-05', 'epoch': '2'}
{'eval_loss': '0.3926', 'eval_runtime': '3.428', 'eval_samples_per_second': '34.43', 'eval_steps_per_second': '2.334', 'epoch': '2'}
{'loss': '0.2476', 'grad_norm': '0.4425', 'learning_rate': '8.083e-05', 'epoch': '2.2'}
{'loss': '0.2551', 'grad_norm': '0.2375', 'learning_rate': '7.806e-05', 'epoch': '2.4'}
{'loss': '0.2751', 'grad_norm': '0.3015', 'learning_rate': '7.528e-05', 'epoch': '2.6'}
{'loss': '0.2312', 'grad_norm': '0.2424', 'learning_rate': '7.25e-05', 'epoch': '2.8'}
{'loss': '0.2779', 'grad_norm': '0.4011', 'learning_rate': '6.972e-05', 'epoch': '3'}
{'eval_loss': '0.3829', 'eval_runtime': '3.434', 'eval_samples_per_second': '34.36', 'eval_steps_per_second': '2.33', 'epoch': '3'}
{'loss': '0.2329', 'grad_norm': '0.3447', 'learning_rate': '6.694e-05', 'epoch': '3.2'}
{'loss': '0.2039', 'grad_norm': '0.3408', 'learning_rate': '6.417e-05', 'epoch': '3.4'}
{'loss': '0.2067', 'grad_norm': '0.3152', 'learning_rate': '6.139e-05', 'epoch': '3.6'}
{'loss': '0.224', 'grad_norm': '0.3345', 'learning_rate': '5.861e-05', 'epoch': '3.8'}
{'loss': '0.2435', 'grad_norm': '0.3098', 'learning_rate': '5.583e-05', 'epoch': '4'}
{'eval_loss': '0.3853', 'eval_runtime': '3.43', 'eval_samples_per_second': '34.4', 'eval_steps_per_second': '2.332', 'epoch': '4'}
{'loss': '0.2126', 'grad_norm': '0.3671', 'learning_rate': '5.306e-05', 'epoch': '4.2'}
{'loss': '0.1797', 'grad_norm': '0.4295', 'learning_rate': '5.028e-05', 'epoch': '4.4'}
{'loss': '0.1923', 'grad_norm': '0.2639', 'learning_rate': '4.75e-05', 'epoch': '4.6'}
{'loss': '0.2153', 'grad_norm': '0.5142', 'learning_rate': '4.472e-05', 'epoch': '4.8'}
{'loss': '0.2083', 'grad_norm': '0.7323', 'learning_rate': '4.194e-05', 'epoch': '5'}
{'eval_loss': '0.3945', 'eval_runtime': '3.436', 'eval_samples_per_second': '34.34', 'eval_steps_per_second': '2.328', 'epoch': '5'}
{'loss': '0.2342', 'grad_norm': '0.4447', 'learning_rate': '3.917e-05', 'epoch': '5.2'}
{'loss': '0.182', 'grad_norm': '0.3771', 'learning_rate': '3.639e-05', 'epoch': '5.4'}
{'loss': '0.1626', 'grad_norm': '0.5795', 'learning_rate': '3.361e-05', 'epoch': '5.6'}
{'loss': '0.1864', 'grad_norm': '0.5101', 'learning_rate': '3.083e-05', 'epoch': '5.8'}
{'loss': '0.1668', 'grad_norm': '0.47', 'learning_rate': '2.806e-05', 'epoch': '6'}
{'eval_loss': '0.4042', 'eval_runtime': '3.456', 'eval_samples_per_second': '34.15', 'eval_steps_per_second': '2.315', 'epoch': '6'}
{'loss': '0.1513', 'grad_norm': '0.3574', 'learning_rate': '2.528e-05', 'epoch': '6.2'}
{'loss': '0.1655', 'grad_norm': '0.379', 'learning_rate': '2.25e-05', 'epoch': '6.4'}
{'loss': '0.1744', 'grad_norm': '0.3252', 'learning_rate': '1.972e-05', 'epoch': '6.6'}
{'loss': '0.1796', 'grad_norm': '0.3782', 'learning_rate': '1.694e-05', 'epoch': '6.8'}
{'loss': '0.1727', 'grad_norm': '0.5418', 'learning_rate': '1.417e-05', 'epoch': '7'}
{'eval_loss': '0.4132', 'eval_runtime': '3.456', 'eval_samples_per_second': '34.14', 'eval_steps_per_second': '2.315', 'epoch': '7'}
{'loss': '0.151', 'grad_norm': '0.4421', 'learning_rate': '1.139e-05', 'epoch': '7.2'}
{'loss': '0.1673', 'grad_norm': '0.3946', 'learning_rate': '8.611e-06', 'epoch': '7.4'}
{'loss': '0.1655', 'grad_norm': '0.4955', 'learning_rate': '5.833e-06', 'epoch': '7.6'}
{'loss': '0.1563', 'grad_norm': '0.4574', 'learning_rate': '3.056e-06', 'epoch': '7.8'}
{'loss': '0.1451', 'grad_norm': '0.6052', 'learning_rate': '2.778e-07', 'epoch': '8'}
{'eval_loss': '0.4168', 'eval_runtime': '3.433', 'eval_samples_per_second': '34.37', 'eval_steps_per_second': '2.33', 'epoch': '8'}
{'train_runtime': '269', 'train_samples_per_second': '11.81', 'train_steps_per_second': '1.487', 'train_loss': '0.2486', 'epoch': '8'}
s30843_armB_both_lora_b80_r8_lr0.0001_seed0: WER 0.3231 -> 0.2689 (+16.8%, p 0.000); forgiven 0.2102 -> 0.1920 (+8.6%, p 0.002) in 5.2 min train 278s base 0s other_arm 0s load_tuned 6s transcribe_tuned 27s score 0s
s30843_armB_both_lora_b80_r8_lr0.0003_seed0: 397 train chunks (79.8 min), 118 dev
trainable params: 3,932,160 || all params: 1,547,422,720 || trainable%: 0.2541
precision: bf16, base weights torch.bfloat16, grad checkpointing False, lr 0.0003, method lora
{'loss': '0.4637', 'grad_norm': '0.1612', 'learning_rate': '6.75e-05', 'epoch': '0.2'}
{'loss': '0.497', 'grad_norm': '0.2166', 'learning_rate': '0.0001425', 'epoch': '0.4'}
{'loss': '0.4189', 'grad_norm': '0.2533', 'learning_rate': '0.0002175', 'epoch': '0.6'}
{'loss': '0.3774', 'grad_norm': '0.3348', 'learning_rate': '0.0002925', 'epoch': '0.8'}
{'loss': '0.33', 'grad_norm': '0.2885', 'learning_rate': '0.0002925', 'epoch': '1'}
{'eval_loss': '0.3979', 'eval_runtime': '4.356', 'eval_samples_per_second': '27.09', 'eval_steps_per_second': '1.836', 'epoch': '1'}
{'loss': '0.2656', 'grad_norm': '0.2662', 'learning_rate': '0.0002842', 'epoch': '1.2'}
{'loss': '0.2426', 'grad_norm': '1.171', 'learning_rate': '0.0002758', 'epoch': '1.4'}
{'loss': '0.2392', 'grad_norm': '0.2625', 'learning_rate': '0.0002675', 'epoch': '1.6'}
{'loss': '0.2578', 'grad_norm': '0.3764', 'learning_rate': '0.0002592', 'epoch': '1.8'}
{'loss': '0.2544', 'grad_norm': '0.1884', 'learning_rate': '0.0002508', 'epoch': '2'}
{'eval_loss': '0.3897', 'eval_runtime': '3.435', 'eval_samples_per_second': '34.35', 'eval_steps_per_second': '2.329', 'epoch': '2'}
{'loss': '0.1791', 'grad_norm': '0.359', 'learning_rate': '0.0002425', 'epoch': '2.2'}
{'loss': '0.188', 'grad_norm': '0.2661', 'learning_rate': '0.0002342', 'epoch': '2.4'}
{'loss': '0.2065', 'grad_norm': '0.4282', 'learning_rate': '0.0002258', 'epoch': '2.6'}
{'loss': '0.1649', 'grad_norm': '0.2126', 'learning_rate': '0.0002175', 'epoch': '2.8'}
{'loss': '0.2052', 'grad_norm': '0.4501', 'learning_rate': '0.0002092', 'epoch': '3'}
{'eval_loss': '0.4076', 'eval_runtime': '3.494', 'eval_samples_per_second': '33.77', 'eval_steps_per_second': '2.29', 'epoch': '3'}
{'loss': '0.1378', 'grad_norm': '0.4179', 'learning_rate': '0.0002008', 'epoch': '3.2'}
{'loss': '0.1194', 'grad_norm': '0.3301', 'learning_rate': '0.0001925', 'epoch': '3.4'}
{'loss': '0.1178', 'grad_norm': '0.3102', 'learning_rate': '0.0001842', 'epoch': '3.6'}
{'loss': '0.145', 'grad_norm': '0.3281', 'learning_rate': '0.0001758', 'epoch': '3.8'}
{'loss': '0.1483', 'grad_norm': '0.3276', 'learning_rate': '0.0001675', 'epoch': '4'}
{'eval_loss': '0.4266', 'eval_runtime': '3.424', 'eval_samples_per_second': '34.47', 'eval_steps_per_second': '2.337', 'epoch': '4'}
{'loss': '0.1077', 'grad_norm': '0.4425', 'learning_rate': '0.0001592', 'epoch': '4.2'}
{'loss': '0.082', 'grad_norm': '0.4562', 'learning_rate': '0.0001508', 'epoch': '4.4'}
{'loss': '0.08795', 'grad_norm': '0.3566', 'learning_rate': '0.0001425', 'epoch': '4.6'}
{'loss': '0.0967', 'grad_norm': '0.5514', 'learning_rate': '0.0001342', 'epoch': '4.8'}
{'loss': '0.09972', 'grad_norm': '0.6812', 'learning_rate': '0.0001258', 'epoch': '5'}
{'eval_loss': '0.4815', 'eval_runtime': '3.452', 'eval_samples_per_second': '34.18', 'eval_steps_per_second': '2.317', 'epoch': '5'}
{'loss': '0.09063', 'grad_norm': '0.3972', 'learning_rate': '0.0001175', 'epoch': '5.2'}
{'loss': '0.05957', 'grad_norm': '0.2713', 'learning_rate': '0.0001092', 'epoch': '5.4'}
{'loss': '0.05859', 'grad_norm': '0.3751', 'learning_rate': '0.0001008', 'epoch': '5.6'}
{'loss': '0.06736', 'grad_norm': '0.4205', 'learning_rate': '9.25e-05', 'epoch': '5.8'}
{'loss': '0.05911', 'grad_norm': '0.3467', 'learning_rate': '8.417e-05', 'epoch': '6'}
{'eval_loss': '0.5189', 'eval_runtime': '3.442', 'eval_samples_per_second': '34.28', 'eval_steps_per_second': '2.324', 'epoch': '6'}
{'loss': '0.03897', 'grad_norm': '0.308', 'learning_rate': '7.583e-05', 'epoch': '6.2'}
{'loss': '0.0425', 'grad_norm': '0.3458', 'learning_rate': '6.75e-05', 'epoch': '6.4'}
{'loss': '0.04475', 'grad_norm': '0.3058', 'learning_rate': '5.917e-05', 'epoch': '6.6'}
{'loss': '0.04809', 'grad_norm': '0.2415', 'learning_rate': '5.083e-05', 'epoch': '6.8'}
{'loss': '0.04935', 'grad_norm': '0.5594', 'learning_rate': '4.25e-05', 'epoch': '7'}
{'eval_loss': '0.5659', 'eval_runtime': '3.404', 'eval_samples_per_second': '34.66', 'eval_steps_per_second': '2.35', 'epoch': '7'}
{'loss': '0.03387', 'grad_norm': '0.3275', 'learning_rate': '3.417e-05', 'epoch': '7.2'}
{'loss': '0.03708', 'grad_norm': '0.2697', 'learning_rate': '2.583e-05', 'epoch': '7.4'}
{'loss': '0.03208', 'grad_norm': '0.3124', 'learning_rate': '1.75e-05', 'epoch': '7.6'}
{'loss': '0.03211', 'grad_norm': '0.1912', 'learning_rate': '9.167e-06', 'epoch': '7.8'}
{'loss': '0.0282', 'grad_norm': '0.1912', 'learning_rate': '8.333e-07', 'epoch': '8'}
{'eval_loss': '0.593', 'eval_runtime': '3.438', 'eval_samples_per_second': '34.32', 'eval_steps_per_second': '2.327', 'epoch': '8'}
{'train_runtime': '263.3', 'train_samples_per_second': '12.06', 'train_steps_per_second': '1.519', 'train_loss': '0.1539', 'epoch': '8'}
s30843_armB_both_lora_b80_r8_lr0.0003_seed0: WER 0.3231 -> 0.2665 (+17.5%, p 0.000); forgiven 0.2102 -> 0.1853 (+11.8%, p 0.000) in 5.1 min train 272s base 0s other_arm 0s load_tuned 6s transcribe_tuned 28s score 0s
s30859_armB_both_lora_b80_r8_lr0.0001_seed0: 343 train chunks (79.8 min), 75 dev
trainable params: 3,932,160 || all params: 1,547,422,720 || trainable%: 0.2541
precision: bf16, base weights torch.bfloat16, grad checkpointing False, lr 0.0001, method lora
{'loss': '0.3281', 'grad_norm': '0.07239', 'learning_rate': '2.571e-05', 'epoch': '0.2326'}
{'loss': '0.3664', 'grad_norm': '0.1171', 'learning_rate': '5.429e-05', 'epoch': '0.4651'}
{'loss': '0.3571', 'grad_norm': '0.2516', 'learning_rate': '8.286e-05', 'epoch': '0.6977'}
{'loss': '0.3011', 'grad_norm': '0.1011', 'learning_rate': '9.871e-05', 'epoch': '0.9302'}
{'eval_loss': '0.2908', 'eval_runtime': '3.38', 'eval_samples_per_second': '22.19', 'eval_steps_per_second': '1.479', 'epoch': '1'}
{'loss': '0.3052', 'grad_norm': '0.1427', 'learning_rate': '9.547e-05', 'epoch': '1.163'}
{'loss': '0.2595', 'grad_norm': '0.1323', 'learning_rate': '9.223e-05', 'epoch': '1.395'}
{'loss': '0.2193', 'grad_norm': '0.2192', 'learning_rate': '8.9e-05', 'epoch': '1.628'}
{'loss': '0.2565', 'grad_norm': '0.3643', 'learning_rate': '8.576e-05', 'epoch': '1.86'}
{'eval_loss': '0.1906', 'eval_runtime': '2.264', 'eval_samples_per_second': '33.13', 'eval_steps_per_second': '2.209', 'epoch': '2'}
{'loss': '0.1904', 'grad_norm': '0.1971', 'learning_rate': '8.252e-05', 'epoch': '2.093'}
{'loss': '0.1855', 'grad_norm': '0.1388', 'learning_rate': '7.929e-05', 'epoch': '2.326'}
{'loss': '0.1433', 'grad_norm': '0.1506', 'learning_rate': '7.605e-05', 'epoch': '2.558'}
{'loss': '0.1827', 'grad_norm': '0.2725', 'learning_rate': '7.282e-05', 'epoch': '2.791'}
{'eval_loss': '0.1764', 'eval_runtime': '2.302', 'eval_samples_per_second': '32.58', 'eval_steps_per_second': '2.172', 'epoch': '3'}
{'loss': '0.1293', 'grad_norm': '0.1302', 'learning_rate': '6.958e-05', 'epoch': '3.023'}
{'loss': '0.134', 'grad_norm': '0.1556', 'learning_rate': '6.634e-05', 'epoch': '3.256'}
{'loss': '0.1194', 'grad_norm': '0.1486', 'learning_rate': '6.311e-05', 'epoch': '3.488'}
{'loss': '0.1432', 'grad_norm': '0.2789', 'learning_rate': '5.987e-05', 'epoch': '3.721'}
{'loss': '0.1493', 'grad_norm': '0.2797', 'learning_rate': '5.663e-05', 'epoch': '3.953'}
{'eval_loss': '0.1762', 'eval_runtime': '2.277', 'eval_samples_per_second': '32.94', 'eval_steps_per_second': '2.196', 'epoch': '4'}
{'loss': '0.1155', 'grad_norm': '0.1993', 'learning_rate': '5.34e-05', 'epoch': '4.186'}
{'loss': '0.1496', 'grad_norm': '0.3689', 'learning_rate': '5.016e-05', 'epoch': '4.419'}
{'loss': '0.1014', 'grad_norm': '0.278', 'learning_rate': '4.693e-05', 'epoch': '4.651'}
{'loss': '0.1347', 'grad_norm': '0.4982', 'learning_rate': '4.369e-05', 'epoch': '4.884'}
{'eval_loss': '0.1806', 'eval_runtime': '2.283', 'eval_samples_per_second': '32.84', 'eval_steps_per_second': '2.19', 'epoch': '5'}
{'loss': '0.1005', 'grad_norm': '0.2058', 'learning_rate': '4.045e-05', 'epoch': '5.116'}
{'loss': '0.102', 'grad_norm': '0.2248', 'learning_rate': '3.722e-05', 'epoch': '5.349'}
{'loss': '0.1134', 'grad_norm': '0.2434', 'learning_rate': '3.398e-05', 'epoch': '5.581'}
{'loss': '0.09225', 'grad_norm': '0.2905', 'learning_rate': '3.074e-05', 'epoch': '5.814'}
{'eval_loss': '0.1867', 'eval_runtime': '2.271', 'eval_samples_per_second': '33.03', 'eval_steps_per_second': '2.202', 'epoch': '6'}
{'loss': '0.1109', 'grad_norm': '0.2632', 'learning_rate': '2.751e-05', 'epoch': '6.047'}
{'loss': '0.1067', 'grad_norm': '0.3007', 'learning_rate': '2.427e-05', 'epoch': '6.279'}
{'loss': '0.08321', 'grad_norm': '0.4039', 'learning_rate': '2.104e-05', 'epoch': '6.512'}
{'loss': '0.1071', 'grad_norm': '0.3601', 'learning_rate': '1.78e-05', 'epoch': '6.744'}
{'loss': '0.09199', 'grad_norm': '0.2569', 'learning_rate': '1.456e-05', 'epoch': '6.977'}
{'eval_loss': '0.1907', 'eval_runtime': '2.235', 'eval_samples_per_second': '33.56', 'eval_steps_per_second': '2.238', 'epoch': '7'}
{'loss': '0.1248', 'grad_norm': '0.4091', 'learning_rate': '1.133e-05', 'epoch': '7.209'}
{'loss': '0.08545', 'grad_norm': '0.3059', 'learning_rate': '8.091e-06', 'epoch': '7.442'}
{'loss': '0.08282', 'grad_norm': '0.3006', 'learning_rate': '4.854e-06', 'epoch': '7.674'}
{'loss': '0.09211', 'grad_norm': '0.3697', 'learning_rate': '1.618e-06', 'epoch': '7.907'}
{'eval_loss': '0.1925', 'eval_runtime': '2.324', 'eval_samples_per_second': '32.28', 'eval_steps_per_second': '2.152', 'epoch': '8'}
{'train_runtime': '225.4', 'train_samples_per_second': '12.17', 'train_steps_per_second': '1.526', 'train_loss': '0.1625', 'epoch': '8'}
s30859_armB_both_lora_b80_r8_lr0.0001_seed0: WER 0.2538 -> 0.2273 (+10.4%, p 0.000); forgiven 0.1735 -> 0.1666 (+4.0%, p 0.272) in 4.7 min train 234s base 0s other_arm 0s load_tuned 6s transcribe_tuned 42s score 0s
s30859_armB_both_lora_b80_r8_lr0.0003_seed0: 343 train chunks (79.8 min), 75 dev
trainable params: 3,932,160 || all params: 1,547,422,720 || trainable%: 0.2541
precision: bf16, base weights torch.bfloat16, grad checkpointing False, lr 0.0003, method lora
{'loss': '0.3273', 'grad_norm': '0.07368', 'learning_rate': '7.714e-05', 'epoch': '0.2326'}
{'loss': '0.359', 'grad_norm': '0.1307', 'learning_rate': '0.0001629', 'epoch': '0.4651'}
{'loss': '0.3227', 'grad_norm': '0.2406', 'learning_rate': '0.0002486', 'epoch': '0.6977'}
{'loss': '0.2287', 'grad_norm': '0.1926', 'learning_rate': '0.0002961', 'epoch': '0.9302'}
{'eval_loss': '0.1999', 'eval_runtime': '3.611', 'eval_samples_per_second': '20.77', 'eval_steps_per_second': '1.384', 'epoch': '1'}
{'loss': '0.1931', 'grad_norm': '0.1564', 'learning_rate': '0.0002864', 'epoch': '1.163'}
{'loss': '0.1615', 'grad_norm': '0.1841', 'learning_rate': '0.0002767', 'epoch': '1.395'}
{'loss': '0.1426', 'grad_norm': '0.2322', 'learning_rate': '0.000267', 'epoch': '1.628'}
{'loss': '0.1881', 'grad_norm': '0.3904', 'learning_rate': '0.0002573', 'epoch': '1.86'}
{'eval_loss': '0.1779', 'eval_runtime': '2.265', 'eval_samples_per_second': '33.11', 'eval_steps_per_second': '2.207', 'epoch': '2'}
{'loss': '0.1273', 'grad_norm': '0.2264', 'learning_rate': '0.0002476', 'epoch': '2.093'}
{'loss': '0.1134', 'grad_norm': '0.1402', 'learning_rate': '0.0002379', 'epoch': '2.326'}
{'loss': '0.09769', 'grad_norm': '0.2299', 'learning_rate': '0.0002282', 'epoch': '2.558'}
{'loss': '0.1218', 'grad_norm': '0.2511', 'learning_rate': '0.0002184', 'epoch': '2.791'}
{'eval_loss': '0.1903', 'eval_runtime': '2.263', 'eval_samples_per_second': '33.15', 'eval_steps_per_second': '2.21', 'epoch': '3'}
{'loss': '0.0848', 'grad_norm': '0.119', 'learning_rate': '0.0002087', 'epoch': '3.023'}
{'loss': '0.07066', 'grad_norm': '0.1681', 'learning_rate': '0.000199', 'epoch': '3.256'}
{'loss': '0.06123', 'grad_norm': '0.1488', 'learning_rate': '0.0001893', 'epoch': '3.488'}
{'loss': '0.08115', 'grad_norm': '0.2639', 'learning_rate': '0.0001796', 'epoch': '3.721'}
{'loss': '0.08546', 'grad_norm': '0.2811', 'learning_rate': '0.0001699', 'epoch': '3.953'}
{'eval_loss': '0.2057', 'eval_runtime': '2.233', 'eval_samples_per_second': '33.59', 'eval_steps_per_second': '2.239', 'epoch': '4'}
{'loss': '0.05247', 'grad_norm': '0.2094', 'learning_rate': '0.0001602', 'epoch': '4.186'}
{'loss': '0.0595', 'grad_norm': '0.4172', 'learning_rate': '0.0001505', 'epoch': '4.419'}
{'loss': '0.04135', 'grad_norm': '0.263', 'learning_rate': '0.0001408', 'epoch': '4.651'}
{'loss': '0.05871', 'grad_norm': '0.3834', 'learning_rate': '0.0001311', 'epoch': '4.884'}
{'eval_loss': '0.2272', 'eval_runtime': '2.251', 'eval_samples_per_second': '33.31', 'eval_steps_per_second': '2.221', 'epoch': '5'}
{'loss': '0.03623', 'grad_norm': '0.1248', 'learning_rate': '0.0001214', 'epoch': '5.116'}
{'loss': '0.03321', 'grad_norm': '0.1646', 'learning_rate': '0.0001117', 'epoch': '5.349'}
{'loss': '0.02986', 'grad_norm': '0.3098', 'learning_rate': '0.0001019', 'epoch': '5.581'}
{'loss': '0.03217', 'grad_norm': '0.1746', 'learning_rate': '9.223e-05', 'epoch': '5.814'}
{'eval_loss': '0.241', 'eval_runtime': '2.257', 'eval_samples_per_second': '33.22', 'eval_steps_per_second': '2.215', 'epoch': '6'}
{'loss': '0.03969', 'grad_norm': '0.1781', 'learning_rate': '8.252e-05', 'epoch': '6.047'}
{'loss': '0.02608', 'grad_norm': '0.2666', 'learning_rate': '7.282e-05', 'epoch': '6.279'}
{'loss': '0.01877', 'grad_norm': '0.2633', 'learning_rate': '6.311e-05', 'epoch': '6.512'}
{'loss': '0.02141', 'grad_norm': '0.2729', 'learning_rate': '5.34e-05', 'epoch': '6.744'}
{'loss': '0.02004', 'grad_norm': '0.1767', 'learning_rate': '4.369e-05', 'epoch': '6.977'}
{'eval_loss': '0.2737', 'eval_runtime': '2.274', 'eval_samples_per_second': '32.98', 'eval_steps_per_second': '2.199', 'epoch': '7'}
{'loss': '0.02719', 'grad_norm': '0.2798', 'learning_rate': '3.398e-05', 'epoch': '7.209'}
{'loss': '0.01676', 'grad_norm': '0.2461', 'learning_rate': '2.427e-05', 'epoch': '7.442'}
{'loss': '0.01221', 'grad_norm': '0.1984', 'learning_rate': '1.456e-05', 'epoch': '7.674'}
{'loss': '0.01544', 'grad_norm': '0.1561', 'learning_rate': '4.854e-06', 'epoch': '7.907'}
{'eval_loss': '0.2893', 'eval_runtime': '2.245', 'eval_samples_per_second': '33.4', 'eval_steps_per_second': '2.227', 'epoch': '8'}
{'train_runtime': '224.5', 'train_samples_per_second': '12.22', 'train_steps_per_second': '1.532', 'train_loss': '0.09627', 'epoch': '8'}
s30859_armB_both_lora_b80_r8_lr0.0003_seed0: WER 0.2538 -> 0.2314 (+8.8%, p 0.043); forgiven 0.1735 -> 0.1698 (+2.1%, p 0.625) in 4.8 min train 233s base 0s other_arm 0s load_tuned 6s transcribe_tuned 50s score 0s
s30868_armB_both_lora_b80_r8_lr0.0001_seed0: 391 train chunks (80.0 min), 87 dev
trainable params: 3,932,160 || all params: 1,547,422,720 || trainable%: 0.2541
precision: bf16, base weights torch.bfloat16, grad checkpointing False, lr 0.0001, method lora
{'loss': '0.4656', 'grad_norm': '0.1294', 'learning_rate': '2.25e-05', 'epoch': '0.2041'}
{'loss': '0.5228', 'grad_norm': '0.1346', 'learning_rate': '4.75e-05', 'epoch': '0.4082'}
{'loss': '0.4246', 'grad_norm': '0.1151', 'learning_rate': '7.25e-05', 'epoch': '0.6122'}
{'loss': '0.4766', 'grad_norm': '0.1557', 'learning_rate': '9.75e-05', 'epoch': '0.8163'}
{'eval_loss': '0.3378', 'eval_runtime': '3.931', 'eval_samples_per_second': '22.13', 'eval_steps_per_second': '1.526', 'epoch': '1'}
{'loss': '0.4145', 'grad_norm': '0.21', 'learning_rate': '9.744e-05', 'epoch': '1.02'}
{'loss': '0.3823', 'grad_norm': '0.1758', 'learning_rate': '9.46e-05', 'epoch': '1.224'}
{'loss': '0.3738', 'grad_norm': '0.2867', 'learning_rate': '9.176e-05', 'epoch': '1.429'}
{'loss': '0.3147', 'grad_norm': '0.227', 'learning_rate': '8.892e-05', 'epoch': '1.633'}
{'loss': '0.3303', 'grad_norm': '0.2855', 'learning_rate': '8.608e-05', 'epoch': '1.837'}
{'eval_loss': '0.2309', 'eval_runtime': '2.588', 'eval_samples_per_second': '33.62', 'eval_steps_per_second': '2.318', 'epoch': '2'}
{'loss': '0.2852', 'grad_norm': '0.3738', 'learning_rate': '8.324e-05', 'epoch': '2.041'}
{'loss': '0.269', 'grad_norm': '0.1901', 'learning_rate': '8.04e-05', 'epoch': '2.245'}
{'loss': '0.2432', 'grad_norm': '0.2661', 'learning_rate': '7.756e-05', 'epoch': '2.449'}
{'loss': '0.3136', 'grad_norm': '0.2729', 'learning_rate': '7.472e-05', 'epoch': '2.653'}
{'loss': '0.244', 'grad_norm': '0.3844', 'learning_rate': '7.187e-05', 'epoch': '2.857'}
{'eval_loss': '0.2197', 'eval_runtime': '2.595', 'eval_samples_per_second': '33.52', 'eval_steps_per_second': '2.312', 'epoch': '3'}
{'loss': '0.277', 'grad_norm': '0.3645', 'learning_rate': '6.903e-05', 'epoch': '3.061'}
{'loss': '0.2205', 'grad_norm': '0.1736', 'learning_rate': '6.619e-05', 'epoch': '3.265'}
{'loss': '0.2431', 'grad_norm': '0.2176', 'learning_rate': '6.335e-05', 'epoch': '3.469'}
{'loss': '0.2445', 'grad_norm': '0.374', 'learning_rate': '6.051e-05', 'epoch': '3.673'}
{'loss': '0.2473', 'grad_norm': '0.3321', 'learning_rate': '5.767e-05', 'epoch': '3.878'}
{'eval_loss': '0.2188', 'eval_runtime': '2.606', 'eval_samples_per_second': '33.39', 'eval_steps_per_second': '2.303', 'epoch': '4'}
{'loss': '0.2425', 'grad_norm': '0.2435', 'learning_rate': '5.483e-05', 'epoch': '4.082'}
{'loss': '0.2346', 'grad_norm': '0.3225', 'learning_rate': '5.199e-05', 'epoch': '4.286'}
{'loss': '0.2467', 'grad_norm': '0.4222', 'learning_rate': '4.915e-05', 'epoch': '4.49'}
{'loss': '0.2124', 'grad_norm': '0.3551', 'learning_rate': '4.631e-05', 'epoch': '4.694'}
{'loss': '0.1892', 'grad_norm': '0.4015', 'learning_rate': '4.347e-05', 'epoch': '4.898'}
{'eval_loss': '0.2207', 'eval_runtime': '2.577', 'eval_samples_per_second': '33.76', 'eval_steps_per_second': '2.328', 'epoch': '5'}
{'loss': '0.1914', 'grad_norm': '0.4379', 'learning_rate': '4.063e-05', 'epoch': '5.102'}
{'loss': '0.2047', 'grad_norm': '0.284', 'learning_rate': '3.778e-05', 'epoch': '5.306'}
{'loss': '0.2029', 'grad_norm': '0.4013', 'learning_rate': '3.494e-05', 'epoch': '5.51'}
{'loss': '0.231', 'grad_norm': '0.3892', 'learning_rate': '3.21e-05', 'epoch': '5.714'}
{'loss': '0.1868', 'grad_norm': '0.458', 'learning_rate': '2.926e-05', 'epoch': '5.918'}
{'eval_loss': '0.2272', 'eval_runtime': '2.59', 'eval_samples_per_second': '33.6', 'eval_steps_per_second': '2.317', 'epoch': '6'}
{'loss': '0.1711', 'grad_norm': '0.3202', 'learning_rate': '2.642e-05', 'epoch': '6.122'}
{'loss': '0.1949', 'grad_norm': '0.5234', 'learning_rate': '2.358e-05', 'epoch': '6.327'}
{'loss': '0.1804', 'grad_norm': '0.4639', 'learning_rate': '2.074e-05', 'epoch': '6.531'}
{'loss': '0.1914', 'grad_norm': '0.3361', 'learning_rate': '1.79e-05', 'epoch': '6.735'}
{'loss': '0.1893', 'grad_norm': '0.4271', 'learning_rate': '1.506e-05', 'epoch': '6.939'}
{'eval_loss': '0.2316', 'eval_runtime': '2.589', 'eval_samples_per_second': '33.61', 'eval_steps_per_second': '2.318', 'epoch': '7'}
