[Sun Sep 20 15:53:34 UTC 2026] waiting for pids 49231 62409
[Sun Sep 20 16:41:34 UTC 2026] building targets
targets:             chunks  changed  ins_per_100
targets: speaker_id                              
targets: 23558        657.0    0.589       13.502
targets: 30685        438.0    0.705       11.407
targets: 30701        475.0    0.558       10.917
targets: 30718        353.0    0.669        9.875
targets: 30752        518.0    0.432        8.304
targets: 30777        427.0    0.602        8.903
targets: 30813        365.0    0.737       16.992
targets: 30831        449.0    0.588       12.221
targets: 30843        578.0    0.583        9.460
targets: 30859        428.0    0.407        4.344
targets: 30868        489.0    0.603       12.398
targets: all: 5,177 chunks, 58.3% changed, 10.7 words inserted per 100 reference words
targets: top inserted words: אני (574), לא (565), זה (478), אז (405), את (284), גם (213), מה (211), אבל (207), כן (195), בעצם (190), אנחנו (178), באמת (162), יש (144), הוא (130), של (129)
[Sun Sep 20 16:41:36 UTC 2026] run A: verbatim targets + selection on dev forgiven WER, lr 3e-4
11 cells over 11 speakers; test 603 min, train 915 min available; then the cross-speaker control in 2 fold(s) at 80 min
s23558_armB_both_lora_b80_r8_lr0.0003_seed0_verbatim-selF: 511 train chunks (80.0 min), 126 dev, select on forgiven
trainable params: 3,932,160 || all params: 1,547,422,720 || trainable%: 0.2541
precision: bf16, base weights torch.bfloat16, grad checkpointing False, lr 0.0003, method lora
{'loss': '0.7296', 'grad_norm': '0.2045', 'learning_rate': '5.192e-05', 'epoch': '0.1562'}
{'loss': '0.6088', 'grad_norm': '0.1703', 'learning_rate': '0.0001096', 'epoch': '0.3125'}
{'loss': '0.5464', 'grad_norm': '0.1552', 'learning_rate': '0.0001673', 'epoch': '0.4688'}
{'loss': '0.5641', 'grad_norm': '0.3379', 'learning_rate': '0.000225', 'epoch': '0.625'}
{'loss': '0.5044', 'grad_norm': '0.3215', 'learning_rate': '0.0002827', 'epoch': '0.7812'}
{'loss': '0.461', 'grad_norm': '0.3088', 'learning_rate': '0.0002954', 'epoch': '0.9375'}
{'eval_loss': '0.5517', 'eval_forgiven_wer': '0.2461', 'eval_wer': '0.3542', 'eval_runaway': 1, 'eval_runtime': '52.74', 'eval_samples_per_second': '2.389', 'eval_steps_per_second': '0.152', 'epoch': '1'}
{'loss': '0.3785', 'grad_norm': '0.2972', 'learning_rate': '0.0002889', 'epoch': '1.094'}
{'loss': '0.3864', 'grad_norm': '0.4604', 'learning_rate': '0.0002824', 'epoch': '1.25'}
{'loss': '0.3758', 'grad_norm': '0.4149', 'learning_rate': '0.0002759', 'epoch': '1.406'}
{'loss': '0.3399', 'grad_norm': '0.4046', 'learning_rate': '0.0002693', 'epoch': '1.562'}
{'loss': '0.3931', 'grad_norm': '0.2848', 'learning_rate': '0.0002628', 'epoch': '1.719'}
{'loss': '0.3793', 'grad_norm': '0.369', 'learning_rate': '0.0002563', 'epoch': '1.875'}
{'eval_loss': '0.5144', 'eval_forgiven_wer': '0.2461', 'eval_wer': '0.3557', 'eval_runaway': 0, 'eval_runtime': '55.56', 'eval_samples_per_second': '2.268', 'eval_steps_per_second': '0.144', 'epoch': '2'}
{'loss': '0.3514', 'grad_norm': '0.4152', 'learning_rate': '0.0002498', 'epoch': '2.031'}
{'loss': '0.2793', 'grad_norm': '0.3225', 'learning_rate': '0.0002433', 'epoch': '2.188'}
{'loss': '0.3183', 'grad_norm': '0.4223', 'learning_rate': '0.0002367', 'epoch': '2.344'}
{'loss': '0.2698', 'grad_norm': '0.2589', 'learning_rate': '0.0002302', 'epoch': '2.5'}
{'loss': '0.2983', 'grad_norm': '0.5649', 'learning_rate': '0.0002237', 'epoch': '2.656'}
{'loss': '0.2991', 'grad_norm': '0.5669', 'learning_rate': '0.0002172', 'epoch': '2.812'}
{'loss': '0.3035', 'grad_norm': '0.4117', 'learning_rate': '0.0002107', 'epoch': '2.969'}
{'eval_loss': '0.5281', 'eval_forgiven_wer': '0.2461', 'eval_wer': '0.3488', 'eval_runaway': 1, 'eval_runtime': '53.2', 'eval_samples_per_second': '2.369', 'eval_steps_per_second': '0.15', 'epoch': '3'}
{'loss': '0.2655', 'grad_norm': '0.3899', 'learning_rate': '0.0002041', 'epoch': '3.125'}
{'loss': '0.2061', 'grad_norm': '0.3118', 'learning_rate': '0.0001976', 'epoch': '3.281'}
{'loss': '0.2392', 'grad_norm': '0.5109', 'learning_rate': '0.0001911', 'epoch': '3.438'}
{'loss': '0.2488', 'grad_norm': '0.6029', 'learning_rate': '0.0001846', 'epoch': '3.594'}
{'loss': '0.2259', 'grad_norm': '0.3751', 'learning_rate': '0.000178', 'epoch': '3.75'}
{'loss': '0.2455', 'grad_norm': '0.4724', 'learning_rate': '0.0001715', 'epoch': '3.906'}
{'eval_loss': '0.5614', 'eval_forgiven_wer': '0.3376', 'eval_wer': '0.4452', 'eval_runaway': 2, 'eval_runtime': '63.81', 'eval_samples_per_second': '1.975', 'eval_steps_per_second': '0.125', 'epoch': '4'}
{'loss': '0.2078', 'grad_norm': '0.3372', 'learning_rate': '0.000165', 'epoch': '4.062'}
{'loss': '0.1717', 'grad_norm': '0.5329', 'learning_rate': '0.0001585', 'epoch': '4.219'}
{'loss': '0.1754', 'grad_norm': '0.5515', 'learning_rate': '0.000152', 'epoch': '4.375'}
{'loss': '0.1859', 'grad_norm': '0.5865', 'learning_rate': '0.0001454', 'epoch': '4.531'}
{'loss': '0.1785', 'grad_norm': '0.5886', 'learning_rate': '0.0001389', 'epoch': '4.688'}
{'loss': '0.1906', 'grad_norm': '0.514', 'learning_rate': '0.0001324', 'epoch': '4.844'}
{'loss': '0.1866', 'grad_norm': '0.3917', 'learning_rate': '0.0001259', 'epoch': '5'}
{'eval_loss': '0.5962', 'eval_forgiven_wer': '0.2691', 'eval_wer': '0.3757', 'eval_runaway': 1, 'eval_runtime': '53.49', 'eval_samples_per_second': '2.356', 'eval_steps_per_second': '0.15', 'epoch': '5'}
{'loss': '0.133', 'grad_norm': '0.3537', 'learning_rate': '0.0001193', 'epoch': '5.156'}
{'loss': '0.1438', 'grad_norm': '0.3745', 'learning_rate': '0.0001128', 'epoch': '5.312'}
{'loss': '0.122', 'grad_norm': '0.4534', 'learning_rate': '0.0001063', 'epoch': '5.469'}
{'loss': '0.1565', 'grad_norm': '0.5349', 'learning_rate': '9.978e-05', 'epoch': '5.625'}
{'loss': '0.1527', 'grad_norm': '1.07', 'learning_rate': '9.326e-05', 'epoch': '5.781'}
{'loss': '0.1421', 'grad_norm': '0.4812', 'learning_rate': '8.674e-05', 'epoch': '5.938'}
{'eval_loss': '0.6481', 'eval_forgiven_wer': '0.2671', 'eval_wer': '0.3743', 'eval_runaway': 1, 'eval_runtime': '54.01', 'eval_samples_per_second': '2.333', 'eval_steps_per_second': '0.148', 'epoch': '6'}
{'loss': '0.1175', 'grad_norm': '0.4084', 'learning_rate': '8.022e-05', 'epoch': '6.094'}
{'loss': '0.09856', 'grad_norm': '0.4515', 'learning_rate': '7.37e-05', 'epoch': '6.25'}
{'loss': '0.1219', 'grad_norm': '0.496', 'learning_rate': '6.717e-05', 'epoch': '6.406'}
{'loss': '0.09358', 'grad_norm': '0.6079', 'learning_rate': '6.065e-05', 'epoch': '6.562'}
{'loss': '0.1053', 'grad_norm': '0.466', 'learning_rate': '5.413e-05', 'epoch': '6.719'}
{'loss': '0.1151', 'grad_norm': '0.4826', 'learning_rate': '4.761e-05', 'epoch': '6.875'}
{'eval_loss': '0.6855', 'eval_forgiven_wer': '0.2637', 'eval_wer': '0.3748', 'eval_runaway': 1, 'eval_runtime': '55', 'eval_samples_per_second': '2.291', 'eval_steps_per_second': '0.145', 'epoch': '7'}
{'loss': '0.1105', 'grad_norm': '0.4348', 'learning_rate': '4.109e-05', 'epoch': '7.031'}
{'loss': '0.09942', 'grad_norm': '0.5684', 'learning_rate': '3.457e-05', 'epoch': '7.188'}
{'loss': '0.0915', 'grad_norm': '0.5067', 'learning_rate': '2.804e-05', 'epoch': '7.344'}
{'loss': '0.07742', 'grad_norm': '0.4891', 'learning_rate': '2.152e-05', 'epoch': '7.5'}
{'loss': '0.07954', 'grad_norm': '0.6349', 'learning_rate': '1.5e-05', 'epoch': '7.656'}
{'loss': '0.08462', 'grad_norm': '0.3681', 'learning_rate': '8.478e-06', 'epoch': '7.812'}
{'loss': '0.08748', 'grad_norm': '0.6353', 'learning_rate': '1.957e-06', 'epoch': '7.969'}
{'eval_loss': '0.7188', 'eval_forgiven_wer': '0.2686', 'eval_wer': '0.3826', 'eval_runaway': 1, 'eval_runtime': '58.35', 'eval_samples_per_second': '2.159', 'eval_steps_per_second': '0.137', 'epoch': '8'}
{'train_runtime': '745.3', 'train_samples_per_second': '5.485', 'train_steps_per_second': '0.687', 'train_loss': '0.2474', 'epoch': '8'}
s23558_armB_both_lora_b80_r8_lr0.0003_seed0_verbatim-selF: WER 0.4420 -> 0.3472 (+21.5%, p 0.000); forgiven 0.2947 -> 0.2234 (+24.2%, p 0.000) in 13.4 min train 753s base 0s other_arm 0s load_tuned 7s transcribe_tuned 41s score 0s
s30685_armB_both_lora_b80_r8_lr0.0003_seed0_verbatim-selF: 328 train chunks (79.8 min), 105 dev, select on forgiven
trainable params: 3,932,160 || all params: 1,547,422,720 || trainable%: 0.2541
precision: bf16, base weights torch.bfloat16, grad checkpointing False, lr 0.0003, method lora
{'loss': '0.5012', 'grad_norm': '0.1424', 'learning_rate': '8.182e-05', 'epoch': '0.2439'}
{'loss': '0.4946', 'grad_norm': '0.2097', 'learning_rate': '0.0001727', 'epoch': '0.4878'}
{'loss': '0.3985', 'grad_norm': '0.1281', 'learning_rate': '0.0002636', 'epoch': '0.7317'}
{'loss': '0.4058', 'grad_norm': '0.1954', 'learning_rate': '0.0002939', 'epoch': '0.9756'}
{'eval_loss': '0.443', 'eval_forgiven_wer': '0.1714', 'eval_wer': '0.2629', 'eval_runaway': 0, 'eval_runtime': '73.85', 'eval_samples_per_second': '1.422', 'eval_steps_per_second': '0.095', 'epoch': '1'}
{'loss': '0.3434', 'grad_norm': '0.2347', 'learning_rate': '0.0002837', 'epoch': '1.22'}
{'loss': '0.2735', 'grad_norm': '0.2059', 'learning_rate': '0.0002736', 'epoch': '1.463'}
{'loss': '0.3117', 'grad_norm': '0.2577', 'learning_rate': '0.0002634', 'epoch': '1.707'}
{'loss': '0.293', 'grad_norm': '0.2498', 'learning_rate': '0.0002532', 'epoch': '1.951'}
{'eval_loss': '0.3806', 'eval_forgiven_wer': '0.1599', 'eval_wer': '0.2482', 'eval_runaway': 0, 'eval_runtime': '50.78', 'eval_samples_per_second': '2.068', 'eval_steps_per_second': '0.138', 'epoch': '2'}
{'loss': '0.2454', 'grad_norm': '0.1927', 'learning_rate': '0.0002431', 'epoch': '2.195'}
{'loss': '0.217', 'grad_norm': '0.2343', 'learning_rate': '0.0002329', 'epoch': '2.439'}
{'loss': '0.1951', 'grad_norm': '0.3048', 'learning_rate': '0.0002227', 'epoch': '2.683'}
{'loss': '0.2687', 'grad_norm': '0.5043', 'learning_rate': '0.0002125', 'epoch': '2.927'}
{'eval_loss': '0.3837', 'eval_forgiven_wer': '0.1627', 'eval_wer': '0.251', 'eval_runaway': 0, 'eval_runtime': '50.23', 'eval_samples_per_second': '2.09', 'eval_steps_per_second': '0.139', 'epoch': '3'}
{'loss': '0.194', 'grad_norm': '0.1902', 'learning_rate': '0.0002024', 'epoch': '3.171'}
{'loss': '0.1733', 'grad_norm': '0.3053', 'learning_rate': '0.0001922', 'epoch': '3.415'}
{'loss': '0.1952', 'grad_norm': '0.4353', 'learning_rate': '0.000182', 'epoch': '3.659'}
{'loss': '0.1846', 'grad_norm': '0.284', 'learning_rate': '0.0001719', 'epoch': '3.902'}
{'eval_loss': '0.4064', 'eval_forgiven_wer': '0.1675', 'eval_wer': '0.2538', 'eval_runaway': 0, 'eval_runtime': '50.46', 'eval_samples_per_second': '2.081', 'eval_steps_per_second': '0.139', 'epoch': '4'}
{'loss': '0.1888', 'grad_norm': '0.2825', 'learning_rate': '0.0001617', 'epoch': '4.146'}
{'loss': '0.1394', 'grad_norm': '0.423', 'learning_rate': '0.0001515', 'epoch': '4.39'}
{'loss': '0.1539', 'grad_norm': '0.363', 'learning_rate': '0.0001414', 'epoch': '4.634'}
{'loss': '0.1396', 'grad_norm': '0.4398', 'learning_rate': '0.0001312', 'epoch': '4.878'}
{'eval_loss': '0.4427', 'eval_forgiven_wer': '0.1774', 'eval_wer': '0.2637', 'eval_runaway': 0, 'eval_runtime': '53.41', 'eval_samples_per_second': '1.966', 'eval_steps_per_second': '0.131', 'epoch': '5'}
{'loss': '0.1071', 'grad_norm': '0.3057', 'learning_rate': '0.000121', 'epoch': '5.122'}
{'loss': '0.1215', 'grad_norm': '0.394', 'learning_rate': '0.0001108', 'epoch': '5.366'}
{'loss': '0.1094', 'grad_norm': '0.6497', 'learning_rate': '0.0001007', 'epoch': '5.61'}
{'loss': '0.1016', 'grad_norm': '0.2801', 'learning_rate': '9.051e-05', 'epoch': '5.854'}
{'eval_loss': '0.4697', 'eval_forgiven_wer': '0.1722', 'eval_wer': '0.2569', 'eval_runaway': 0, 'eval_runtime': '51', 'eval_samples_per_second': '2.059', 'eval_steps_per_second': '0.137', 'epoch': '6'}
{'loss': '0.1001', 'grad_norm': '0.3143', 'learning_rate': '8.034e-05', 'epoch': '6.098'}
{'loss': '0.09533', 'grad_norm': '0.4726', 'learning_rate': '7.017e-05', 'epoch': '6.341'}
{'loss': '0.09479', 'grad_norm': '0.3797', 'learning_rate': '6e-05', 'epoch': '6.585'}
{'loss': '0.07763', 'grad_norm': '0.5385', 'learning_rate': '4.983e-05', 'epoch': '6.829'}
{'eval_loss': '0.5034', 'eval_forgiven_wer': '0.1726', 'eval_wer': '0.2573', 'eval_runaway': 0, 'eval_runtime': '49.52', 'eval_samples_per_second': '2.12', 'eval_steps_per_second': '0.141', 'epoch': '7'}
{'loss': '0.07909', 'grad_norm': '0.2456', 'learning_rate': '3.966e-05', 'epoch': '7.073'}
{'loss': '0.08125', 'grad_norm': '0.6516', 'learning_rate': '2.949e-05', 'epoch': '7.317'}
{'loss': '0.07531', 'grad_norm': '0.436', 'learning_rate': '1.932e-05', 'epoch': '7.561'}
{'loss': '0.0643', 'grad_norm': '0.2914', 'learning_rate': '9.153e-06', 'epoch': '7.805'}
{'eval_loss': '0.5189', 'eval_forgiven_wer': '0.1758', 'eval_wer': '0.2593', 'eval_runaway': 0, 'eval_runtime': '50.12', 'eval_samples_per_second': '2.095', 'eval_steps_per_second': '0.14', 'epoch': '8'}
{'train_runtime': '629.4', 'train_samples_per_second': '4.169', 'train_steps_per_second': '0.521', 'train_loss': '0.1976', 'epoch': '8'}
s30685_armB_both_lora_b80_r8_lr0.0003_seed0_verbatim-selF: WER 0.2330 -> 0.2234 (+4.1%, p 0.051); forgiven 0.1094 -> 0.1075 (+1.7%, p 0.647) in 11.3 min train 638s base 0s other_arm 0s load_tuned 6s transcribe_tuned 37s score 0s
s30701_armB_both_lora_b80_r8_lr0.0003_seed0_verbatim-selF: 385 train chunks (79.9 min), 88 dev, select on forgiven
trainable params: 3,932,160 || all params: 1,547,422,720 || trainable%: 0.2541
precision: bf16, base weights torch.bfloat16, grad checkpointing False, lr 0.0003, method lora
{'loss': '0.5673', 'grad_norm': '0.1279', 'learning_rate': '6.75e-05', 'epoch': '0.2041'}
{'loss': '0.5091', 'grad_norm': '0.1147', 'learning_rate': '0.0001425', 'epoch': '0.4082'}
{'loss': '0.5449', 'grad_norm': '0.2097', 'learning_rate': '0.0002175', 'epoch': '0.6122'}
{'loss': '0.421', 'grad_norm': '0.2085', 'learning_rate': '0.0002925', 'epoch': '0.8163'}
{'eval_loss': '0.381', 'eval_forgiven_wer': '0.186', 'eval_wer': '0.2641', 'eval_runaway': 2, 'eval_runtime': '46.85', 'eval_samples_per_second': '1.879', 'eval_steps_per_second': '0.128', 'epoch': '1'}
{'loss': '0.3744', 'grad_norm': '0.3314', 'learning_rate': '0.0002923', 'epoch': '1.02'}
{'loss': '0.355', 'grad_norm': '0.2367', 'learning_rate': '0.0002838', 'epoch': '1.224'}
{'loss': '0.3493', 'grad_norm': '0.2587', 'learning_rate': '0.0002753', 'epoch': '1.429'}
{'loss': '0.3037', 'grad_norm': '0.347', 'learning_rate': '0.0002668', 'epoch': '1.633'}
{'loss': '0.3654', 'grad_norm': '0.335', 'learning_rate': '0.0002582', 'epoch': '1.837'}
{'eval_loss': '0.332', 'eval_forgiven_wer': '0.1874', 'eval_wer': '0.2773', 'eval_runaway': 2, 'eval_runtime': '46.97', 'eval_samples_per_second': '1.874', 'eval_steps_per_second': '0.128', 'epoch': '2'}
{'loss': '0.3581', 'grad_norm': '0.3942', 'learning_rate': '0.0002497', 'epoch': '2.041'}
{'loss': '0.2499', 'grad_norm': '0.2392', 'learning_rate': '0.0002412', 'epoch': '2.245'}
{'loss': '0.2891', 'grad_norm': '0.4163', 'learning_rate': '0.0002327', 'epoch': '2.449'}
{'loss': '0.2656', 'grad_norm': '0.269', 'learning_rate': '0.0002241', 'epoch': '2.653'}
{'loss': '0.2197', 'grad_norm': '0.2789', 'learning_rate': '0.0002156', 'epoch': '2.857'}
{'eval_loss': '0.3327', 'eval_forgiven_wer': '0.2481', 'eval_wer': '0.3395', 'eval_runaway': 2, 'eval_runtime': '58', 'eval_samples_per_second': '1.517', 'eval_steps_per_second': '0.103', 'epoch': '3'}
{'loss': '0.2864', 'grad_norm': '0.264', 'learning_rate': '0.0002071', 'epoch': '3.061'}
{'loss': '0.2517', 'grad_norm': '0.4696', 'learning_rate': '0.0001986', 'epoch': '3.265'}
{'loss': '0.2045', 'grad_norm': '0.2079', 'learning_rate': '0.0001901', 'epoch': '3.469'}
{'loss': '0.184', 'grad_norm': '0.3295', 'learning_rate': '0.0001815', 'epoch': '3.673'}
{'loss': '0.2195', 'grad_norm': '0.4778', 'learning_rate': '0.000173', 'epoch': '3.878'}
{'eval_loss': '0.347', 'eval_forgiven_wer': '0.2434', 'eval_wer': '0.3239', 'eval_runaway': 2, 'eval_runtime': '57.7', 'eval_samples_per_second': '1.525', 'eval_steps_per_second': '0.104', 'epoch': '4'}
{'loss': '0.2091', 'grad_norm': '0.4943', 'learning_rate': '0.0001645', 'epoch': '4.082'}
{'loss': '0.146', 'grad_norm': '0.3901', 'learning_rate': '0.000156', 'epoch': '4.286'}
{'loss': '0.1494', 'grad_norm': '0.413', 'learning_rate': '0.0001474', 'epoch': '4.49'}
{'loss': '0.1719', 'grad_norm': '0.3976', 'learning_rate': '0.0001389', 'epoch': '4.694'}
{'loss': '0.1967', 'grad_norm': '0.5372', 'learning_rate': '0.0001304', 'epoch': '4.898'}
{'eval_loss': '0.3691', 'eval_forgiven_wer': '0.2137', 'eval_wer': '0.3046', 'eval_runaway': 2, 'eval_runtime': '48.2', 'eval_samples_per_second': '1.826', 'eval_steps_per_second': '0.124', 'epoch': '5'}
{'loss': '0.1416', 'grad_norm': '0.3202', 'learning_rate': '0.0001219', 'epoch': '5.102'}
{'loss': '0.1373', 'grad_norm': '0.5481', 'learning_rate': '0.0001134', 'epoch': '5.306'}
{'loss': '0.1341', 'grad_norm': '0.7582', 'learning_rate': '0.0001048', 'epoch': '5.51'}
{'loss': '0.135', 'grad_norm': '0.5332', 'learning_rate': '9.631e-05', 'epoch': '5.714'}
{'loss': '0.1188', 'grad_norm': '0.4673', 'learning_rate': '8.778e-05', 'epoch': '5.918'}
{'eval_loss': '0.3969', 'eval_forgiven_wer': '0.2222', 'eval_wer': '0.3056', 'eval_runaway': 2, 'eval_runtime': '47.74', 'eval_samples_per_second': '1.843', 'eval_steps_per_second': '0.126', 'epoch': '6'}
{'loss': '0.1285', 'grad_norm': '0.3456', 'learning_rate': '7.926e-05', 'epoch': '6.122'}
{'loss': '0.1238', 'grad_norm': '0.4726', 'learning_rate': '7.074e-05', 'epoch': '6.327'}
{'loss': '0.09353', 'grad_norm': '0.4727', 'learning_rate': '6.222e-05', 'epoch': '6.531'}
{'loss': '0.09512', 'grad_norm': '0.324', 'learning_rate': '5.369e-05', 'epoch': '6.735'}
{'loss': '0.1189', 'grad_norm': '0.5795', 'learning_rate': '4.517e-05', 'epoch': '6.939'}
{'eval_loss': '0.4185', 'eval_forgiven_wer': '0.226', 'eval_wer': '0.3145', 'eval_runaway': 2, 'eval_runtime': '48.49', 'eval_samples_per_second': '1.815', 'eval_steps_per_second': '0.124', 'epoch': '7'}
{'loss': '0.08766', 'grad_norm': '0.4308', 'learning_rate': '3.665e-05', 'epoch': '7.143'}
{'loss': '0.0836', 'grad_norm': '0.3563', 'learning_rate': '2.812e-05', 'epoch': '7.347'}
{'loss': '0.1061', 'grad_norm': '0.4539', 'learning_rate': '1.96e-05', 'epoch': '7.551'}
{'loss': '0.08731', 'grad_norm': '0.4995', 'learning_rate': '1.108e-05', 'epoch': '7.755'}
{'loss': '0.07645', 'grad_norm': '0.4774', 'learning_rate': '2.557e-06', 'epoch': '7.959'}
{'eval_loss': '0.4344', 'eval_forgiven_wer': '0.2655', 'eval_wer': '0.3465', 'eval_runaway': 3, 'eval_runtime': '59.74', 'eval_samples_per_second': '1.473', 'eval_steps_per_second': '0.1', 'epoch': '8'}
{'train_runtime': '649.7', 'train_samples_per_second': '4.74', 'train_steps_per_second': '0.603', 'train_loss': '0.2264', 'epoch': '8'}
s30701_armB_both_lora_b80_r8_lr0.0003_seed0_verbatim-selF: WER 0.4059 -> 0.3275 (+19.3%, p 0.000); forgiven 0.2669 -> 0.2114 (+20.8%, p 0.002) in 11.9 min train 659s base 0s other_arm 0s load_tuned 6s transcribe_tuned 48s score 0s
s30718_armB_both_lora_b80_r8_lr0.0003_seed0_verbatim-selF: 300 train chunks (79.7 min), 43 dev, select on forgiven
trainable params: 3,932,160 || all params: 1,547,422,720 || trainable%: 0.2541
precision: bf16, base weights torch.bfloat16, grad checkpointing False, lr 0.0003, method lora
{'loss': '0.495', 'grad_norm': '0.09302', 'learning_rate': '8.71e-05', 'epoch': '0.2632'}
{'loss': '0.557', 'grad_norm': '0.1532', 'learning_rate': '0.0001839', 'epoch': '0.5263'}
{'loss': '0.3826', 'grad_norm': '0.1629', 'learning_rate': '0.0002806', 'epoch': '0.7895'}
{'eval_loss': '0.2732', 'eval_forgiven_wer': '0.08672', 'eval_wer': '0.1774', 'eval_runaway': 1, 'eval_runtime': '28.82', 'eval_samples_per_second': '1.492', 'eval_steps_per_second': '0.104', 'epoch': '1'}
{'loss': '0.397', 'grad_norm': '0.1593', 'learning_rate': '0.0002912', 'epoch': '1.053'}
{'loss': '0.3386', 'grad_norm': '0.2462', 'learning_rate': '0.0002802', 'epoch': '1.316'}
{'loss': '0.334', 'grad_norm': '0.2046', 'learning_rate': '0.0002692', 'epoch': '1.579'}
{'loss': '0.3279', 'grad_norm': '0.1517', 'learning_rate': '0.0002582', 'epoch': '1.842'}
{'eval_loss': '0.2262', 'eval_forgiven_wer': '0.08573', 'eval_wer': '0.1804', 'eval_runaway': 1, 'eval_runtime': '28.19', 'eval_samples_per_second': '1.526', 'eval_steps_per_second': '0.106', 'epoch': '2'}
{'loss': '0.2841', 'grad_norm': '0.1886', 'learning_rate': '0.0002473', 'epoch': '2.105'}
{'loss': '0.2762', 'grad_norm': '0.27', 'learning_rate': '0.0002363', 'epoch': '2.368'}
{'loss': '0.2601', 'grad_norm': '0.3206', 'learning_rate': '0.0002253', 'epoch': '2.632'}
{'loss': '0.2493', 'grad_norm': '0.2737', 'learning_rate': '0.0002143', 'epoch': '2.895'}
{'eval_loss': '0.2299', 'eval_forgiven_wer': '0.08176', 'eval_wer': '0.1739', 'eval_runaway': 1, 'eval_runtime': '27.18', 'eval_samples_per_second': '1.582', 'eval_steps_per_second': '0.11', 'epoch': '3'}
{'loss': '0.194', 'grad_norm': '0.231', 'learning_rate': '0.0002033', 'epoch': '3.158'}
{'loss': '0.2033', 'grad_norm': '0.3258', 'learning_rate': '0.0001923', 'epoch': '3.421'}
{'loss': '0.2221', 'grad_norm': '0.2454', 'learning_rate': '0.0001813', 'epoch': '3.684'}
{'loss': '0.2263', 'grad_norm': '0.4165', 'learning_rate': '0.0001703', 'epoch': '3.947'}
{'eval_loss': '0.2393', 'eval_forgiven_wer': '0.09267', 'eval_wer': '0.1878', 'eval_runaway': 1, 'eval_runtime': '27.73', 'eval_samples_per_second': '1.551', 'eval_steps_per_second': '0.108', 'epoch': '4'}
{'loss': '0.1968', 'grad_norm': '0.3843', 'learning_rate': '0.0001593', 'epoch': '4.211'}
{'loss': '0.158', 'grad_norm': '0.3206', 'learning_rate': '0.0001484', 'epoch': '4.474'}
{'loss': '0.1641', 'grad_norm': '0.4837', 'learning_rate': '0.0001374', 'epoch': '4.737'}
{'loss': '0.1615', 'grad_norm': '0.5589', 'learning_rate': '0.0001264', 'epoch': '5'}
{'eval_loss': '0.2595', 'eval_forgiven_wer': '0.1031', 'eval_wer': '0.2027', 'eval_runaway': 0, 'eval_runtime': '27.91', 'eval_samples_per_second': '1.541', 'eval_steps_per_second': '0.107', 'epoch': '5'}
{'loss': '0.1371', 'grad_norm': '0.3834', 'learning_rate': '0.0001154', 'epoch': '5.263'}
{'loss': '0.1371', 'grad_norm': '0.507', 'learning_rate': '0.0001044', 'epoch': '5.526'}
{'loss': '0.1385', 'grad_norm': '0.3583', 'learning_rate': '9.341e-05', 'epoch': '5.789'}
{'eval_loss': '0.2782', 'eval_forgiven_wer': '0.1085', 'eval_wer': '0.2071', 'eval_runaway': 1, 'eval_runtime': '29.83', 'eval_samples_per_second': '1.442', 'eval_steps_per_second': '0.101', 'epoch': '6'}
{'loss': '0.1358', 'grad_norm': '0.4573', 'learning_rate': '8.242e-05', 'epoch': '6.053'}
{'loss': '0.1066', 'grad_norm': '0.496', 'learning_rate': '7.143e-05', 'epoch': '6.316'}
{'loss': '0.1079', 'grad_norm': '0.5041', 'learning_rate': '6.044e-05', 'epoch': '6.579'}
{'loss': '0.1055', 'grad_norm': '0.4664', 'learning_rate': '4.945e-05', 'epoch': '6.842'}
{'eval_loss': '0.2931', 'eval_forgiven_wer': '0.1155', 'eval_wer': '0.2121', 'eval_runaway': 0, 'eval_runtime': '28.14', 'eval_samples_per_second': '1.528', 'eval_steps_per_second': '0.107', 'epoch': '7'}
{'loss': '0.09912', 'grad_norm': '0.3544', 'learning_rate': '3.846e-05', 'epoch': '7.105'}
{'loss': '0.09921', 'grad_norm': '0.3941', 'learning_rate': '2.747e-05', 'epoch': '7.368'}
{'loss': '0.0867', 'grad_norm': '0.2921', 'learning_rate': '1.648e-05', 'epoch': '7.632'}
{'loss': '0.08971', 'grad_norm': '0.4594', 'learning_rate': '5.495e-06', 'epoch': '7.895'}
{'eval_loss': '0.3092', 'eval_forgiven_wer': '0.115', 'eval_wer': '0.2086', 'eval_runaway': 1, 'eval_runtime': '27.59', 'eval_samples_per_second': '1.559', 'eval_steps_per_second': '0.109', 'epoch': '8'}
{'train_runtime': '412.5', 'train_samples_per_second': '5.818', 'train_steps_per_second': '0.737', 'train_loss': '0.2207', 'epoch': '8'}
s30718_armB_both_lora_b80_r8_lr0.0003_seed0_verbatim-selF: WER 0.1995 -> 0.1672 (+16.2%, p 0.035); forgiven 0.1404 -> 0.1178 (+16.1%, p 0.606) in 7.8 min train 421s base 0s other_arm 0s load_tuned 6s transcribe_tuned 41s score 0s
s30752_armB_both_lora_b80_r8_lr0.0003_seed0_verbatim-selF: 410 train chunks (79.9 min), 93 dev, select on forgiven
trainable params: 3,932,160 || all params: 1,547,422,720 || trainable%: 0.2541
precision: bf16, base weights torch.bfloat16, grad checkpointing False, lr 0.0003, method lora
{'loss': '0.5572', 'grad_norm': '0.1733', 'learning_rate': '6.429e-05', 'epoch': '0.1923'}
{'loss': '0.5761', 'grad_norm': '0.2224', 'learning_rate': '0.0001357', 'epoch': '0.3846'}
{'loss': '0.5186', 'grad_norm': '0.2188', 'learning_rate': '0.0002071', 'epoch': '0.5769'}
{'loss': '0.4225', 'grad_norm': '0.3702', 'learning_rate': '0.0002786', 'epoch': '0.7692'}
{'loss': '0.3878', 'grad_norm': '0.1845', 'learning_rate': '0.0002944', 'epoch': '0.9615'}
{'eval_loss': '0.3823', 'eval_forgiven_wer': '0.1671', 'eval_wer': '0.2284', 'eval_runaway': 0, 'eval_runtime': '33.34', 'eval_samples_per_second': '2.789', 'eval_steps_per_second': '0.18', 'epoch': '1'}
{'loss': '0.284', 'grad_norm': '0.2409', 'learning_rate': '0.0002864', 'epoch': '1.154'}
{'loss': '0.3091', 'grad_norm': '0.2286', 'learning_rate': '0.0002783', 'epoch': '1.346'}
{'loss': '0.2751', 'grad_norm': '0.5014', 'learning_rate': '0.0002703', 'epoch': '1.538'}
{'loss': '0.3441', 'grad_norm': '0.3497', 'learning_rate': '0.0002623', 'epoch': '1.731'}
{'loss': '0.2811', 'grad_norm': '0.3212', 'learning_rate': '0.0002543', 'epoch': '1.923'}
{'eval_loss': '0.3478', 'eval_forgiven_wer': '0.3053', 'eval_wer': '0.3648', 'eval_runaway': 1, 'eval_runtime': '70.45', 'eval_samples_per_second': '1.32', 'eval_steps_per_second': '0.085', 'epoch': '2'}
{'loss': '0.2469', 'grad_norm': '0.3566', 'learning_rate': '0.0002463', 'epoch': '2.115'}
{'loss': '0.2303', 'grad_norm': '0.3732', 'learning_rate': '0.0002382', 'epoch': '2.308'}
{'loss': '0.2322', 'grad_norm': '0.3863', 'learning_rate': '0.0002302', 'epoch': '2.5'}
{'loss': '0.2214', 'grad_norm': '0.5189', 'learning_rate': '0.0002222', 'epoch': '2.692'}
{'loss': '0.2159', 'grad_norm': '0.3041', 'learning_rate': '0.0002142', 'epoch': '2.885'}
{'eval_loss': '0.3746', 'eval_forgiven_wer': '0.1671', 'eval_wer': '0.226', 'eval_runaway': 1, 'eval_runtime': '47.18', 'eval_samples_per_second': '1.971', 'eval_steps_per_second': '0.127', 'epoch': '3'}
{'loss': '0.1955', 'grad_norm': '0.3075', 'learning_rate': '0.0002061', 'epoch': '3.077'}
{'loss': '0.1721', 'grad_norm': '0.3969', 'learning_rate': '0.0001981', 'epoch': '3.269'}
{'loss': '0.1709', 'grad_norm': '0.4616', 'learning_rate': '0.0001901', 'epoch': '3.462'}
{'loss': '0.1464', 'grad_norm': '0.4413', 'learning_rate': '0.0001821', 'epoch': '3.654'}
{'loss': '0.1738', 'grad_norm': '0.5658', 'learning_rate': '0.0001741', 'epoch': '3.846'}
{'eval_loss': '0.3969', 'eval_forgiven_wer': '0.253', 'eval_wer': '0.3119', 'eval_runaway': 2, 'eval_runtime': '59.52', 'eval_samples_per_second': '1.563', 'eval_steps_per_second': '0.101', 'epoch': '4'}
{'loss': '0.1386', 'grad_norm': '0.3273', 'learning_rate': '0.000166', 'epoch': '4.038'}
{'loss': '0.1053', 'grad_norm': '0.396', 'learning_rate': '0.000158', 'epoch': '4.231'}
{'loss': '0.1295', 'grad_norm': '0.4355', 'learning_rate': '0.00015', 'epoch': '4.423'}
{'loss': '0.1339', 'grad_norm': '0.5736', 'learning_rate': '0.000142', 'epoch': '4.615'}
{'loss': '0.09967', 'grad_norm': '0.3023', 'learning_rate': '0.000134', 'epoch': '4.808'}
{'loss': '0.1362', 'grad_norm': '0.8068', 'learning_rate': '0.0001259', 'epoch': '5'}
{'eval_loss': '0.4368', 'eval_forgiven_wer': '0.1731', 'eval_wer': '0.2308', 'eval_runaway': 0, 'eval_runtime': '32.28', 'eval_samples_per_second': '2.881', 'eval_steps_per_second': '0.186', 'epoch': '5'}
{'loss': '0.08174', 'grad_norm': '0.4662', 'learning_rate': '0.0001179', 'epoch': '5.192'}
{'loss': '0.08558', 'grad_norm': '0.3604', 'learning_rate': '0.0001099', 'epoch': '5.385'}
{'loss': '0.08302', 'grad_norm': '0.5393', 'learning_rate': '0.0001019', 'epoch': '5.577'}
{'loss': '0.09042', 'grad_norm': '0.4578', 'learning_rate': '9.385e-05', 'epoch': '5.769'}
{'loss': '0.0765', 'grad_norm': '0.3262', 'learning_rate': '8.583e-05', 'epoch': '5.962'}
{'eval_loss': '0.4828', 'eval_forgiven_wer': '0.1881', 'eval_wer': '0.2488', 'eval_runaway': 0, 'eval_runtime': '33.79', 'eval_samples_per_second': '2.752', 'eval_steps_per_second': '0.178', 'epoch': '6'}
{'loss': '0.06563', 'grad_norm': '0.3067', 'learning_rate': '7.781e-05', 'epoch': '6.154'}
{'loss': '0.05909', 'grad_norm': '0.5138', 'learning_rate': '6.979e-05', 'epoch': '6.346'}
{'loss': '0.05587', 'grad_norm': '0.3659', 'learning_rate': '6.176e-05', 'epoch': '6.538'}
{'loss': '0.05861', 'grad_norm': '0.3352', 'learning_rate': '5.374e-05', 'epoch': '6.731'}
{'loss': '0.05055', 'grad_norm': '0.398', 'learning_rate': '4.572e-05', 'epoch': '6.923'}
{'eval_loss': '0.5257', 'eval_forgiven_wer': '0.2206', 'eval_wer': '0.2879', 'eval_runaway': 1, 'eval_runtime': '34.94', 'eval_samples_per_second': '2.661', 'eval_steps_per_second': '0.172', 'epoch': '7'}
{'loss': '0.04191', 'grad_norm': '0.3095', 'learning_rate': '3.77e-05', 'epoch': '7.115'}
{'loss': '0.03972', 'grad_norm': '0.4484', 'learning_rate': '2.968e-05', 'epoch': '7.308'}
{'loss': '0.04009', 'grad_norm': '0.3385', 'learning_rate': '2.166e-05', 'epoch': '7.5'}
{'loss': '0.05111', 'grad_norm': '0.638', 'learning_rate': '1.364e-05', 'epoch': '7.692'}
{'loss': '0.04709', 'grad_norm': '0.7173', 'learning_rate': '5.615e-06', 'epoch': '7.885'}
{'eval_loss': '0.5463', 'eval_forgiven_wer': '0.1983', 'eval_wer': '0.262', 'eval_runaway': 1, 'eval_runtime': '35.08', 'eval_samples_per_second': '2.651', 'eval_steps_per_second': '0.171', 'epoch': '8'}
{'train_runtime': '591.2', 'train_samples_per_second': '5.548', 'train_steps_per_second': '0.704', 'train_loss': '0.184', 'epoch': '8'}
s30752_armB_both_lora_b80_r8_lr0.0003_seed0_verbatim-selF: WER 0.1956 -> 0.2042 (-4.4%, p 0.821); forgiven 0.1353 -> 0.1560 (-15.3%, p 0.771) in 10.5 min train 600s base 0s other_arm 0s load_tuned 5s transcribe_tuned 27s score 0s
s30777_armB_both_lora_b80_r8_lr0.0003_seed0_verbatim-selF: 332 train chunks (79.9 min), 74 dev, select on forgiven
trainable params: 3,932,160 || all params: 1,547,422,720 || trainable%: 0.2541
precision: bf16, base weights torch.bfloat16, grad checkpointing False, lr 0.0003, method lora
{'loss': '0.452', 'grad_norm': '0.1172', 'learning_rate': '7.941e-05', 'epoch': '0.2381'}
{'loss': '0.4979', 'grad_norm': '0.1643', 'learning_rate': '0.0001676', 'epoch': '0.4762'}
{'loss': '0.4128', 'grad_norm': '0.1725', 'learning_rate': '0.0002559', 'epoch': '0.7143'}
{'loss': '0.367', 'grad_norm': '0.18', 'learning_rate': '0.000295', 'epoch': '0.9524'}
{'eval_loss': '0.4262', 'eval_forgiven_wer': '0.1342', 'eval_wer': '0.186', 'eval_runaway': 0, 'eval_runtime': '40.26', 'eval_samples_per_second': '1.838', 'eval_steps_per_second': '0.124', 'epoch': '1'}
{'loss': '0.3053', 'grad_norm': '0.1572', 'learning_rate': '0.0002851', 'epoch': '1.19'}
{'loss': '0.3022', 'grad_norm': '0.179', 'learning_rate': '0.0002752', 'epoch': '1.429'}
{'loss': '0.255', 'grad_norm': '0.2829', 'learning_rate': '0.0002652', 'epoch': '1.667'}
{'loss': '0.3057', 'grad_norm': '0.1907', 'learning_rate': '0.0002553', 'epoch': '1.905'}
{'eval_loss': '0.3602', 'eval_forgiven_wer': '0.1291', 'eval_wer': '0.1828', 'eval_runaway': 0, 'eval_runtime': '39.1', 'eval_samples_per_second': '1.893', 'eval_steps_per_second': '0.128', 'epoch': '2'}
{'loss': '0.2975', 'grad_norm': '0.2063', 'learning_rate': '0.0002454', 'epoch': '2.143'}
{'loss': '0.2365', 'grad_norm': '0.2193', 'learning_rate': '0.0002354', 'epoch': '2.381'}
{'loss': '0.2387', 'grad_norm': '0.2495', 'learning_rate': '0.0002255', 'epoch': '2.619'}
{'loss': '0.2297', 'grad_norm': '0.4223', 'learning_rate': '0.0002156', 'epoch': '2.857'}
{'eval_loss': '0.372', 'eval_forgiven_wer': '0.1442', 'eval_wer': '0.1955', 'eval_runaway': 0, 'eval_runtime': '39.61', 'eval_samples_per_second': '1.868', 'eval_steps_per_second': '0.126', 'epoch': '3'}
{'loss': '0.2105', 'grad_norm': '0.2433', 'learning_rate': '0.0002056', 'epoch': '3.095'}
{'loss': '0.1705', 'grad_norm': '0.2956', 'learning_rate': '0.0001957', 'epoch': '3.333'}
{'loss': '0.1713', 'grad_norm': '0.3227', 'learning_rate': '0.0001858', 'epoch': '3.571'}
{'loss': '0.1913', 'grad_norm': '0.398', 'learning_rate': '0.0001758', 'epoch': '3.81'}
{'eval_loss': '0.4001', 'eval_forgiven_wer': '0.1423', 'eval_wer': '0.1955', 'eval_runaway': 0, 'eval_runtime': '37.9', 'eval_samples_per_second': '1.953', 'eval_steps_per_second': '0.132', 'epoch': '4'}
{'loss': '0.1837', 'grad_norm': '0.3038', 'learning_rate': '0.0001659', 'epoch': '4.048'}
{'loss': '0.1539', 'grad_norm': '0.3556', 'learning_rate': '0.000156', 'epoch': '4.286'}
{'loss': '0.1349', 'grad_norm': '0.3765', 'learning_rate': '0.000146', 'epoch': '4.524'}
{'loss': '0.1289', 'grad_norm': '0.4868', 'learning_rate': '0.0001361', 'epoch': '4.762'}
{'loss': '0.1478', 'grad_norm': '0.8349', 'learning_rate': '0.0001262', 'epoch': '5'}
{'eval_loss': '0.4223', 'eval_forgiven_wer': '0.1482', 'eval_wer': '0.2069', 'eval_runaway': 1, 'eval_runtime': '39.35', 'eval_samples_per_second': '1.881', 'eval_steps_per_second': '0.127', 'epoch': '5'}
{'loss': '0.1005', 'grad_norm': '0.5105', 'learning_rate': '0.0001162', 'epoch': '5.238'}
{'loss': '0.1127', 'grad_norm': '0.4829', 'learning_rate': '0.0001063', 'epoch': '5.476'}
{'loss': '0.1121', 'grad_norm': '0.331', 'learning_rate': '9.636e-05', 'epoch': '5.714'}
{'loss': '0.1112', 'grad_norm': '0.5639', 'learning_rate': '8.642e-05', 'epoch': '5.952'}
{'eval_loss': '0.4511', 'eval_forgiven_wer': '0.1464', 'eval_wer': '0.206', 'eval_runaway': 0, 'eval_runtime': '39.21', 'eval_samples_per_second': '1.887', 'eval_steps_per_second': '0.128', 'epoch': '6'}
{'loss': '0.09385', 'grad_norm': '0.3494', 'learning_rate': '7.649e-05', 'epoch': '6.19'}
{'loss': '0.07914', 'grad_norm': '0.3166', 'learning_rate': '6.656e-05', 'epoch': '6.429'}
{'loss': '0.08227', 'grad_norm': '0.3923', 'learning_rate': '5.662e-05', 'epoch': '6.667'}
{'loss': '0.08684', 'grad_norm': '0.5464', 'learning_rate': '4.669e-05', 'epoch': '6.905'}
{'eval_loss': '0.476', 'eval_forgiven_wer': '0.1496', 'eval_wer': '0.2042', 'eval_runaway': 0, 'eval_runtime': '39.53', 'eval_samples_per_second': '1.872', 'eval_steps_per_second': '0.126', 'epoch': '7'}
{'loss': '0.08521', 'grad_norm': '0.4692', 'learning_rate': '3.675e-05', 'epoch': '7.143'}
{'loss': '0.06368', 'grad_norm': '0.393', 'learning_rate': '2.682e-05', 'epoch': '7.381'}
{'loss': '0.06749', 'grad_norm': '0.3416', 'learning_rate': '1.689e-05', 'epoch': '7.619'}
{'loss': '0.08079', 'grad_norm': '0.322', 'learning_rate': '6.954e-06', 'epoch': '7.857'}
{'eval_loss': '0.4936', 'eval_forgiven_wer': '0.1523', 'eval_wer': '0.2078', 'eval_runaway': 0, 'eval_runtime': '40.23', 'eval_samples_per_second': '1.84', 'eval_steps_per_second': '0.124', 'epoch': '8'}
{'train_runtime': '517.7', 'train_samples_per_second': '5.131', 'train_steps_per_second': '0.649', 'train_loss': '0.1937', 'epoch': '8'}
s30777_armB_both_lora_b80_r8_lr0.0003_seed0_verbatim-selF: WER 0.2237 -> 0.2038 (+8.9%, p 0.530); forgiven 0.1535 -> 0.1374 (+10.5%, p 0.626) in 9.6 min train 526s base 0s other_arm 0s load_tuned 6s transcribe_tuned 47s score 0s
s30813_armB_both_lora_b80_r8_lr0.0003_seed0_verbatim-selF: 320 train chunks (79.9 min), 44 dev, select on forgiven
trainable params: 3,932,160 || all params: 1,547,422,720 || trainable%: 0.2541
precision: bf16, base weights torch.bfloat16, grad checkpointing False, lr 0.0003, method lora
{'loss': '0.5404', 'grad_norm': '0.1152', 'learning_rate': '8.437e-05', 'epoch': '0.25'}
{'loss': '0.5228', 'grad_norm': '0.1315', 'learning_rate': '0.0001781', 'epoch': '0.5'}
{'loss': '0.5252', 'grad_norm': '0.1541', 'learning_rate': '0.0002719', 'epoch': '0.75'}
{'loss': '0.468', 'grad_norm': '0.2352', 'learning_rate': '0.0002927', 'epoch': '1'}
{'eval_loss': '0.4861', 'eval_forgiven_wer': '0.2037', 'eval_wer': '0.3094', 'eval_runaway': 1, 'eval_runtime': '34.68', 'eval_samples_per_second': '1.269', 'eval_steps_per_second': '0.087', 'epoch': '1'}
{'loss': '0.3842', 'grad_norm': '0.2122', 'learning_rate': '0.0002823', 'epoch': '1.25'}
{'loss': '0.3299', 'grad_norm': '0.2068', 'learning_rate': '0.0002719', 'epoch': '1.5'}
{'loss': '0.3411', 'grad_norm': '0.307', 'learning_rate': '0.0002615', 'epoch': '1.75'}
{'loss': '0.3335', 'grad_norm': '0.4841', 'learning_rate': '0.000251', 'epoch': '2'}
{'eval_loss': '0.4394', 'eval_forgiven_wer': '0.2258', 'eval_wer': '0.3239', 'eval_runaway': 1, 'eval_runtime': '23.79', 'eval_samples_per_second': '1.85', 'eval_steps_per_second': '0.126', 'epoch': '2'}
{'loss': '0.3078', 'grad_norm': '0.3833', 'learning_rate': '0.0002406', 'epoch': '2.25'}
{'loss': '0.2268', 'grad_norm': '0.2875', 'learning_rate': '0.0002302', 'epoch': '2.5'}
{'loss': '0.2708', 'grad_norm': '0.385', 'learning_rate': '0.0002198', 'epoch': '2.75'}
{'loss': '0.2675', 'grad_norm': '0.3739', 'learning_rate': '0.0002094', 'epoch': '3'}
{'eval_loss': '0.4393', 'eval_forgiven_wer': '0.2189', 'eval_wer': '0.3142', 'eval_runaway': 1, 'eval_runtime': '22.87', 'eval_samples_per_second': '1.924', 'eval_steps_per_second': '0.131', 'epoch': '3'}
{'loss': '0.2153', 'grad_norm': '0.2789', 'learning_rate': '0.000199', 'epoch': '3.25'}
{'loss': '0.2356', 'grad_norm': '0.5239', 'learning_rate': '0.0001885', 'epoch': '3.5'}
{'loss': '0.2044', 'grad_norm': '0.3904', 'learning_rate': '0.0001781', 'epoch': '3.75'}
{'loss': '0.2183', 'grad_norm': '0.3837', 'learning_rate': '0.0001677', 'epoch': '4'}
{'eval_loss': '0.4727', 'eval_forgiven_wer': '0.2355', 'eval_wer': '0.3308', 'eval_runaway': 1, 'eval_runtime': '24.39', 'eval_samples_per_second': '1.804', 'eval_steps_per_second': '0.123', 'epoch': '4'}
{'loss': '0.1731', 'grad_norm': '0.4115', 'learning_rate': '0.0001573', 'epoch': '4.25'}
{'loss': '0.1613', 'grad_norm': '0.6065', 'learning_rate': '0.0001469', 'epoch': '4.5'}
{'loss': '0.1692', 'grad_norm': '0.2992', 'learning_rate': '0.0001365', 'epoch': '4.75'}
{'loss': '0.2084', 'grad_norm': '0.4656', 'learning_rate': '0.000126', 'epoch': '5'}
{'eval_loss': '0.4929', 'eval_forgiven_wer': '0.2203', 'eval_wer': '0.3204', 'eval_runaway': 1, 'eval_runtime': '24.68', 'eval_samples_per_second': '1.783', 'eval_steps_per_second': '0.122', 'epoch': '5'}
{'loss': '0.1443', 'grad_norm': '0.4951', 'learning_rate': '0.0001156', 'epoch': '5.25'}
{'loss': '0.1213', 'grad_norm': '0.46', 'learning_rate': '0.0001052', 'epoch': '5.5'}
{'loss': '0.1448', 'grad_norm': '0.5059', 'learning_rate': '9.479e-05', 'epoch': '5.75'}
{'loss': '0.1452', 'grad_norm': '0.437', 'learning_rate': '8.437e-05', 'epoch': '6'}
{'eval_loss': '0.5236', 'eval_forgiven_wer': '0.221', 'eval_wer': '0.3163', 'eval_runaway': 1, 'eval_runtime': '24.19', 'eval_samples_per_second': '1.819', 'eval_steps_per_second': '0.124', 'epoch': '6'}
{'loss': '0.1124', 'grad_norm': '0.4245', 'learning_rate': '7.396e-05', 'epoch': '6.25'}
{'loss': '0.1092', 'grad_norm': '0.4868', 'learning_rate': '6.354e-05', 'epoch': '6.5'}
{'loss': '0.1046', 'grad_norm': '0.5729', 'learning_rate': '5.312e-05', 'epoch': '6.75'}
{'loss': '0.1149', 'grad_norm': '0.5545', 'learning_rate': '4.271e-05', 'epoch': '7'}
{'eval_loss': '0.561', 'eval_forgiven_wer': '0.2141', 'eval_wer': '0.3135', 'eval_runaway': 1, 'eval_runtime': '22.9', 'eval_samples_per_second': '1.922', 'eval_steps_per_second': '0.131', 'epoch': '7'}
{'loss': '0.09306', 'grad_norm': '0.3218', 'learning_rate': '3.229e-05', 'epoch': '7.25'}
{'loss': '0.09403', 'grad_norm': '0.38', 'learning_rate': '2.187e-05', 'epoch': '7.5'}
{'loss': '0.08124', 'grad_norm': '0.5256', 'learning_rate': '1.146e-05', 'epoch': '7.75'}
{'loss': '0.09505', 'grad_norm': '0.6143', 'learning_rate': '1.042e-06', 'epoch': '8'}
{'eval_loss': '0.5828', 'eval_forgiven_wer': '0.2203', 'eval_wer': '0.3191', 'eval_runaway': 1, 'eval_runtime': '23.99', 'eval_samples_per_second': '1.834', 'eval_steps_per_second': '0.125', 'epoch': '8'}
{'train_runtime': '396.5', 'train_samples_per_second': '6.457', 'train_steps_per_second': '0.807', 'train_loss': '0.2332', 'epoch': '8'}
s30813_armB_both_lora_b80_r8_lr0.0003_seed0_verbatim-selF: WER 0.1607 -> 0.1599 (+0.5%, p 0.832); forgiven 0.1194 -> 0.1211 (-1.4%, p 0.539) in 7.8 min train 405s base 0s other_arm 0s load_tuned 6s transcribe_tuned 57s score 0s
s30831_armB_both_lora_b80_r8_lr0.0003_seed0_verbatim-selF: 372 train chunks (79.9 min), 70 dev, select on forgiven
trainable params: 3,932,160 || all params: 1,547,422,720 || trainable%: 0.2541
precision: bf16, base weights torch.bfloat16, grad checkpointing False, lr 0.0003, method lora
{'loss': '0.6023', 'grad_norm': '0.2178', 'learning_rate': '7.105e-05', 'epoch': '0.2128'}
{'loss': '0.5024', 'grad_norm': '0.1909', 'learning_rate': '0.00015', 'epoch': '0.4255'}
{'loss': '0.4026', 'grad_norm': '0.1307', 'learning_rate': '0.0002289', 'epoch': '0.6383'}
{'loss': '0.4011', 'grad_norm': '0.1812', 'learning_rate': '0.0002991', 'epoch': '0.8511'}
{'eval_loss': '0.298', 'eval_forgiven_wer': '0.1189', 'eval_wer': '0.1796', 'eval_runaway': 0, 'eval_runtime': '37.95', 'eval_samples_per_second': '1.845', 'eval_steps_per_second': '0.132', 'epoch': '1'}
{'loss': '0.398', 'grad_norm': '0.2937', 'learning_rate': '0.0002902', 'epoch': '1.064'}
{'loss': '0.3582', 'grad_norm': '0.1789', 'learning_rate': '0.0002814', 'epoch': '1.277'}
{'loss': '0.2344', 'grad_norm': '0.2952', 'learning_rate': '0.0002725', 'epoch': '1.489'}
{'loss': '0.2738', 'grad_norm': '0.2623', 'learning_rate': '0.0002636', 'epoch': '1.702'}
{'loss': '0.3033', 'grad_norm': '0.3526', 'learning_rate': '0.0002547', 'epoch': '1.915'}
{'eval_loss': '0.2664', 'eval_forgiven_wer': '0.1035', 'eval_wer': '0.1569', 'eval_runaway': 0, 'eval_runtime': '36.19', 'eval_samples_per_second': '1.934', 'eval_steps_per_second': '0.138', 'epoch': '2'}
{'loss': '0.2848', 'grad_norm': '0.1708', 'learning_rate': '0.0002459', 'epoch': '2.128'}
{'loss': '0.2432', 'grad_norm': '0.2577', 'learning_rate': '0.000237', 'epoch': '2.34'}
{'loss': '0.2197', 'grad_norm': '0.2041', 'learning_rate': '0.0002281', 'epoch': '2.553'}
{'loss': '0.2488', 'grad_norm': '0.4824', 'learning_rate': '0.0002192', 'epoch': '2.766'}
{'loss': '0.2259', 'grad_norm': '0.2558', 'learning_rate': '0.0002104', 'epoch': '2.979'}
{'eval_loss': '0.278', 'eval_forgiven_wer': '0.1057', 'eval_wer': '0.1638', 'eval_runaway': 0, 'eval_runtime': '36.35', 'eval_samples_per_second': '1.926', 'eval_steps_per_second': '0.138', 'epoch': '3'}
{'loss': '0.1761', 'grad_norm': '0.326', 'learning_rate': '0.0002015', 'epoch': '3.191'}
{'loss': '0.1785', 'grad_norm': '0.4182', 'learning_rate': '0.0001926', 'epoch': '3.404'}
{'loss': '0.1855', 'grad_norm': '0.4328', 'learning_rate': '0.0001837', 'epoch': '3.617'}
{'loss': '0.1876', 'grad_norm': '0.2086', 'learning_rate': '0.0001749', 'epoch': '3.83'}
{'eval_loss': '0.291', 'eval_forgiven_wer': '0.1146', 'eval_wer': '0.1738', 'eval_runaway': 0, 'eval_runtime': '35.62', 'eval_samples_per_second': '1.965', 'eval_steps_per_second': '0.14', 'epoch': '4'}
{'loss': '0.1768', 'grad_norm': '0.2018', 'learning_rate': '0.000166', 'epoch': '4.043'}
{'loss': '0.1408', 'grad_norm': '0.4191', 'learning_rate': '0.0001571', 'epoch': '4.255'}
{'loss': '0.1513', 'grad_norm': '0.3676', 'learning_rate': '0.0001482', 'epoch': '4.468'}
{'loss': '0.1361', 'grad_norm': '0.4829', 'learning_rate': '0.0001393', 'epoch': '4.681'}
{'loss': '0.1222', 'grad_norm': '0.4372', 'learning_rate': '0.0001305', 'epoch': '4.894'}
{'eval_loss': '0.3148', 'eval_forgiven_wer': '0.1109', 'eval_wer': '0.1659', 'eval_runaway': 0, 'eval_runtime': '36.14', 'eval_samples_per_second': '1.937', 'eval_steps_per_second': '0.138', 'epoch': '5'}
{'loss': '0.1242', 'grad_norm': '0.308', 'learning_rate': '0.0001216', 'epoch': '5.106'}
{'loss': '0.1009', 'grad_norm': '0.3856', 'learning_rate': '0.0001127', 'epoch': '5.319'}
{'loss': '0.09745', 'grad_norm': '0.2608', 'learning_rate': '0.0001038', 'epoch': '5.532'}
{'loss': '0.12', 'grad_norm': '0.5479', 'learning_rate': '9.497e-05', 'epoch': '5.745'}
{'loss': '0.1038', 'grad_norm': '0.7034', 'learning_rate': '8.609e-05', 'epoch': '5.957'}
{'eval_loss': '0.3401', 'eval_forgiven_wer': '0.1167', 'eval_wer': '0.1727', 'eval_runaway': 0, 'eval_runtime': '35.36', 'eval_samples_per_second': '1.98', 'eval_steps_per_second': '0.141', 'epoch': '6'}
{'loss': '0.07681', 'grad_norm': '0.395', 'learning_rate': '7.722e-05', 'epoch': '6.17'}
{'loss': '0.07512', 'grad_norm': '0.4834', 'learning_rate': '6.834e-05', 'epoch': '6.383'}
{'loss': '0.07542', 'grad_norm': '0.5391', 'learning_rate': '5.947e-05', 'epoch': '6.596'}
{'loss': '0.07347', 'grad_norm': '0.6226', 'learning_rate': '5.059e-05', 'epoch': '6.809'}
{'eval_loss': '0.3535', 'eval_forgiven_wer': '0.1183', 'eval_wer': '0.1743', 'eval_runaway': 0, 'eval_runtime': '36.01', 'eval_samples_per_second': '1.944', 'eval_steps_per_second': '0.139', 'epoch': '7'}
{'loss': '0.08874', 'grad_norm': '0.4748', 'learning_rate': '4.172e-05', 'epoch': '7.021'}
{'loss': '0.05998', 'grad_norm': '0.3867', 'learning_rate': '3.284e-05', 'epoch': '7.234'}
{'loss': '0.06696', 'grad_norm': '0.3466', 'learning_rate': '2.396e-05', 'epoch': '7.447'}
{'loss': '0.06419', 'grad_norm': '0.3138', 'learning_rate': '1.509e-05', 'epoch': '7.66'}
{'loss': '0.05607', 'grad_norm': '0.2908', 'learning_rate': '6.213e-06', 'epoch': '7.872'}
{'eval_loss': '0.3814', 'eval_forgiven_wer': '0.1199', 'eval_wer': '0.1764', 'eval_runaway': 0, 'eval_runtime': '35.8', 'eval_samples_per_second': '1.955', 'eval_steps_per_second': '0.14', 'epoch': '8'}
{'train_runtime': '514.6', 'train_samples_per_second': '5.783', 'train_steps_per_second': '0.731', 'train_loss': '0.196', 'epoch': '8'}
s30831_armB_both_lora_b80_r8_lr0.0003_seed0_verbatim-selF: WER 0.2736 -> 0.2525 (+7.7%, p 0.000); forgiven 0.1452 -> 0.1353 (+6.9%, p 0.018) in 9.3 min train 523s base 0s other_arm 0s load_tuned 6s transcribe_tuned 30s score 0s
s30843_armB_both_lora_b80_r8_lr0.0003_seed0_verbatim-selF: 397 train chunks (79.8 min), 118 dev, select on forgiven
trainable params: 3,932,160 || all params: 1,547,422,720 || trainable%: 0.2541
precision: bf16, base weights torch.bfloat16, grad checkpointing False, lr 0.0003, method lora
{'loss': '0.503', 'grad_norm': '0.152', 'learning_rate': '6.75e-05', 'epoch': '0.2'}
{'loss': '0.5254', 'grad_norm': '0.2162', 'learning_rate': '0.0001425', 'epoch': '0.4'}
{'loss': '0.4723', 'grad_norm': '0.2659', 'learning_rate': '0.0002175', 'epoch': '0.6'}
{'loss': '0.4596', 'grad_norm': '0.5678', 'learning_rate': '0.0002925', 'epoch': '0.8'}
{'loss': '0.411', 'grad_norm': '0.3622', 'learning_rate': '0.0002925', 'epoch': '1'}
{'eval_loss': '0.4514', 'eval_forgiven_wer': '0.2153', 'eval_wer': '0.3302', 'eval_runaway': 2, 'eval_runtime': '76.2', 'eval_samples_per_second': '1.549', 'eval_steps_per_second': '0.105', 'epoch': '1'}
{'loss': '0.3298', 'grad_norm': '0.2978', 'learning_rate': '0.0002842', 'epoch': '1.2'}
{'loss': '0.2983', 'grad_norm': '0.4863', 'learning_rate': '0.0002758', 'epoch': '1.4'}
{'loss': '0.2784', 'grad_norm': '0.2671', 'learning_rate': '0.0002675', 'epoch': '1.6'}
{'loss': '0.3234', 'grad_norm': '0.4987', 'learning_rate': '0.0002592', 'epoch': '1.8'}
{'loss': '0.3085', 'grad_norm': '0.1976', 'learning_rate': '0.0002508', 'epoch': '2'}
{'eval_loss': '0.4308', 'eval_forgiven_wer': '0.1756', 'eval_wer': '0.291', 'eval_runaway': 1, 'eval_runtime': '62.25', 'eval_samples_per_second': '1.896', 'eval_steps_per_second': '0.129', 'epoch': '2'}
{'loss': '0.241', 'grad_norm': '0.4096', 'learning_rate': '0.0002425', 'epoch': '2.2'}
{'loss': '0.2288', 'grad_norm': '0.3006', 'learning_rate': '0.0002342', 'epoch': '2.4'}
{'loss': '0.254', 'grad_norm': '0.4115', 'learning_rate': '0.0002258', 'epoch': '2.6'}
{'loss': '0.2243', 'grad_norm': '0.2684', 'learning_rate': '0.0002175', 'epoch': '2.8'}
{'loss': '0.2408', 'grad_norm': '0.4863', 'learning_rate': '0.0002092', 'epoch': '3'}
{'eval_loss': '0.434', 'eval_forgiven_wer': '0.2275', 'eval_wer': '0.3392', 'eval_runaway': 2, 'eval_runtime': '72.86', 'eval_samples_per_second': '1.62', 'eval_steps_per_second': '0.11', 'epoch': '3'}
{'loss': '0.1883', 'grad_norm': '0.3903', 'learning_rate': '0.0002008', 'epoch': '3.2'}
{'loss': '0.1624', 'grad_norm': '0.3778', 'learning_rate': '0.0001925', 'epoch': '3.4'}
{'loss': '0.165', 'grad_norm': '0.3418', 'learning_rate': '0.0001842', 'epoch': '3.6'}
{'loss': '0.1752', 'grad_norm': '0.3599', 'learning_rate': '0.0001758', 'epoch': '3.8'}
{'loss': '0.1964', 'grad_norm': '0.3145', 'learning_rate': '0.0001675', 'epoch': '4'}
{'eval_loss': '0.4536', 'eval_forgiven_wer': '0.1799', 'eval_wer': '0.2905', 'eval_runaway': 0, 'eval_runtime': '65.18', 'eval_samples_per_second': '1.81', 'eval_steps_per_second': '0.123', 'epoch': '4'}
{'loss': '0.1451', 'grad_norm': '0.3548', 'learning_rate': '0.0001592', 'epoch': '4.2'}
{'loss': '0.1158', 'grad_norm': '0.5151', 'learning_rate': '0.0001508', 'epoch': '4.4'}
{'loss': '0.132', 'grad_norm': '0.4249', 'learning_rate': '0.0001425', 'epoch': '4.6'}
{'loss': '0.1354', 'grad_norm': '0.4398', 'learning_rate': '0.0001342', 'epoch': '4.8'}
{'loss': '0.1421', 'grad_norm': '0.5781', 'learning_rate': '0.0001258', 'epoch': '5'}
{'eval_loss': '0.4879', 'eval_forgiven_wer': '0.1846', 'eval_wer': '0.2955', 'eval_runaway': 1, 'eval_runtime': '64.2', 'eval_samples_per_second': '1.838', 'eval_steps_per_second': '0.125', 'epoch': '5'}
{'loss': '0.1269', 'grad_norm': '0.4635', 'learning_rate': '0.0001175', 'epoch': '5.2'}
{'loss': '0.1021', 'grad_norm': '0.2679', 'learning_rate': '0.0001092', 'epoch': '5.4'}
{'loss': '0.09086', 'grad_norm': '0.473', 'learning_rate': '0.0001008', 'epoch': '5.6'}
{'loss': '0.1021', 'grad_norm': '0.4906', 'learning_rate': '9.25e-05', 'epoch': '5.8'}
{'loss': '0.09563', 'grad_norm': '0.5512', 'learning_rate': '8.417e-05', 'epoch': '6'}
{'eval_loss': '0.5174', 'eval_forgiven_wer': '0.1849', 'eval_wer': '0.2958', 'eval_runaway': 0, 'eval_runtime': '65.1', 'eval_samples_per_second': '1.813', 'eval_steps_per_second': '0.123', 'epoch': '6'}
{'loss': '0.06641', 'grad_norm': '0.3537', 'learning_rate': '7.583e-05', 'epoch': '6.2'}
{'loss': '0.06637', 'grad_norm': '0.385', 'learning_rate': '6.75e-05', 'epoch': '6.4'}
{'loss': '0.0735', 'grad_norm': '0.3342', 'learning_rate': '5.917e-05', 'epoch': '6.6'}
{'loss': '0.08579', 'grad_norm': '0.3423', 'learning_rate': '5.083e-05', 'epoch': '6.8'}
{'loss': '0.08111', 'grad_norm': '0.4588', 'learning_rate': '4.25e-05', 'epoch': '7'}
{'eval_loss': '0.5551', 'eval_forgiven_wer': '0.1909', 'eval_wer': '0.2988', 'eval_runaway': 0, 'eval_runtime': '66.7', 'eval_samples_per_second': '1.769', 'eval_steps_per_second': '0.12', 'epoch': '7'}
{'loss': '0.05816', 'grad_norm': '0.389', 'learning_rate': '3.417e-05', 'epoch': '7.2'}
{'loss': '0.06519', 'grad_norm': '0.2851', 'learning_rate': '2.583e-05', 'epoch': '7.4'}
{'loss': '0.06076', 'grad_norm': '0.3619', 'learning_rate': '1.75e-05', 'epoch': '7.6'}
{'loss': '0.0582', 'grad_norm': '0.2635', 'learning_rate': '9.167e-06', 'epoch': '7.8'}
{'loss': '0.05557', 'grad_norm': '0.2372', 'learning_rate': '8.333e-07', 'epoch': '8'}
{'eval_loss': '0.5773', 'eval_forgiven_wer': '0.1932', 'eval_wer': '0.3011', 'eval_runaway': 0, 'eval_runtime': '64.99', 'eval_samples_per_second': '1.816', 'eval_steps_per_second': '0.123', 'epoch': '8'}
{'train_runtime': '775', 'train_samples_per_second': '4.098', 'train_steps_per_second': '0.516', 'train_loss': '0.1961', 'epoch': '8'}
s30843_armB_both_lora_b80_r8_lr0.0003_seed0_verbatim-selF: WER 0.3231 -> 0.2956 (+8.5%, p 0.000); forgiven 0.2102 -> 0.1874 (+10.9%, p 0.000) in 13.7 min train 783s base 0s other_arm 0s load_tuned 6s transcribe_tuned 31s score 0s
s30859_armB_both_lora_b80_r8_lr0.0003_seed0_verbatim-selF: 343 train chunks (79.8 min), 75 dev, select on forgiven
trainable params: 3,932,160 || all params: 1,547,422,720 || trainable%: 0.2541
precision: bf16, base weights torch.bfloat16, grad checkpointing False, lr 0.0003, method lora
{'loss': '0.3383', 'grad_norm': '0.07449', 'learning_rate': '7.714e-05', 'epoch': '0.2326'}
{'loss': '0.3741', 'grad_norm': '0.137', 'learning_rate': '0.0001629', 'epoch': '0.4651'}
{'loss': '0.3412', 'grad_norm': '0.1996', 'learning_rate': '0.0002486', 'epoch': '0.6977'}
{'loss': '0.239', 'grad_norm': '0.1731', 'learning_rate': '0.0002961', 'epoch': '0.9302'}
{'eval_loss': '0.2309', 'eval_forgiven_wer': '0.06444', 'eval_wer': '0.1163', 'eval_runaway': 1, 'eval_runtime': '35.47', 'eval_samples_per_second': '2.114', 'eval_steps_per_second': '0.141', 'epoch': '1'}
{'loss': '0.2279', 'grad_norm': '0.1401', 'learning_rate': '0.0002864', 'epoch': '1.163'}
{'loss': '0.1715', 'grad_norm': '0.137', 'learning_rate': '0.0002767', 'epoch': '1.395'}
{'loss': '0.1627', 'grad_norm': '0.2521', 'learning_rate': '0.000267', 'epoch': '1.628'}
{'loss': '0.2041', 'grad_norm': '0.378', 'learning_rate': '0.0002573', 'epoch': '1.86'}
{'eval_loss': '0.2025', 'eval_forgiven_wer': '0.08188', 'eval_wer': '0.1361', 'eval_runaway': 1, 'eval_runtime': '35.7', 'eval_samples_per_second': '2.101', 'eval_steps_per_second': '0.14', 'epoch': '2'}
{'loss': '0.1502', 'grad_norm': '0.1946', 'learning_rate': '0.0002476', 'epoch': '2.093'}
{'loss': '0.1314', 'grad_norm': '0.1519', 'learning_rate': '0.0002379', 'epoch': '2.326'}
{'loss': '0.1149', 'grad_norm': '0.1395', 'learning_rate': '0.0002282', 'epoch': '2.558'}
{'loss': '0.1361', 'grad_norm': '0.3244', 'learning_rate': '0.0002184', 'epoch': '2.791'}
{'eval_loss': '0.2146', 'eval_forgiven_wer': '0.06492', 'eval_wer': '0.1177', 'eval_runaway': 1, 'eval_runtime': '36.38', 'eval_samples_per_second': '2.062', 'eval_steps_per_second': '0.137', 'epoch': '3'}
{'loss': '0.09367', 'grad_norm': '0.1579', 'learning_rate': '0.0002087', 'epoch': '3.023'}
{'loss': '0.08271', 'grad_norm': '0.1553', 'learning_rate': '0.000199', 'epoch': '3.256'}
{'loss': '0.07443', 'grad_norm': '0.1862', 'learning_rate': '0.0001893', 'epoch': '3.488'}
{'loss': '0.09355', 'grad_norm': '0.2971', 'learning_rate': '0.0001796', 'epoch': '3.721'}
{'loss': '0.09784', 'grad_norm': '0.3477', 'learning_rate': '0.0001699', 'epoch': '3.953'}
{'eval_loss': '0.2306', 'eval_forgiven_wer': '0.07122', 'eval_wer': '0.126', 'eval_runaway': 1, 'eval_runtime': '37.38', 'eval_samples_per_second': '2.006', 'eval_steps_per_second': '0.134', 'epoch': '4'}
{'loss': '0.05399', 'grad_norm': '0.2089', 'learning_rate': '0.0001602', 'epoch': '4.186'}
{'loss': '0.07821', 'grad_norm': '0.4184', 'learning_rate': '0.0001505', 'epoch': '4.419'}
{'loss': '0.04862', 'grad_norm': '0.2613', 'learning_rate': '0.0001408', 'epoch': '4.651'}
{'loss': '0.06856', 'grad_norm': '0.3356', 'learning_rate': '0.0001311', 'epoch': '4.884'}
{'eval_loss': '0.2475', 'eval_forgiven_wer': '0.07122', 'eval_wer': '0.1279', 'eval_runaway': 1, 'eval_runtime': '34.39', 'eval_samples_per_second': '2.181', 'eval_steps_per_second': '0.145', 'epoch': '5'}
{'loss': '0.04222', 'grad_norm': '0.1413', 'learning_rate': '0.0001214', 'epoch': '5.116'}
{'loss': '0.03871', 'grad_norm': '0.2731', 'learning_rate': '0.0001117', 'epoch': '5.349'}
{'loss': '0.03826', 'grad_norm': '0.3227', 'learning_rate': '0.0001019', 'epoch': '5.581'}
{'loss': '0.04137', 'grad_norm': '0.2279', 'learning_rate': '9.223e-05', 'epoch': '5.814'}
{'eval_loss': '0.2721', 'eval_forgiven_wer': '0.06977', 'eval_wer': '0.124', 'eval_runaway': 1, 'eval_runtime': '34.26', 'eval_samples_per_second': '2.189', 'eval_steps_per_second': '0.146', 'epoch': '6'}
{'loss': '0.04128', 'grad_norm': '0.1984', 'learning_rate': '8.252e-05', 'epoch': '6.047'}
{'loss': '0.02886', 'grad_norm': '0.2682', 'learning_rate': '7.282e-05', 'epoch': '6.279'}
{'loss': '0.02435', 'grad_norm': '0.2257', 'learning_rate': '6.311e-05', 'epoch': '6.512'}
{'loss': '0.02554', 'grad_norm': '0.3269', 'learning_rate': '5.34e-05', 'epoch': '6.744'}
{'loss': '0.0239', 'grad_norm': '0.3169', 'learning_rate': '4.369e-05', 'epoch': '6.977'}
{'eval_loss': '0.2991', 'eval_forgiven_wer': '0.0751', 'eval_wer': '0.1308', 'eval_runaway': 1, 'eval_runtime': '39.46', 'eval_samples_per_second': '1.9', 'eval_steps_per_second': '0.127', 'epoch': '7'}
{'loss': '0.03289', 'grad_norm': '0.3405', 'learning_rate': '3.398e-05', 'epoch': '7.209'}
{'loss': '0.02077', 'grad_norm': '0.3075', 'learning_rate': '2.427e-05', 'epoch': '7.442'}
{'loss': '0.01621', 'grad_norm': '0.3031', 'learning_rate': '1.456e-05', 'epoch': '7.674'}
{'loss': '0.01792', 'grad_norm': '0.2664', 'learning_rate': '4.854e-06', 'epoch': '7.907'}
{'eval_loss': '0.3138', 'eval_forgiven_wer': '0.07074', 'eval_wer': '0.1274', 'eval_runaway': 1, 'eval_runtime': '39.86', 'eval_samples_per_second': '1.882', 'eval_steps_per_second': '0.125', 'epoch': '8'}
{'train_runtime': '500.3', 'train_samples_per_second': '5.485', 'train_steps_per_second': '0.688', 'train_loss': '0.107', 'epoch': '8'}
s30859_armB_both_lora_b80_r8_lr0.0003_seed0_verbatim-selF: WER 0.2538 -> 0.2442 (+3.8%, p 0.039); forgiven 0.1735 -> 0.1722 (+0.7%, p 0.720) in 9.3 min train 509s base 0s other_arm 0s load_tuned 6s transcribe_tuned 45s score 0s
s30868_armB_both_lora_b80_r8_lr0.0003_seed0_verbatim-selF: 391 train chunks (80.0 min), 87 dev, select on forgiven
trainable params: 3,932,160 || all params: 1,547,422,720 || trainable%: 0.2541
precision: bf16, base weights torch.bfloat16, grad checkpointing False, lr 0.0003, method lora
{'loss': '0.5206', 'grad_norm': '0.1373', 'learning_rate': '6.75e-05', 'epoch': '0.2041'}
{'loss': '0.5364', 'grad_norm': '0.1275', 'learning_rate': '0.0001425', 'epoch': '0.4082'}
{'loss': '0.4605', 'grad_norm': '0.1421', 'learning_rate': '0.0002175', 'epoch': '0.6122'}
{'loss': '0.4613', 'grad_norm': '0.2002', 'learning_rate': '0.0002925', 'epoch': '0.8163'}
{'eval_loss': '0.2688', 'eval_forgiven_wer': '0.09505', 'eval_wer': '0.1793', 'eval_runaway': 0, 'eval_runtime': '50', 'eval_samples_per_second': '1.74', 'eval_steps_per_second': '0.12', 'epoch': '1'}
{'loss': '0.386', 'grad_norm': '0.2321', 'learning_rate': '0.0002923', 'epoch': '1.02'}
{'loss': '0.3125', 'grad_norm': '0.223', 'learning_rate': '0.0002838', 'epoch': '1.224'}
{'loss': '0.3204', 'grad_norm': '0.32', 'learning_rate': '0.0002753', 'epoch': '1.429'}
{'loss': '0.3016', 'grad_norm': '0.3216', 'learning_rate': '0.0002668', 'epoch': '1.633'}
{'loss': '0.3455', 'grad_norm': '0.389', 'learning_rate': '0.0002582', 'epoch': '1.837'}
{'eval_loss': '0.2447', 'eval_forgiven_wer': '0.09722', 'eval_wer': '0.1836', 'eval_runaway': 0, 'eval_runtime': '45.46', 'eval_samples_per_second': '1.914', 'eval_steps_per_second': '0.132', 'epoch': '2'}
{'loss': '0.2826', 'grad_norm': '0.3497', 'learning_rate': '0.0002497', 'epoch': '2.041'}
{'loss': '0.2529', 'grad_norm': '0.2257', 'learning_rate': '0.0002412', 'epoch': '2.245'}
{'loss': '0.2353', 'grad_norm': '0.3112', 'learning_rate': '0.0002327', 'epoch': '2.449'}
{'loss': '0.2822', 'grad_norm': '0.3734', 'learning_rate': '0.0002241', 'epoch': '2.653'}
{'loss': '0.2344', 'grad_norm': '0.5391', 'learning_rate': '0.0002156', 'epoch': '2.857'}
{'eval_loss': '0.2564', 'eval_forgiven_wer': '0.1037', 'eval_wer': '0.1892', 'eval_runaway': 0, 'eval_runtime': '45.22', 'eval_samples_per_second': '1.924', 'eval_steps_per_second': '0.133', 'epoch': '3'}
{'loss': '0.2282', 'grad_norm': '0.4439', 'learning_rate': '0.0002071', 'epoch': '3.061'}
{'loss': '0.1902', 'grad_norm': '0.2617', 'learning_rate': '0.0001986', 'epoch': '3.265'}
{'loss': '0.1926', 'grad_norm': '0.3509', 'learning_rate': '0.0001901', 'epoch': '3.469'}
{'loss': '0.1922', 'grad_norm': '0.4069', 'learning_rate': '0.0001815', 'epoch': '3.673'}
{'loss': '0.2019', 'grad_norm': '0.4237', 'learning_rate': '0.000173', 'epoch': '3.878'}
{'eval_loss': '0.278', 'eval_forgiven_wer': '0.122', 'eval_wer': '0.1984', 'eval_runaway': 0, 'eval_runtime': '44.38', 'eval_samples_per_second': '1.96', 'eval_steps_per_second': '0.135', 'epoch': '4'}
{'loss': '0.1825', 'grad_norm': '0.3287', 'learning_rate': '0.0001645', 'epoch': '4.082'}
{'loss': '0.142', 'grad_norm': '0.437', 'learning_rate': '0.000156', 'epoch': '4.286'}
{'loss': '0.1686', 'grad_norm': '0.5135', 'learning_rate': '0.0001474', 'epoch': '4.49'}
{'loss': '0.1454', 'grad_norm': '0.6407', 'learning_rate': '0.0001389', 'epoch': '4.694'}
{'loss': '0.1407', 'grad_norm': '0.5224', 'learning_rate': '0.0001304', 'epoch': '4.898'}
{'eval_loss': '0.295', 'eval_forgiven_wer': '0.1124', 'eval_wer': '0.2005', 'eval_runaway': 0, 'eval_runtime': '45.14', 'eval_samples_per_second': '1.927', 'eval_steps_per_second': '0.133', 'epoch': '5'}
{'loss': '0.1323', 'grad_norm': '0.5112', 'learning_rate': '0.0001219', 'epoch': '5.102'}
{'loss': '0.1159', 'grad_norm': '0.3589', 'learning_rate': '0.0001134', 'epoch': '5.306'}
{'loss': '0.1107', 'grad_norm': '0.4018', 'learning_rate': '0.0001048', 'epoch': '5.51'}
{'loss': '0.1252', 'grad_norm': '0.3032', 'learning_rate': '9.631e-05', 'epoch': '5.714'}
{'loss': '0.1187', 'grad_norm': '0.5937', 'learning_rate': '8.778e-05', 'epoch': '5.918'}
{'eval_loss': '0.3136', 'eval_forgiven_wer': '0.122', 'eval_wer': '0.2018', 'eval_runaway': 0, 'eval_runtime': '45.67', 'eval_samples_per_second': '1.905', 'eval_steps_per_second': '0.131', 'epoch': '6'}
{'loss': '0.08695', 'grad_norm': '0.3442', 'learning_rate': '7.926e-05', 'epoch': '6.122'}
{'loss': '0.08669', 'grad_norm': '0.5964', 'learning_rate': '7.074e-05', 'epoch': '6.327'}
{'loss': '0.07359', 'grad_norm': '0.6268', 'learning_rate': '6.222e-05', 'epoch': '6.531'}
{'loss': '0.09563', 'grad_norm': '0.3756', 'learning_rate': '5.369e-05', 'epoch': '6.735'}
{'loss': '0.09214', 'grad_norm': '0.4136', 'learning_rate': '4.517e-05', 'epoch': '6.939'}
{'eval_loss': '0.3446', 'eval_forgiven_wer': '0.1263', 'eval_wer': '0.2031', 'eval_runaway': 0, 'eval_runtime': '44.94', 'eval_samples_per_second': '1.936', 'eval_steps_per_second': '0.134', 'epoch': '7'}
{'loss': '0.07193', 'grad_norm': '0.4422', 'learning_rate': '3.665e-05', 'epoch': '7.143'}
{'loss': '0.06632', 'grad_norm': '0.3885', 'learning_rate': '2.812e-05', 'epoch': '7.347'}
{'loss': '0.07368', 'grad_norm': '0.3489', 'learning_rate': '1.96e-05', 'epoch': '7.551'}
{'loss': '0.0723', 'grad_norm': '0.4937', 'learning_rate': '1.108e-05', 'epoch': '7.755'}
{'loss': '0.06987', 'grad_norm': '0.3663', 'learning_rate': '2.557e-06', 'epoch': '7.959'}
{'eval_loss': '0.3621', 'eval_forgiven_wer': '0.1289', 'eval_wer': '0.2101', 'eval_runaway': 0, 'eval_runtime': '45.96', 'eval_samples_per_second': '1.893', 'eval_steps_per_second': '0.131', 'epoch': '8'}
{'train_runtime': '601.9', 'train_samples_per_second': '5.197', 'train_steps_per_second': '0.651', 'train_loss': '0.2071', 'epoch': '8'}
s30868_armB_both_lora_b80_r8_lr0.0003_seed0_verbatim-selF: WER 0.2211 -> 0.2190 (+1.0%, p 0.969); forgiven 0.1693 -> 0.1707 (-0.8%, p 0.947) in 10.9 min train 611s base 0s other_arm 0s load_tuned 6s transcribe_tuned 37s score 0s
sctrl0of2_armB_both_lora_b80_r8_lr0.0003_seed0_verbatim-selF: pool of 5 speakers, 382 chunks (79.9 min), dev 42; evaluates [23558, 30685, 30752, 30777, 30831, 30859]
sctrl0of2_armB_both_lora_b80_r8_lr0.0003_seed0_verbatim-selF: 382 train chunks (79.9 min), 42 dev, select on forgiven
trainable params: 3,932,160 || all params: 1,547,422,720 || trainable%: 0.2541
precision: bf16, base weights torch.bfloat16, grad checkpointing False, lr 0.0003, method lora
{'loss': '0.5702', 'grad_norm': '0.1321', 'learning_rate': '6.923e-05', 'epoch': '0.2083'}
{'loss': '0.638', 'grad_norm': '0.1266', 'learning_rate': '0.0001462', 'epoch': '0.4167'}
{'loss': '0.5627', 'grad_norm': '0.2437', 'learning_rate': '0.0002231', 'epoch': '0.625'}
{'loss': '0.5308', 'grad_norm': '0.2457', 'learning_rate': '0.0003', 'epoch': '0.8333'}
{'eval_loss': '0.2876', 'eval_forgiven_wer': '0.1459', 'eval_wer': '0.1595', 'eval_runaway': 0, 'eval_runtime': '32.04', 'eval_samples_per_second': '1.311', 'eval_steps_per_second': '0.094', 'epoch': '1'}
{'loss': '0.5047', 'grad_norm': '0.2934', 'learning_rate': '0.0002913', 'epoch': '1.042'}
{'loss': '0.3935', 'grad_norm': '0.1822', 'learning_rate': '0.0002826', 'epoch': '1.25'}
{'loss': '0.3863', 'grad_norm': '0.3229', 'learning_rate': '0.0002739', 'epoch': '1.458'}
{'loss': '0.3808', 'grad_norm': '0.3203', 'learning_rate': '0.0002652', 'epoch': '1.667'}
{'loss': '0.3885', 'grad_norm': '0.2503', 'learning_rate': '0.0002565', 'epoch': '1.875'}
{'eval_loss': '0.2594', 'eval_forgiven_wer': '0.172', 'eval_wer': '0.1845', 'eval_runaway': 0, 'eval_runtime': '30.65', 'eval_samples_per_second': '1.37', 'eval_steps_per_second': '0.098', 'epoch': '2'}
{'loss': '0.4262', 'grad_norm': '0.248', 'learning_rate': '0.0002478', 'epoch': '2.083'}
{'loss': '0.2915', 'grad_norm': '0.2867', 'learning_rate': '0.0002391', 'epoch': '2.292'}
{'loss': '0.3454', 'grad_norm': '0.4132', 'learning_rate': '0.0002304', 'epoch': '2.5'}
{'loss': '0.294', 'grad_norm': '0.3508', 'learning_rate': '0.0002217', 'epoch': '2.708'}
{'loss': '0.3371', 'grad_norm': '0.4662', 'learning_rate': '0.000213', 'epoch': '2.917'}
{'eval_loss': '0.2666', 'eval_forgiven_wer': '0.1572', 'eval_wer': '0.1667', 'eval_runaway': 0, 'eval_runtime': '27.71', 'eval_samples_per_second': '1.516', 'eval_steps_per_second': '0.108', 'epoch': '3'}
{'loss': '0.2976', 'grad_norm': '0.3151', 'learning_rate': '0.0002043', 'epoch': '3.125'}
{'loss': '0.2355', 'grad_norm': '0.5356', 'learning_rate': '0.0001957', 'epoch': '3.333'}
{'loss': '0.2813', 'grad_norm': '0.5086', 'learning_rate': '0.000187', 'epoch': '3.542'}
{'loss': '0.2684', 'grad_norm': '0.431', 'learning_rate': '0.0001783', 'epoch': '3.75'}
{'loss': '0.2563', 'grad_norm': '0.4871', 'learning_rate': '0.0001696', 'epoch': '3.958'}
{'eval_loss': '0.2794', 'eval_forgiven_wer': '0.156', 'eval_wer': '0.1673', 'eval_runaway': 0, 'eval_runtime': '26.77', 'eval_samples_per_second': '1.569', 'eval_steps_per_second': '0.112', 'epoch': '4'}
{'loss': '0.2201', 'grad_norm': '0.3983', 'learning_rate': '0.0001609', 'epoch': '4.167'}
{'loss': '0.2094', 'grad_norm': '0.5869', 'learning_rate': '0.0001522', 'epoch': '4.375'}
{'loss': '0.1901', 'grad_norm': '0.4762', 'learning_rate': '0.0001435', 'epoch': '4.583'}
{'loss': '0.1843', 'grad_norm': '0.5914', 'learning_rate': '0.0001348', 'epoch': '4.792'}
{'loss': '0.2131', 'grad_norm': '0.4532', 'learning_rate': '0.0001261', 'epoch': '5'}
{'eval_loss': '0.3022', 'eval_forgiven_wer': '0.1702', 'eval_wer': '0.1827', 'eval_runaway': 0, 'eval_runtime': '27.26', 'eval_samples_per_second': '1.541', 'eval_steps_per_second': '0.11', 'epoch': '5'}
{'loss': '0.1521', 'grad_norm': '0.3485', 'learning_rate': '0.0001174', 'epoch': '5.208'}
{'loss': '0.1402', 'grad_norm': '0.4884', 'learning_rate': '0.0001087', 'epoch': '5.417'}
{'loss': '0.1684', 'grad_norm': '0.3952', 'learning_rate': '0.0001', 'epoch': '5.625'}
{'loss': '0.1705', 'grad_norm': '0.6244', 'learning_rate': '9.13e-05', 'epoch': '5.833'}
{'eval_loss': '0.3224', 'eval_forgiven_wer': '0.1785', 'eval_wer': '0.1886', 'eval_runaway': 0, 'eval_runtime': '27.28', 'eval_samples_per_second': '1.54', 'eval_steps_per_second': '0.11', 'epoch': '6'}
{'loss': '0.169', 'grad_norm': '0.4419', 'learning_rate': '8.261e-05', 'epoch': '6.042'}
{'loss': '0.1448', 'grad_norm': '0.4434', 'learning_rate': '7.391e-05', 'epoch': '6.25'}
{'loss': '0.1226', 'grad_norm': '0.6935', 'learning_rate': '6.522e-05', 'epoch': '6.458'}
{'loss': '0.1441', 'grad_norm': '0.5189', 'learning_rate': '5.652e-05', 'epoch': '6.667'}
{'loss': '0.1254', 'grad_norm': '0.3983', 'learning_rate': '4.783e-05', 'epoch': '6.875'}
{'eval_loss': '0.3441', 'eval_forgiven_wer': '0.1809', 'eval_wer': '0.1886', 'eval_runaway': 0, 'eval_runtime': '27.74', 'eval_samples_per_second': '1.514', 'eval_steps_per_second': '0.108', 'epoch': '7'}
{'loss': '0.1237', 'grad_norm': '0.611', 'learning_rate': '3.913e-05', 'epoch': '7.083'}
{'loss': '0.1156', 'grad_norm': '0.4654', 'learning_rate': '3.043e-05', 'epoch': '7.292'}
{'loss': '0.1302', 'grad_norm': '0.4874', 'learning_rate': '2.174e-05', 'epoch': '7.5'}
{'loss': '0.09582', 'grad_norm': '0.5652', 'learning_rate': '1.304e-05', 'epoch': '7.708'}
{'loss': '0.1088', 'grad_norm': '0.6851', 'learning_rate': '4.348e-06', 'epoch': '7.917'}
{'eval_loss': '0.3574', 'eval_forgiven_wer': '0.1886', 'eval_wer': '0.1975', 'eval_runaway': 0, 'eval_runtime': '28.72', 'eval_samples_per_second': '1.462', 'eval_steps_per_second': '0.104', 'epoch': '8'}
{'train_runtime': '460.2', 'train_samples_per_second': '6.641', 'train_steps_per_second': '0.834', 'train_loss': '0.2697', 'epoch': '8'}
sctrl0of2_armB_both_lora_b80_r8_lr0.0003_seed0_verbatim-selF on 23558: WER 0.4420 -> 0.3638 (+17.7%, p 0.000); forgiven 0.2947 -> 0.2405 (+18.4%) in 126s
sctrl0of2_armB_both_lora_b80_r8_lr0.0003_seed0_verbatim-selF on 30685: WER 0.2330 -> 0.2172 (+6.8%, p 0.000); forgiven 0.1094 -> 0.1038 (+5.1%) in 35s
sctrl0of2_armB_both_lora_b80_r8_lr0.0003_seed0_verbatim-selF on 30752: WER 0.1956 -> 0.1862 (+4.8%, p 0.061); forgiven 0.1353 -> 0.1319 (+2.6%) in 22s
sctrl0of2_armB_both_lora_b80_r8_lr0.0003_seed0_verbatim-selF on 30777: WER 0.2237 -> 0.1859 (+16.9%, p 0.000); forgiven 0.1535 -> 0.1227 (+20.1%) in 42s
sctrl0of2_armB_both_lora_b80_r8_lr0.0003_seed0_verbatim-selF on 30831: WER 0.2736 -> 0.2564 (+6.3%, p 0.000); forgiven 0.1452 -> 0.1421 (+2.2%) in 52s
sctrl0of2_armB_both_lora_b80_r8_lr0.0003_seed0_verbatim-selF on 30859: WER 0.2538 -> 0.2407 (+5.2%, p 0.001); forgiven 0.1735 -> 0.1714 (+1.2%) in 344s
sctrl1of2_armB_both_lora_b80_r8_lr0.0003_seed0_verbatim-selF: pool of 6 speakers, 363 chunks (79.8 min), dev 82; evaluates [30701, 30718, 30813, 30843, 30868]
sctrl1of2_armB_both_lora_b80_r8_lr0.0003_seed0_verbatim-selF: 363 train chunks (79.8 min), 82 dev, select on forgiven
trainable params: 3,932,160 || all params: 1,547,422,720 || trainable%: 0.2541
precision: bf16, base weights torch.bfloat16, grad checkpointing False, lr 0.0003, method lora
{'loss': '0.506', 'grad_norm': '0.143', 'learning_rate': '7.297e-05', 'epoch': '0.2174'}
{'loss': '0.5201', 'grad_norm': '0.1099', 'learning_rate': '0.0001541', 'epoch': '0.4348'}
{'loss': '0.4475', 'grad_norm': '0.1282', 'learning_rate': '0.0002351', 'epoch': '0.6522'}
{'loss': '0.4901', 'grad_norm': '0.23', 'learning_rate': '0.0002982', 'epoch': '0.8696'}
{'eval_loss': '0.3803', 'eval_forgiven_wer': '0.1969', 'eval_wer': '0.2084', 'eval_runaway': 1, 'eval_runtime': '37.96', 'eval_samples_per_second': '2.16', 'eval_steps_per_second': '0.158', 'epoch': '1'}
{'loss': '0.4266', 'grad_norm': '0.1738', 'learning_rate': '0.0002891', 'epoch': '1.087'}
{'loss': '0.3193', 'grad_norm': '0.136', 'learning_rate': '0.0002801', 'epoch': '1.304'}
{'loss': '0.3356', 'grad_norm': '0.2291', 'learning_rate': '0.000271', 'epoch': '1.522'}
{'loss': '0.3002', 'grad_norm': '0.1509', 'learning_rate': '0.0002619', 'epoch': '1.739'}
{'loss': '0.3489', 'grad_norm': '0.2634', 'learning_rate': '0.0002529', 'epoch': '1.957'}
{'eval_loss': '0.3405', 'eval_forgiven_wer': '0.1969', 'eval_wer': '0.2059', 'eval_runaway': 0, 'eval_runtime': '36.62', 'eval_samples_per_second': '2.239', 'eval_steps_per_second': '0.164', 'epoch': '2'}
{'loss': '0.2644', 'grad_norm': '0.2675', 'learning_rate': '0.0002438', 'epoch': '2.174'}
{'loss': '0.2696', 'grad_norm': '0.4753', 'learning_rate': '0.0002347', 'epoch': '2.391'}
{'loss': '0.2476', 'grad_norm': '0.5272', 'learning_rate': '0.0002257', 'epoch': '2.609'}
{'loss': '0.2236', 'grad_norm': '0.2787', 'learning_rate': '0.0002166', 'epoch': '2.826'}
{'eval_loss': '0.3495', 'eval_forgiven_wer': '0.2047', 'eval_wer': '0.2144', 'eval_runaway': 0, 'eval_runtime': '36.33', 'eval_samples_per_second': '2.257', 'eval_steps_per_second': '0.165', 'epoch': '3'}
{'loss': '0.2703', 'grad_norm': '0.2108', 'learning_rate': '0.0002076', 'epoch': '3.043'}
{'loss': '0.2475', 'grad_norm': '0.4172', 'learning_rate': '0.0001985', 'epoch': '3.261'}
{'loss': '0.1927', 'grad_norm': '0.3846', 'learning_rate': '0.0001894', 'epoch': '3.478'}
{'loss': '0.1894', 'grad_norm': '0.2676', 'learning_rate': '0.0001804', 'epoch': '3.696'}
{'loss': '0.1842', 'grad_norm': '0.3548', 'learning_rate': '0.0001713', 'epoch': '3.913'}
{'eval_loss': '0.3677', 'eval_forgiven_wer': '0.2126', 'eval_wer': '0.2211', 'eval_runaway': 0, 'eval_runtime': '35.51', 'eval_samples_per_second': '2.309', 'eval_steps_per_second': '0.169', 'epoch': '4'}
{'loss': '0.1924', 'grad_norm': '0.4452', 'learning_rate': '0.0001622', 'epoch': '4.13'}
{'loss': '0.1515', 'grad_norm': '0.5388', 'learning_rate': '0.0001532', 'epoch': '4.348'}
{'loss': '0.1741', 'grad_norm': '0.4928', 'learning_rate': '0.0001441', 'epoch': '4.565'}
{'loss': '0.1577', 'grad_norm': '0.5011', 'learning_rate': '0.000135', 'epoch': '4.783'}
{'loss': '0.1388', 'grad_norm': '0.7004', 'learning_rate': '0.000126', 'epoch': '5'}
{'eval_loss': '0.3981', 'eval_forgiven_wer': '0.2174', 'eval_wer': '0.2271', 'eval_runaway': 0, 'eval_runtime': '35.72', 'eval_samples_per_second': '2.296', 'eval_steps_per_second': '0.168', 'epoch': '5'}
{'loss': '0.1176', 'grad_norm': '0.4501', 'learning_rate': '0.0001169', 'epoch': '5.217'}
{'loss': '0.1315', 'grad_norm': '0.63', 'learning_rate': '0.0001079', 'epoch': '5.435'}
{'loss': '0.1042', 'grad_norm': '0.5455', 'learning_rate': '9.879e-05', 'epoch': '5.652'}
{'loss': '0.1203', 'grad_norm': '0.4204', 'learning_rate': '8.973e-05', 'epoch': '5.87'}
{'eval_loss': '0.4153', 'eval_forgiven_wer': '0.2156', 'eval_wer': '0.2247', 'eval_runaway': 0, 'eval_runtime': '35.35', 'eval_samples_per_second': '2.32', 'eval_steps_per_second': '0.17', 'epoch': '6'}
{'loss': '0.1149', 'grad_norm': '0.335', 'learning_rate': '8.066e-05', 'epoch': '6.087'}
{'loss': '0.09542', 'grad_norm': '0.514', 'learning_rate': '7.16e-05', 'epoch': '6.304'}
{'loss': '0.09114', 'grad_norm': '0.3625', 'learning_rate': '6.254e-05', 'epoch': '6.522'}
{'loss': '0.08327', 'grad_norm': '0.4269', 'learning_rate': '5.347e-05', 'epoch': '6.739'}
{'loss': '0.09137', 'grad_norm': '0.3995', 'learning_rate': '4.441e-05', 'epoch': '6.957'}
{'eval_loss': '0.4398', 'eval_forgiven_wer': '0.2211', 'eval_wer': '0.2308', 'eval_runaway': 0, 'eval_runtime': '35.72', 'eval_samples_per_second': '2.295', 'eval_steps_per_second': '0.168', 'epoch': '7'}
{'loss': '0.08815', 'grad_norm': '0.442', 'learning_rate': '3.535e-05', 'epoch': '7.174'}
{'loss': '0.07326', 'grad_norm': '0.48', 'learning_rate': '2.628e-05', 'epoch': '7.391'}
{'loss': '0.07679', 'grad_norm': '0.2822', 'learning_rate': '1.722e-05', 'epoch': '7.609'}
{'loss': '0.06253', 'grad_norm': '0.3771', 'learning_rate': '8.157e-06', 'epoch': '7.826'}
{'eval_loss': '0.4552', 'eval_forgiven_wer': '0.2162', 'eval_wer': '0.2265', 'eval_runaway': 0, 'eval_runtime': '35.48', 'eval_samples_per_second': '2.311', 'eval_steps_per_second': '0.169', 'epoch': '8'}
{'train_runtime': '506', 'train_samples_per_second': '5.739', 'train_steps_per_second': '0.727', 'train_loss': '0.2147', 'epoch': '8'}
sctrl1of2_armB_both_lora_b80_r8_lr0.0003_seed0_verbatim-selF on 30701: WER 0.4059 -> 0.3582 (+11.7%, p 0.140); forgiven 0.2669 -> 0.2382 (+10.7%) in 94s
sctrl1of2_armB_both_lora_b80_r8_lr0.0003_seed0_verbatim-selF on 30718: WER 0.1995 -> 0.1901 (+4.7%, p 0.014); forgiven 0.1404 -> 0.1384 (+1.4%) in 51s
sctrl1of2_armB_both_lora_b80_r8_lr0.0003_seed0_verbatim-selF on 30813: WER 0.1607 -> 0.1403 (+12.7%, p 0.399); forgiven 0.1194 -> 0.1058 (+11.4%) in 53s
sctrl1of2_armB_both_lora_b80_r8_lr0.0003_seed0_verbatim-selF on 30843: WER 0.3231 -> 0.2972 (+8.0%, p 0.000); forgiven 0.2102 -> 0.2106 (-0.2%) in 61s
sctrl1of2_armB_both_lora_b80_r8_lr0.0003_seed0_verbatim-selF on 30868: WER 0.2211 -> 0.2443 (-10.5%, p 0.519); forgiven 0.1693 -> 0.2000 (-18.1%) in 45s
176 rows (55 control evaluations) -> /workspace/deep-learning-project/src/training/outputs/results.csv
 speaker    site     lr  targets   select  budget  seed  control  n_test  train_steps  wer_base  wer_tuned  delta_rel   ci_lo  ci_hi  p_boot  wer_base_f  wer_tuned_f  delta_rel_f  p_boot_f  improvement_from_insertions  style_not_speaker  control_delta_rel  personalization_rel
     NaN     NaN    NaN protocol     loss     NaN   NaN    False     NaN          NaN       NaN        NaN        NaN     NaN    NaN     NaN         NaN          NaN          NaN       NaN                          NaN              False                NaN                  NaN
     NaN     NaN    NaN protocol     loss     NaN   NaN    False     NaN          NaN       NaN        NaN        NaN     NaN    NaN     NaN         NaN          NaN          NaN       NaN                          NaN              False                NaN                  NaN
     NaN     NaN    NaN protocol     loss     NaN   NaN    False     NaN          NaN       NaN        NaN        NaN     NaN    NaN     NaN         NaN          NaN          NaN       NaN                          NaN              False                NaN                  NaN
     NaN     NaN    NaN protocol     loss     NaN   NaN    False     NaN          NaN       NaN        NaN        NaN     NaN    NaN     NaN         NaN          NaN          NaN       NaN                          NaN              False                NaN                  NaN
     NaN     NaN    NaN protocol     loss     NaN   NaN    False     NaN          NaN       NaN        NaN        NaN     NaN    NaN     NaN         NaN          NaN          NaN       NaN                          NaN              False                NaN                  NaN
     NaN     NaN    NaN protocol     loss     NaN   NaN    False     NaN          NaN       NaN        NaN        NaN     NaN    NaN     NaN         NaN          NaN          NaN       NaN                          NaN              False                NaN                  NaN
     NaN     NaN    NaN protocol     loss     NaN   NaN    False     NaN          NaN       NaN        NaN        NaN     NaN    NaN     NaN         NaN          NaN          NaN       NaN                          NaN              False                NaN                  NaN
     NaN     NaN    NaN protocol     loss     NaN   NaN    False     NaN          NaN       NaN        NaN        NaN     NaN    NaN     NaN         NaN          NaN          NaN       NaN                          NaN              False                NaN                  NaN
     NaN     NaN    NaN protocol     loss     NaN   NaN    False     NaN          NaN       NaN        NaN        NaN     NaN    NaN     NaN         NaN          NaN          NaN       NaN                          NaN              False                NaN                  NaN
     NaN     NaN    NaN protocol     loss     NaN   NaN    False     NaN          NaN       NaN        NaN        NaN     NaN    NaN     NaN         NaN          NaN          NaN       NaN                          NaN              False                NaN                  NaN
     NaN     NaN    NaN protocol     loss     NaN   NaN    False     NaN          NaN       NaN        NaN        NaN     NaN    NaN     NaN         NaN          NaN          NaN       NaN                          NaN              False                NaN                  NaN
     NaN     NaN    NaN protocol     loss     NaN   NaN    False     NaN          NaN       NaN        NaN        NaN     NaN    NaN     NaN         NaN          NaN          NaN       NaN                          NaN              False                NaN                  NaN
     NaN     NaN    NaN protocol     loss     NaN   NaN    False     NaN          NaN       NaN        NaN        NaN     NaN    NaN     NaN         NaN          NaN          NaN       NaN                          NaN              False                NaN                  NaN
     NaN     NaN    NaN protocol     loss     NaN   NaN    False     NaN          NaN       NaN        NaN        NaN     NaN    NaN     NaN         NaN          NaN          NaN       NaN                          NaN              False                NaN                  NaN
     NaN     NaN    NaN protocol     loss     NaN   NaN    False     NaN          NaN       NaN        NaN        NaN     NaN    NaN     NaN         NaN          NaN          NaN       NaN                          NaN              False                NaN                  NaN
     NaN     NaN    NaN protocol     loss     NaN   NaN    False     NaN          NaN       NaN        NaN        NaN     NaN    NaN     NaN         NaN          NaN          NaN       NaN                          NaN              False                NaN                  NaN
     NaN     NaN    NaN protocol     loss     NaN   NaN    False     NaN          NaN       NaN        NaN        NaN     NaN    NaN     NaN         NaN          NaN          NaN       NaN                          NaN              False                NaN                  NaN
     NaN     NaN    NaN protocol     loss     NaN   NaN    False     NaN          NaN       NaN        NaN        NaN     NaN    NaN     NaN         NaN          NaN          NaN       NaN                          NaN              False                NaN                  NaN
     NaN     NaN    NaN protocol     loss     NaN   NaN    False     NaN          NaN       NaN        NaN        NaN     NaN    NaN     NaN         NaN          NaN          NaN       NaN                          NaN              False                NaN                  NaN
     NaN     NaN    NaN protocol     loss     NaN   NaN    False     NaN          NaN       NaN        NaN        NaN     NaN    NaN     NaN         NaN          NaN          NaN       NaN                          NaN              False                NaN                  NaN
     NaN     NaN    NaN protocol     loss     NaN   NaN    False     NaN          NaN       NaN        NaN        NaN     NaN    NaN     NaN         NaN          NaN          NaN       NaN                          NaN              False                NaN                  NaN
     NaN     NaN    NaN protocol     loss     NaN   NaN    False     NaN          NaN       NaN        NaN        NaN     NaN    NaN     NaN         NaN          NaN          NaN       NaN                          NaN              False                NaN                  NaN
     NaN     NaN    NaN protocol     loss     NaN   NaN    False     NaN          NaN       NaN        NaN        NaN     NaN    NaN     NaN         NaN          NaN          NaN       NaN                          NaN              False                NaN                  NaN
     NaN     NaN    NaN protocol     loss     NaN   NaN    False     NaN          NaN       NaN        NaN        NaN     NaN    NaN     NaN         NaN          NaN          NaN       NaN                          NaN              False                NaN                  NaN
     NaN     NaN    NaN protocol     loss     NaN   NaN    False     NaN          NaN       NaN        NaN        NaN     NaN    NaN     NaN         NaN          NaN          NaN       NaN                          NaN              False                NaN                  NaN
     NaN     NaN    NaN protocol     loss     NaN   NaN    False     NaN          NaN       NaN        NaN        NaN     NaN    NaN     NaN         NaN          NaN          NaN       NaN                          NaN              False                NaN                  NaN
     NaN     NaN    NaN protocol     loss     NaN   NaN    False     NaN          NaN       NaN        NaN        NaN     NaN    NaN     NaN         NaN          NaN          NaN       NaN                          NaN              False                NaN                  NaN
     NaN     NaN    NaN protocol     loss     NaN   NaN    False     NaN          NaN       NaN        NaN        NaN     NaN    NaN     NaN         NaN          NaN          NaN       NaN                          NaN              False                NaN                  NaN
     NaN     NaN    NaN protocol     loss     NaN   NaN    False     NaN          NaN       NaN        NaN        NaN     NaN    NaN     NaN         NaN          NaN          NaN       NaN                          NaN              False                NaN                  NaN
     NaN     NaN    NaN protocol     loss     NaN   NaN    False     NaN          NaN       NaN        NaN        NaN     NaN    NaN     NaN         NaN          NaN          NaN       NaN                          NaN              False                NaN                  NaN
     NaN     NaN    NaN protocol     loss     NaN   NaN    False     NaN          NaN       NaN        NaN        NaN     NaN    NaN     NaN         NaN          NaN          NaN       NaN                          NaN              False                NaN                  NaN
     NaN     NaN    NaN protocol     loss     NaN   NaN    False     NaN          NaN       NaN        NaN        NaN     NaN    NaN     NaN         NaN          NaN          NaN       NaN                          NaN              False                NaN                  NaN
     NaN     NaN    NaN protocol     loss     NaN   NaN    False     NaN          NaN       NaN        NaN        NaN     NaN    NaN     NaN         NaN          NaN          NaN       NaN                          NaN              False                NaN                  NaN
     NaN     NaN    NaN protocol     loss     NaN   NaN    False     NaN          NaN       NaN        NaN        NaN     NaN    NaN     NaN         NaN          NaN          NaN       NaN                          NaN              False                NaN                  NaN
     NaN     NaN    NaN protocol     loss     NaN   NaN    False     NaN          NaN       NaN        NaN        NaN     NaN    NaN     NaN         NaN          NaN          NaN       NaN                          NaN              False                NaN                  NaN
     NaN     NaN    NaN protocol     loss     NaN   NaN    False     NaN          NaN       NaN        NaN        NaN     NaN    NaN     NaN         NaN          NaN          NaN       NaN                          NaN              False                NaN                  NaN
     NaN     NaN    NaN protocol     loss     NaN   NaN    False     NaN          NaN       NaN        NaN        NaN     NaN    NaN     NaN         NaN          NaN          NaN       NaN                          NaN              False                NaN                  NaN
     NaN     NaN    NaN protocol     loss     NaN   NaN    False     NaN          NaN       NaN        NaN        NaN     NaN    NaN     NaN         NaN          NaN          NaN       NaN                          NaN              False                NaN                  NaN
     NaN     NaN    NaN protocol     loss     NaN   NaN    False     NaN          NaN       NaN        NaN        NaN     NaN    NaN     NaN         NaN          NaN          NaN       NaN                          NaN              False                NaN                  NaN
     NaN     NaN    NaN protocol     loss     NaN   NaN    False     NaN          NaN       NaN        NaN        NaN     NaN    NaN     NaN         NaN          NaN          NaN       NaN                          NaN              False                NaN                  NaN
     NaN     NaN    NaN protocol     loss     NaN   NaN    False     NaN          NaN       NaN        NaN        NaN     NaN    NaN     NaN         NaN          NaN          NaN       NaN                          NaN              False                NaN                  NaN
     NaN     NaN    NaN protocol     loss     NaN   NaN    False     NaN          NaN       NaN        NaN        NaN     NaN    NaN     NaN         NaN          NaN          NaN       NaN                          NaN              False                NaN                  NaN
     NaN     NaN    NaN protocol     loss     NaN   NaN    False     NaN          NaN       NaN        NaN        NaN     NaN    NaN     NaN         NaN          NaN          NaN       NaN                          NaN              False                NaN                  NaN
     NaN     NaN    NaN protocol     loss     NaN   NaN    False     NaN          NaN       NaN        NaN        NaN     NaN    NaN     NaN         NaN          NaN          NaN       NaN                          NaN              False                NaN                  NaN
 23558.0    both 0.0010 protocol     loss    20.0   0.0    False   341.0        144.0    0.4420     0.3040     0.3122  0.0899 0.2187   0.000      0.2947       0.2188       0.2577     0.000                       0.9803               True             0.2706               0.0416
 23558.0    both 0.0010 protocol     loss     5.0   0.0    False   341.0         40.0    0.4420     0.3290     0.2558  0.0617 0.1943   0.000      0.2947       0.2696       0.0852     0.587                       1.5064               True             0.2706              -0.0148
 23558.0    both 0.0001 protocol     loss    80.0   0.0    False   341.0        512.0    0.4420     0.2799     0.3669  0.1114 0.2459   0.000      0.2947       0.2101       0.2870     0.000                       0.9734               True             0.2800               0.0868
 23558.0    both 0.0003 protocol     loss    80.0   0.0    False   341.0        512.0    0.4420     0.2847     0.3560  0.1069 0.2406   0.000      0.2947       0.2077       0.2952     0.000                       0.9370               True             0.2713               0.0847
 23558.0    both 0.0003 verbatim forgiven    80.0   0.0    False   341.0        512.0    0.4420     0.3472     0.2145  0.0517 0.1747   0.000      0.2947       0.2234       0.2420     0.000                       0.8971               True             0.1769               0.0376
 23558.0    both 0.0010 protocol     loss    80.0   0.0    False   341.0        512.0    0.4420     0.2847     0.3560  0.1082 0.2393   0.000      0.2947       0.2026       0.3125     0.000                       0.8628               True             0.2706               0.0854
 23558.0 encoder 0.0010 protocol     loss    80.0   0.0    False   341.0        512.0    0.4420     0.3019     0.3169  0.0826 0.2245   0.000      0.2947       0.2268       0.2306     0.005                       0.9600               True             0.2891               0.0279
 30685.0    both 0.0010 protocol     loss    20.0   0.0    False   224.0         88.0    0.2330     0.2039     0.1247  0.0166 0.0436   0.000      0.1094       0.1194      -0.0922     0.027                       1.5838               True             0.1053               0.0195
 30685.0    both 0.0010 protocol     loss     5.0   0.0    False   224.0         24.0    0.2330     0.2516    -0.0800 -0.0875 0.0226   0.687      0.1094       0.1656      -0.5146     0.000                      -1.2883              False             0.1053              -0.1853
 30685.0    both 0.0001 protocol     loss    80.0   0.0    False   224.0        328.0    0.2330     0.1955     0.1608  0.0232 0.0539   0.000      0.1094       0.1162      -0.0630     0.164                       1.4081               True             0.0894               0.0714
 30685.0    both 0.0003 protocol     loss    80.0   0.0    False   224.0        328.0    0.2330     0.1992     0.1449  0.0210 0.0476   0.000      0.1094       0.1134      -0.0369     0.356                       1.3532               True             0.0880               0.0570
 30685.0    both 0.0003 verbatim forgiven    80.0   0.0    False   224.0        328.0    0.2330     0.2234     0.0411  0.0000 0.0188   0.051      0.1094       0.1075       0.0169     0.647                       1.0877               True             0.0678              -0.0267
 30685.0    both 0.0010 protocol     loss    80.0   0.0    False   224.0        328.0    0.2330     0.2503    -0.0743 -0.0713 0.0249   0.518      0.1094       0.1683      -0.5392     0.000                      -0.7864              False             0.1053              -0.1795
 30685.0 encoder 0.0010 protocol     loss    80.0   0.0    False   224.0        328.0    0.2330     0.1969     0.1550  0.0233 0.0506   0.000      0.1094       0.1097      -0.0031     0.929                       1.2140               True             0.0642               0.0908
 30701.0    both 0.0010 protocol     loss    20.0   0.0    False   361.0         96.0    0.4059     0.3070     0.2435  0.0360 0.1877   0.000      0.2669       0.2200       0.1756     0.156                       1.0796               True             0.3138              -0.0703
 30701.0    both 0.0010 protocol     loss     5.0   0.0    False   361.0         40.0    0.4059     0.3047     0.2492  0.0476 0.1873   0.000      0.2669       0.2290       0.1421     0.238                       1.3232               True             0.3138              -0.0646
 30701.0    both 0.0001 protocol     loss    80.0   0.0    False   361.0        392.0    0.4059     0.2813     0.3070  0.0586 0.2118   0.000      0.2669       0.2109       0.2097     0.073                       1.0210               True             0.3131              -0.0061
 30701.0    both 0.0003 protocol     loss    80.0   0.0    False   361.0        392.0    0.4059     0.2959     0.2709  0.0450 0.1977   0.000      0.2669       0.2153       0.1935     0.098                       0.9776               True             0.2344               0.0365
 30701.0    both 0.0003 verbatim forgiven    80.0   0.0    False   361.0        392.0    0.4059     0.3275     0.1930  0.0296 0.1621   0.000      0.2669       0.2114       0.2080     0.002                       0.9035               True             0.1174               0.0756
 30701.0    both 0.0010 protocol     loss    80.0   0.0    False   361.0        392.0    0.4059     0.2882     0.2899  0.0526 0.2074   0.000      0.2669       0.2123       0.2045     0.069                       1.0367               True             0.3138              -0.0239
 30701.0 encoder 0.0010 protocol     loss    80.0   0.0    False   361.0        392.0    0.4059     0.2788     0.3131  0.0717 0.2146   0.000      0.2669       0.2042       0.2351     0.000                       1.0449               True             0.2637               0.0494
 30718.0    both 0.0010 protocol     loss    20.0   0.0    False   296.0         72.0    0.1995     0.1823     0.0859 -0.0163 0.0790   0.696      0.1404       0.1431      -0.0187     0.734                       2.9683               True             0.1828              -0.0969
 30718.0    both 0.0010 protocol     loss     5.0   0.0    False   296.0         16.0    0.1995     0.2051    -0.0282 -0.0224 0.0052   0.576      0.1404       0.1500      -0.0678     0.138                       0.4032              False             0.1828              -0.2110
 30718.0    both 0.0001 protocol     loss    80.0   0.0    False   296.0        304.0    0.1995     0.1674     0.1610 -0.0028 0.0951   0.124      0.1404       0.1327       0.0549     0.744                       1.8616               True             0.2278              -0.0668
 30718.0    both 0.0003 protocol     loss    80.0   0.0    False   296.0        304.0    0.1995     0.1591     0.2024  0.0060 0.1031   0.006      0.1404       0.1242       0.1156     0.713                       1.5011               True             0.2233              -0.0209
 30718.0    both 0.0003 verbatim forgiven    80.0   0.0    False   296.0        304.0    0.1995     0.1672     0.1619  0.0008 0.0916   0.035      0.1404       0.1178       0.1615     0.606                       1.1882               True             0.0468               0.1151
 30718.0    both 0.0010 protocol     loss    80.0   0.0    False   296.0        304.0    0.1995     0.1785     0.1050 -0.0293 0.0870   0.509      0.1404       0.1423      -0.0136     0.903                       2.2121               True             0.1828              -0.0778
 30718.0 encoder 0.0010 protocol     loss    80.0   0.0    False   296.0        304.0    0.1995     0.1735     0.1305 -0.0095 0.0903   0.367      0.1404       0.1408      -0.0026     0.898                       2.4460               True             0.0919               0.0387
 30752.0    both 0.0010 protocol     loss    20.0   0.0    False   179.0         88.0    0.1956     0.1847     0.0556 -0.0012 0.0243   0.083      0.1353       0.1417      -0.0474     0.215                       2.8409               True             0.1288              -0.0732
 30752.0    both 0.0010 protocol     loss     5.0   0.0    False   179.0         24.0    0.1956     0.2484    -0.2702 -0.1376 0.0022   0.077      0.1353       0.1933      -0.4288     0.010                       0.7477               True             0.1288              -0.3990
 30752.0    both 0.0001 protocol     loss    80.0   0.0    False   179.0        416.0    0.1956     0.2165    -0.1073 -0.1532 0.0450   0.770      0.1353       0.1793      -0.3248     0.730                       0.6353               True             0.1086              -0.2159
 30752.0    both 0.0003 protocol     loss    80.0   0.0    False   179.0        416.0    0.1956     0.2119    -0.0833 -0.1476 0.0501   0.793      0.1353       0.1760      -0.3011     0.764                       0.6515               True             0.1250              -0.2083
 30752.0    both 0.0003 verbatim forgiven    80.0   0.0    False   179.0        416.0    0.1956     0.2042    -0.0442 -0.0787 0.0334   0.821      0.1353       0.1560      -0.1533     0.771                       0.0571              False             0.0480              -0.0922
 30752.0    both 0.0010 protocol     loss    80.0   0.0    False   179.0        416.0    0.1956     0.1600     0.1818  0.0183 0.0557   0.000      0.1353       0.1240       0.0839     0.046                       1.1528               True             0.1288               0.0530
 30752.0 encoder 0.0010 protocol     loss    80.0   0.0    False   179.0        416.0    0.1956     0.2072    -0.0593 -0.1306 0.0499   0.840      0.1353       0.1689      -0.2482     0.764                       0.7234               True             0.1162              -0.1755
 30777.0    both 0.0010 protocol     loss    20.0   0.0    False   268.0         88.0    0.2237     0.1850     0.1732  0.0069 0.0999   0.000      0.1535       0.1411       0.0812     0.748                       1.4511               True             0.2246              -0.0514
 30777.0    both 0.0010 protocol     loss     5.0   0.0    False   268.0         24.0    0.2237     0.2009     0.1022 -0.0191 0.0880   0.405      0.1535       0.1553      -0.0111     0.860                       1.9572               True             0.2246              -0.1224
 30777.0    both 0.0001 protocol     loss    80.0   0.0    False   268.0        336.0    0.2237     0.1792     0.1989  0.0128 0.1072   0.000      0.1535       0.1362       0.1131     0.719                       1.2775               True             0.2148              -0.0158
 30777.0    both 0.0003 protocol     loss    80.0   0.0    False   268.0        336.0    0.2237     0.1782     0.2033  0.0129 0.1091   0.000      0.1535       0.1325       0.1369     0.616                       1.1532               True             0.2306              -0.0273
 30777.0    both 0.0003 verbatim forgiven    80.0   0.0    False   268.0        336.0    0.2237     0.2038     0.0891 -0.0361 0.0864   0.530      0.1535       0.1374       0.1051     0.626                       0.5031               True             0.1689              -0.0798
 30777.0    both 0.0010 protocol     loss    80.0   0.0    False   268.0        336.0    0.2237     0.1820     0.1863  0.0067 0.1074   0.002      0.1535       0.1383       0.0995     0.733                       1.3842               True             0.2246              -0.0383
 30777.0 encoder 0.0010 protocol     loss    80.0   0.0    False   268.0        336.0    0.2237     0.1803     0.1940  0.0102 0.1066   0.000      0.1535       0.1386       0.0971     0.731                       1.3465               True             0.2164              -0.0224
 30813.0    both 0.0010 protocol     loss    20.0   0.0    False   287.0        104.0    0.1607     0.1411     0.1219 -0.0088 0.0703   0.460      0.1194       0.1191       0.0025     0.932                       2.2500               True            -0.2253               0.3472
 30813.0    both 0.0010 protocol     loss     5.0   0.0    False   287.0         24.0    0.1607     0.1506     0.0628 -0.0550 0.0727   0.706      0.1194       0.1233      -0.0323     0.804                       1.4118               True            -0.2253               0.2881
 30813.0    both 0.0001 protocol     loss    80.0   0.0    False   287.0        320.0    0.1607     0.1644    -0.0231 -0.0337 0.0475   0.742      0.1194       0.1475      -0.2348     0.213                      -5.0000              False            -0.1801               0.1570
 30813.0    both 0.0003 protocol     loss    80.0   0.0    False   287.0        320.0    0.1607     0.1730    -0.0766 -0.0431 0.0382   0.512      0.1194       0.1562      -0.3081     0.144                      -4.1687              False            -0.2087               0.1320
 30813.0    both 0.0003 verbatim forgiven    80.0   0.0    False   287.0        320.0    0.1607     0.1599     0.0046 -0.0057 0.0066   0.832      0.1194       0.1211      -0.0137     0.539                       5.0000               True             0.1265              -0.1219
 30813.0    both 0.0010 protocol     loss    80.0   0.0    False   287.0        320.0    0.1607     0.1755    -0.0923 -0.0449 0.0369   0.481      0.1194       0.1599      -0.3391     0.120                      -3.6500              False            -0.2253               0.1330
 30813.0 encoder 0.0010 protocol     loss    80.0   0.0    False   287.0        320.0    0.1607     0.1657    -0.0314 -0.0349 0.0460   0.670      0.1194       0.1472      -0.2323     0.217                      -5.0000              False             0.0120              -0.0434
 30831.0    both 0.0010 protocol     loss    20.0   0.0    False   223.0         88.0    0.2736     0.2410     0.1190  0.0136 0.0520   0.001      0.1452       0.1691      -0.1645     0.000                       2.1734               True             0.1499              -0.0309
 30831.0    both 0.0010 protocol     loss     5.0   0.0    False   223.0         16.0    0.2736     0.2531     0.0750  0.0009 0.0415   0.042      0.1452       0.1902      -0.3096     0.000                       3.7982               True             0.1499              -0.0750
 30831.0    both 0.0001 protocol     loss    80.0   0.0    False   223.0        376.0    0.2736     0.2278     0.1671  0.0262 0.0668   0.000      0.1452       0.1535      -0.0570     0.218                       1.4815               True             0.1403               0.0268
 30831.0    both 0.0003 protocol     loss    80.0   0.0    False   223.0        376.0    0.2736     0.2250     0.1774  0.0289 0.0706   0.000      0.1452       0.1490      -0.0259     0.551                       1.3721               True             0.1458               0.0316
 30831.0    both 0.0003 verbatim forgiven    80.0   0.0    False   223.0        376.0    0.2736     0.2525     0.0770  0.0102 0.0329   0.000      0.1452       0.1353       0.0687     0.018                       0.9018               True             0.0626               0.0144
 30831.0    both 0.0010 protocol     loss    80.0   0.0    False   223.0        376.0    0.2736     0.2265     0.1719  0.0274 0.0682   0.000      0.1452       0.1481      -0.0194     0.690                       1.2920               True             0.1499               0.0220
 30831.0 encoder 0.0010 protocol     loss    80.0   0.0    False   223.0        376.0    0.2736     0.2258     0.1747  0.0274 0.0700   0.000      0.1452       0.1490      -0.0259     0.558                       1.3701               True             0.1362               0.0385
 30843.0    both 0.0010 protocol     loss    20.0   0.0    False   238.0        120.0    0.3231     0.2919     0.0965  0.0175 0.0449   0.000      0.2102       0.2102       0.0000     1.000                       1.4183               True             0.0852               0.0114
 30843.0    both 0.0010 protocol     loss     5.0   0.0    False   238.0         40.0    0.3231     0.2911     0.0991  0.0186 0.0456   0.000      0.2102       0.2192      -0.0427     0.144                       1.5287               True             0.0852               0.0139
 30843.0    both 0.0001 protocol     loss    80.0   0.0    False   238.0        400.0    0.3231     0.2689     0.1678  0.0407 0.0682   0.000      0.2102       0.1920       0.0863     0.002                       0.9398               True             0.1047               0.0631
 30843.0    both 0.0003 protocol     loss    80.0   0.0    False   238.0        400.0    0.3231     0.2665     0.1754  0.0425 0.0717   0.000      0.2102       0.1853       0.1183     0.000                       0.7914               True             0.1136               0.0618
 30843.0    both 0.0003 verbatim forgiven    80.0   0.0    False   238.0        400.0    0.3231     0.2956     0.0852  0.0168 0.0389   0.000      0.2102       0.1874       0.1086     0.000                       0.5185               True             0.0801               0.0050
 30843.0    both 0.0010 protocol     loss    80.0   0.0    False   238.0        400.0    0.3231     0.2699     0.1647  0.0385 0.0702   0.000      0.2102       0.2004       0.0466     0.136                       1.1264               True             0.0852               0.0795
 30843.0 encoder 0.0010 protocol     loss    80.0   0.0    False   238.0        400.0    0.3231     0.2718     0.1590  0.0375 0.0661   0.000      0.2102       0.1912       0.0902     0.002                       0.8889               True             0.0997               0.0593
 30859.0    both 0.0010 protocol     loss    20.0   0.0    False   317.0         64.0    0.2538     0.2423     0.0455 -0.0009 0.0253   0.076      0.1735       0.1849      -0.0657     0.018                       3.1585               True             0.1048              -0.0593
 30859.0    both 0.0010 protocol     loss     5.0   0.0    False   317.0         16.0    0.2538     0.2504     0.0133 -0.0044 0.0122   0.435      0.1735       0.1822      -0.0503     0.016                       5.0000               True             0.1048              -0.0915
 30859.0    both 0.0001 protocol     loss    80.0   0.0    False   317.0        344.0    0.2538     0.2273     0.1042  0.0122 0.0402   0.000      0.1735       0.1666       0.0397     0.272                       1.0904               True             0.0859               0.0183
 30859.0    both 0.0003 protocol     loss    80.0   0.0    False   317.0        344.0    0.2538     0.2314     0.0881  0.0011 0.0389   0.043      0.1735       0.1698       0.0211     0.625                       1.0189               True             0.1120              -0.0238
 30859.0    both 0.0003 verbatim forgiven    80.0   0.0    False   317.0        344.0    0.2538     0.2442     0.0377  0.0008 0.0195   0.039      0.1735       0.1722       0.0073     0.720                       1.1176               True             0.0516              -0.0139
 30859.0    both 0.0010 protocol     loss    80.0   0.0    False   317.0        344.0    0.2538     0.2281     0.1014  0.0125 0.0396   0.000      0.1735       0.1742      -0.0041     0.910                       1.6831               True             0.1048              -0.0033
 30859.0 encoder 0.0010 protocol     loss    80.0   0.0    False   317.0        344.0    0.2538     0.2248     0.1142  0.0171 0.0422   0.000      0.1735       0.1663       0.0414     0.079                       1.2184               True             0.1170              -0.0028
 30868.0    both 0.0010 protocol     loss    20.0   0.0    False   202.0        120.0    0.2211     0.2293    -0.0368 -0.0612 0.0692   0.724      0.1693       0.2049      -0.2103     0.283                      -5.0000              False             0.1596              -0.1964
 30868.0    both 0.0010 protocol     loss     5.0   0.0    False   202.0         24.0    0.2211     0.2106     0.0479 -0.0285 0.0819   0.789      0.1693       0.1783      -0.0535     0.606                       4.9420               True             0.1596              -0.1117
 30868.0    both 0.0001 protocol     loss    80.0   0.0    False   202.0        392.0    0.2211     0.1768     0.2006  0.0064 0.1151   0.002      0.1693       0.1464       0.1351     0.617                       1.4464               True             0.1825               0.0180
 30868.0    both 0.0003 protocol     loss    80.0   0.0    False   202.0        392.0    0.2211     0.1757     0.2054  0.0077 0.1177   0.000      0.1693       0.1444       0.1469     0.566                       1.3615               True             0.0611               0.1443
 30868.0    both 0.0003 verbatim forgiven    80.0   0.0    False   202.0        392.0    0.2211     0.2190     0.0097 -0.0771 0.0883   0.969      0.1693       0.1707      -0.0082     0.947                       0.5714               True            -0.1048               0.1145
 30868.0    both 0.0010 protocol     loss    80.0   0.0    False   202.0        392.0    0.2211     0.1782     0.1943  0.0051 0.1177   0.010      0.1693       0.1464       0.1351     0.642                       1.3750               True             0.1596               0.0347
 30868.0 encoder 0.0010 protocol     loss    80.0   0.0    False   202.0        392.0    0.2211     0.1851     0.1631 -0.0005 0.1072   0.064      0.1693       0.1504       0.1115     0.717                       1.6043               True             0.1430               0.0201
 23558.0    both 0.0001 protocol     loss    80.0   0.0     True   341.0        384.0    0.4420     0.3182     0.2800  0.0754 0.2033   0.000      0.2947       0.2316       0.2143     0.000                       1.1047               True             0.2800               0.0000
 30685.0    both 0.0001 protocol     loss    80.0   0.0     True   224.0        384.0    0.2330     0.2122     0.0894  0.0084 0.0340   0.000      0.1094       0.1198      -0.0952     0.027                       1.7500               True             0.0894               0.0000
 30752.0    both 0.0001 protocol     loss    80.0   0.0     True   179.0        384.0    0.1956     0.1743     0.1086  0.0068 0.0382   0.005      0.1353       0.1328       0.0182     0.682                       1.5581               True             0.1086               0.0000
 30777.0    both 0.0001 protocol     loss    80.0   0.0     True   268.0        384.0    0.2237     0.1757     0.2148  0.0165 0.1122   0.000      0.1535       0.1302       0.1521     0.555                       1.1425               True             0.2148               0.0000
 30831.0    both 0.0001 protocol     loss    80.0   0.0     True   223.0        384.0    0.2736     0.2352     0.1403  0.0208 0.0562   0.000      0.1452       0.1492      -0.0272     0.520                       1.4020               True             0.1403               0.0000
 30859.0    both 0.0001 protocol     loss    80.0   0.0     True   317.0        384.0    0.2538     0.2320     0.0859  0.0108 0.0341   0.000      0.1735       0.1743      -0.0049     0.904                       1.7871               True             0.0859               0.0000
 23558.0    both 0.0003 protocol     loss    80.0   0.0     True   341.0        384.0    0.4420     0.3221     0.2713  0.0734 0.2000   0.000      0.2947       0.2312       0.2154     0.000                       1.0640               True             0.2713               0.0000
 30685.0    both 0.0003 protocol     loss    80.0   0.0     True   224.0        384.0    0.2330     0.2125     0.0880  0.0093 0.0326   0.000      0.1094       0.1162      -0.0630     0.151                       1.6148               True             0.0880               0.0000
 30752.0    both 0.0003 protocol     loss    80.0   0.0     True   179.0        384.0    0.1956     0.1711     0.1250  0.0091 0.0414   0.000      0.1353       0.1269       0.0620     0.168                       1.2828               True             0.1250               0.0000
 30777.0    both 0.0003 protocol     loss    80.0   0.0     True   268.0        384.0    0.2237     0.1721     0.2306  0.0202 0.1160   0.000      0.1535       0.1238       0.1935     0.079                       0.9929               True             0.2306               0.0000
 30831.0    both 0.0003 protocol     loss    80.0   0.0     True   223.0        384.0    0.2736     0.2337     0.1458  0.0232 0.0575   0.000      0.1452       0.1447       0.0039     0.921                       1.2736               True             0.1458               0.0000
 30859.0    both 0.0003 protocol     loss    80.0   0.0     True   317.0        384.0    0.2538     0.2254     0.1120  0.0174 0.0408   0.000      0.1735       0.1660       0.0430     0.084                       1.2970               True             0.1120               0.0000
 23558.0    both 0.0003 verbatim forgiven    80.0   0.0     True   341.0        384.0    0.4420     0.3638     0.1769  0.0350 0.1566   0.000      0.2947       0.2405       0.1839     0.000                       1.0102               True             0.1769               0.0000
 30685.0    both 0.0003 verbatim forgiven    80.0   0.0     True   224.0        384.0    0.2330     0.2172     0.0678  0.0083 0.0237   0.000      0.1094       0.1038       0.0507     0.074                       0.7872               True             0.0678               0.0000
 30752.0    both 0.0003 verbatim forgiven    80.0   0.0     True   179.0        384.0    0.1956     0.1862     0.0480 -0.0002 0.0202   0.061      0.1353       0.1319       0.0255     0.406                       1.3421               True             0.0480               0.0000
 30777.0    both 0.0003 verbatim forgiven    80.0   0.0     True   268.0        384.0    0.2237     0.1859     0.1689  0.0093 0.1002   0.000      0.1535       0.1227       0.2006     0.006                       0.8511               True             0.1689               0.0000
 30831.0    both 0.0003 verbatim forgiven    80.0   0.0     True   223.0        384.0    0.2736     0.2564     0.0626  0.0082 0.0267   0.000      0.1452       0.1421       0.0220     0.468                       1.0879               True             0.0626               0.0000
 30859.0    both 0.0003 verbatim forgiven    80.0   0.0     True   317.0        384.0    0.2538     0.2407     0.0516  0.0049 0.0227   0.001      0.1735       0.1714       0.0122     0.507                       1.1828               True             0.0516               0.0000
 23558.0    both 0.0010 protocol     loss    80.0   0.0     True   341.0        384.0    0.4420     0.3224     0.2706  0.0720 0.2004   0.000      0.2947       0.2328       0.2100     0.000                       1.1364               True             0.2706               0.0000
 30685.0    both 0.0010 protocol     loss    80.0   0.0     True   224.0        384.0    0.2330     0.2085     0.1053  0.0120 0.0386   0.000      0.1094       0.1194      -0.0922     0.028                       1.6644               True             0.1053               0.0000
 30752.0    both 0.0010 protocol     loss    80.0   0.0     True   179.0        384.0    0.1956     0.1704     0.1288  0.0095 0.0422   0.000      0.1353       0.1331       0.0164     0.723                       1.5980               True             0.1288               0.0000
 30777.0    both 0.0010 protocol     loss    80.0   0.0     True   268.0        384.0    0.2237     0.1735     0.2246  0.0193 0.1143   0.000      0.1535       0.1268       0.1744     0.270                       1.0803               True             0.2246               0.0000
 30831.0    both 0.0010 protocol     loss    80.0   0.0     True   223.0        384.0    0.2736     0.2325     0.1499  0.0225 0.0604   0.000      0.1452       0.1501      -0.0337     0.422                       1.4312               True             0.1499               0.0000
 30859.0    both 0.0010 protocol     loss    80.0   0.0     True   317.0        384.0    0.2538     0.2272     0.1048  0.0125 0.0419   0.000      0.1735       0.1777      -0.0243     0.446                       1.7989               True             0.1048               0.0000
 23558.0 encoder 0.0010 protocol     loss    80.0   0.0     True   341.0        384.0    0.4420     0.3142     0.2891  0.0795 0.2120   0.000      0.2947       0.2285       0.2246     0.000                       1.0801               True             0.2891               0.0000
 30685.0 encoder 0.0010 protocol     loss    80.0   0.0     True   224.0        384.0    0.2330     0.2180     0.0642  0.0025 0.0278   0.021      0.1094       0.1203      -0.0998     0.020                       2.0337               True             0.0642               0.0000
 30752.0 encoder 0.0010 protocol     loss    80.0   0.0     True   179.0        384.0    0.1956     0.1728     0.1162  0.0086 0.0389   0.000      0.1353       0.1316       0.0274     0.547                       1.4891               True             0.1162               0.0000
 30777.0 encoder 0.0010 protocol     loss    80.0   0.0     True   268.0        384.0    0.2237     0.1753     0.2164  0.0164 0.1135   0.000      0.1535       0.1252       0.1847     0.164                       1.0455               True             0.2164               0.0000
 30831.0 encoder 0.0010 protocol     loss    80.0   0.0     True   223.0        384.0    0.2736     0.2363     0.1362  0.0201 0.0571   0.000      0.1452       0.1439       0.0091     0.808                       1.2727               True             0.1362               0.0000
 30859.0 encoder 0.0010 protocol     loss    80.0   0.0     True   317.0        384.0    0.2538     0.2241     0.1170  0.0189 0.0422   0.000      0.1735       0.1669       0.0381     0.090                       1.2512               True             0.1170               0.0000
 30701.0    both 0.0001 protocol     loss    80.0   0.0     True   361.0        368.0    0.4059     0.2788     0.3131  0.0730 0.2145   0.000      0.2669       0.2099       0.2137     0.001                       1.1711               True             0.3131               0.0000
 30718.0    both 0.0001 protocol     loss    80.0   0.0     True   296.0        368.0    0.1995     0.1540     0.2278  0.0100 0.1102   0.001      0.1404       0.1205       0.1421     0.669                       1.4531               True             0.2278               0.0000
 30813.0    both 0.0001 protocol     loss    80.0   0.0     True   287.0        368.0    0.1607     0.1896    -0.1801 -0.0793 0.0308   0.287      0.1194       0.1736      -0.4534     0.065                      -1.4000              False            -0.1801               0.0000
 30843.0    both 0.0001 protocol     loss    80.0   0.0     True   238.0        368.0    0.3231     0.2893     0.1047  0.0153 0.0524   0.002      0.2102       0.2251      -0.0708     0.046                       1.9940               True             0.1047               0.0000
 30868.0    both 0.0001 protocol     loss    80.0   0.0     True   202.0        368.0    0.2211     0.1808     0.1825  0.0024 0.1132   0.023      0.1693       0.1541       0.0898     0.740                       1.6730               True             0.1825               0.0000
 30701.0    both 0.0003 protocol     loss    80.0   0.0     True   361.0        368.0    0.4059     0.3107     0.2344  0.0103 0.1912   0.031      0.2669       0.2399       0.1011     0.557                       1.1799               True             0.2344               0.0000
 30718.0    both 0.0003 protocol     loss    80.0   0.0     True   296.0        368.0    0.1995     0.1549     0.2233  0.0092 0.1094   0.000      0.1404       0.1211       0.1376     0.667                       1.4807               True             0.2233               0.0000
 30813.0    both 0.0003 protocol     loss    80.0   0.0     True   287.0        368.0    0.1607     0.1942    -0.2087 -0.1045 0.0322   0.302      0.1194       0.1756      -0.4708     0.076                      -0.7478              False            -0.2087               0.0000
 30843.0    both 0.0003 protocol     loss    80.0   0.0     True   238.0        368.0    0.3231     0.2864     0.1136  0.0196 0.0527   0.000      0.2102       0.2188      -0.0407     0.242                       1.6722               True             0.1136               0.0000
 30868.0    both 0.0003 protocol     loss    80.0   0.0     True   202.0        368.0    0.2211     0.2076     0.0611 -0.0656 0.0983   0.681      0.1693       0.1786      -0.0553     0.738                       2.8409               True             0.0611               0.0000
 30701.0    both 0.0003 verbatim forgiven    80.0   0.0     True   361.0        368.0    0.4059     0.3582     0.1174 -0.0128 0.1304   0.140      0.2669       0.2382       0.1075     0.465                       1.0583               True             0.1174               0.0000
 30718.0    both 0.0003 verbatim forgiven    80.0   0.0     True   296.0        368.0    0.1995     0.1901     0.0468  0.0018 0.0168   0.014      0.1404       0.1384       0.0142     0.521                       1.6408               True             0.0468               0.0000
 30813.0    both 0.0003 verbatim forgiven    80.0   0.0     True   287.0        368.0    0.1607     0.1403     0.1265 -0.0059 0.0679   0.399      0.1194       0.1058       0.1143     0.711                       1.4380               True             0.1265               0.0000
 30843.0    both 0.0003 verbatim forgiven    80.0   0.0     True   238.0        368.0    0.3231     0.2972     0.0801  0.0134 0.0376   0.000      0.2102       0.2106      -0.0019     0.946                       1.3543               True             0.0801               0.0000
 30868.0    both 0.0003 verbatim forgiven    80.0   0.0     True   202.0        368.0    0.2211     0.2443    -0.1048 -0.0884 0.0105   0.519      0.1693       0.2000      -0.1813     0.149                       0.6954               True            -0.1048               0.0000
 30701.0    both 0.0010 protocol     loss    80.0   0.0     True   361.0        368.0    0.4059     0.2785     0.3138  0.0728 0.2150   0.000      0.2669       0.2146       0.1958     0.005                       1.1973               True             0.3138               0.0000
 30718.0    both 0.0010 protocol     loss    80.0   0.0     True   296.0        368.0    0.1995     0.1630     0.1828 -0.0001 0.1017   0.051      0.1404       0.1318       0.0614     0.763                       1.8831               True             0.1828               0.0000
 30813.0    both 0.0010 protocol     loss    80.0   0.0     True   287.0        368.0    0.1607     0.1969    -0.2253 -0.1145 0.0323   0.301      0.1194       0.1835      -0.5366     0.058                      -0.7828              False            -0.2253               0.0000
 30843.0    both 0.0010 protocol     loss    80.0   0.0     True   238.0        368.0    0.3231     0.2956     0.0852  0.0053 0.0486   0.018      0.2102       0.2330      -0.1086     0.015                       2.4815               True             0.0852               0.0000
 30868.0    both 0.0010 protocol     loss    80.0   0.0     True   202.0        368.0    0.2211     0.1859     0.1596 -0.0027 0.1063   0.107      0.1693       0.1598       0.0562     0.786                       1.9652               True             0.1596               0.0000
 30701.0 encoder 0.0010 protocol     loss    80.0   0.0     True   361.0        368.0    0.4059     0.2988     0.2637  0.0448 0.1966   0.000      0.2669       0.2325       0.1288     0.337                       1.4179               True             0.2637               0.0000
 30718.0 encoder 0.0010 protocol     loss    80.0   0.0     True   296.0        368.0    0.1995     0.1812     0.0919  0.0072 0.0301   0.003      0.1404       0.1440      -0.0252     0.436                       2.2129               True             0.0919               0.0000
 30813.0 encoder 0.0010 protocol     loss    80.0   0.0     True   287.0        368.0    0.1607     0.1587     0.0120 -0.0276 0.0516   0.989      0.1194       0.1430      -0.1975     0.293                       5.0000               True             0.0120               0.0000
 30843.0 encoder 0.0010 protocol     loss    80.0   0.0     True   238.0        368.0    0.3231     0.2909     0.0997  0.0172 0.0485   0.001      0.2102       0.2224      -0.0582     0.057                       1.8291               True             0.0997               0.0000
 30868.0 encoder 0.0010 protocol     loss    80.0   0.0     True   202.0        368.0    0.2211     0.1895     0.1430 -0.0055 0.1035   0.238      0.1693       0.1558       0.0798     0.745                       1.8689               True             0.1430               0.0000
[Sun Sep 20 19:09:29 UTC 2026] run A exit 0; run B: protocol targets + selection on dev forgiven WER, lr 3e-4
11 cells over 11 speakers; test 603 min, train 915 min available; then the cross-speaker control in 2 fold(s) at 80 min
s23558_armB_both_lora_b80_r8_lr0.0003_seed0_selF: 511 train chunks (80.0 min), 126 dev, select on forgiven
trainable params: 3,932,160 || all params: 1,547,422,720 || trainable%: 0.2541
precision: bf16, base weights torch.bfloat16, grad checkpointing False, lr 0.0003, method lora
{'loss': '0.733', 'grad_norm': '0.1773', 'learning_rate': '5.192e-05', 'epoch': '0.1562'}
{'loss': '0.5465', 'grad_norm': '0.1887', 'learning_rate': '0.0001096', 'epoch': '0.3125'}
{'loss': '0.4908', 'grad_norm': '0.1688', 'learning_rate': '0.0001673', 'epoch': '0.4688'}
{'loss': '0.4723', 'grad_norm': '0.3402', 'learning_rate': '0.000225', 'epoch': '0.625'}
{'loss': '0.4446', 'grad_norm': '0.3645', 'learning_rate': '0.0002827', 'epoch': '0.7812'}
{'loss': '0.3789', 'grad_norm': '0.3011', 'learning_rate': '0.0002954', 'epoch': '0.9375'}
{'eval_loss': '0.462', 'eval_forgiven_wer': '0.2471', 'eval_wer': '0.3043', 'eval_runaway': 0, 'eval_runtime': '49.65', 'eval_samples_per_second': '2.538', 'eval_steps_per_second': '0.161', 'epoch': '1'}
{'loss': '0.3033', 'grad_norm': '0.2769', 'learning_rate': '0.0002889', 'epoch': '1.094'}
{'loss': '0.3089', 'grad_norm': '0.4281', 'learning_rate': '0.0002824', 'epoch': '1.25'}
{'loss': '0.3241', 'grad_norm': '0.34', 'learning_rate': '0.0002759', 'epoch': '1.406'}
{'loss': '0.2786', 'grad_norm': '0.3455', 'learning_rate': '0.0002693', 'epoch': '1.562'}
{'loss': '0.3098', 'grad_norm': '0.2512', 'learning_rate': '0.0002628', 'epoch': '1.719'}
{'loss': '0.2978', 'grad_norm': '0.3097', 'learning_rate': '0.0002563', 'epoch': '1.875'}
{'eval_loss': '0.4355', 'eval_forgiven_wer': '0.2343', 'eval_wer': '0.2931', 'eval_runaway': 0, 'eval_runtime': '49.46', 'eval_samples_per_second': '2.548', 'eval_steps_per_second': '0.162', 'epoch': '2'}
{'loss': '0.2813', 'grad_norm': '0.4159', 'learning_rate': '0.0002498', 'epoch': '2.031'}
{'loss': '0.2303', 'grad_norm': '0.3118', 'learning_rate': '0.0002433', 'epoch': '2.188'}
{'loss': '0.2512', 'grad_norm': '0.3583', 'learning_rate': '0.0002367', 'epoch': '2.344'}
{'loss': '0.2191', 'grad_norm': '0.231', 'learning_rate': '0.0002302', 'epoch': '2.5'}
{'loss': '0.2333', 'grad_norm': '0.5559', 'learning_rate': '0.0002237', 'epoch': '2.656'}
{'loss': '0.2318', 'grad_norm': '0.5409', 'learning_rate': '0.0002172', 'epoch': '2.812'}
{'loss': '0.2589', 'grad_norm': '0.3648', 'learning_rate': '0.0002107', 'epoch': '2.969'}
{'eval_loss': '0.4565', 'eval_forgiven_wer': '0.2529', 'eval_wer': '0.3068', 'eval_runaway': 1, 'eval_runtime': '47.74', 'eval_samples_per_second': '2.639', 'eval_steps_per_second': '0.168', 'epoch': '3'}
{'loss': '0.2098', 'grad_norm': '0.3573', 'learning_rate': '0.0002041', 'epoch': '3.125'}
{'loss': '0.1589', 'grad_norm': '0.2479', 'learning_rate': '0.0001976', 'epoch': '3.281'}
{'loss': '0.1978', 'grad_norm': '0.3924', 'learning_rate': '0.0001911', 'epoch': '3.438'}
{'loss': '0.1928', 'grad_norm': '0.4515', 'learning_rate': '0.0001846', 'epoch': '3.594'}
{'loss': '0.1717', 'grad_norm': '0.3567', 'learning_rate': '0.000178', 'epoch': '3.75'}
{'loss': '0.1868', 'grad_norm': '0.338', 'learning_rate': '0.0001715', 'epoch': '3.906'}
{'eval_loss': '0.4842', 'eval_forgiven_wer': '0.2505', 'eval_wer': '0.3087', 'eval_runaway': 1, 'eval_runtime': '48.86', 'eval_samples_per_second': '2.579', 'eval_steps_per_second': '0.164', 'epoch': '4'}
{'loss': '0.1605', 'grad_norm': '0.3018', 'learning_rate': '0.000165', 'epoch': '4.062'}
{'loss': '0.1328', 'grad_norm': '0.4487', 'learning_rate': '0.0001585', 'epoch': '4.219'}
{'loss': '0.1383', 'grad_norm': '0.5172', 'learning_rate': '0.000152', 'epoch': '4.375'}
{'loss': '0.1357', 'grad_norm': '0.6156', 'learning_rate': '0.0001454', 'epoch': '4.531'}
{'loss': '0.1333', 'grad_norm': '0.4692', 'learning_rate': '0.0001389', 'epoch': '4.688'}
{'loss': '0.1329', 'grad_norm': '0.3796', 'learning_rate': '0.0001324', 'epoch': '4.844'}
{'loss': '0.1382', 'grad_norm': '0.3155', 'learning_rate': '0.0001259', 'epoch': '5'}
{'eval_loss': '0.5324', 'eval_forgiven_wer': '0.3571', 'eval_wer': '0.4095', 'eval_runaway': 1, 'eval_runtime': '62.66', 'eval_samples_per_second': '2.011', 'eval_steps_per_second': '0.128', 'epoch': '5'}
{'loss': '0.08832', 'grad_norm': '0.3446', 'learning_rate': '0.0001193', 'epoch': '5.156'}
{'loss': '0.09054', 'grad_norm': '0.3137', 'learning_rate': '0.0001128', 'epoch': '5.312'}
{'loss': '0.0882', 'grad_norm': '0.4181', 'learning_rate': '0.0001063', 'epoch': '5.469'}
{'loss': '0.1123', 'grad_norm': '0.3762', 'learning_rate': '9.978e-05', 'epoch': '5.625'}
{'loss': '0.1107', 'grad_norm': '0.401', 'learning_rate': '9.326e-05', 'epoch': '5.781'}
{'loss': '0.1122', 'grad_norm': '0.6067', 'learning_rate': '8.674e-05', 'epoch': '5.938'}
{'eval_loss': '0.5719', 'eval_forgiven_wer': '0.319', 'eval_wer': '0.3733', 'eval_runaway': 2, 'eval_runtime': '62.93', 'eval_samples_per_second': '2.002', 'eval_steps_per_second': '0.127', 'epoch': '6'}
{'loss': '0.07923', 'grad_norm': '0.3733', 'learning_rate': '8.022e-05', 'epoch': '6.094'}
{'loss': '0.06729', 'grad_norm': '0.3467', 'learning_rate': '7.37e-05', 'epoch': '6.25'}
{'loss': '0.08363', 'grad_norm': '0.3734', 'learning_rate': '6.717e-05', 'epoch': '6.406'}
{'loss': '0.06179', 'grad_norm': '0.8631', 'learning_rate': '6.065e-05', 'epoch': '6.562'}
{'loss': '0.06898', 'grad_norm': '0.4381', 'learning_rate': '5.413e-05', 'epoch': '6.719'}
{'loss': '0.07207', 'grad_norm': '0.5383', 'learning_rate': '4.761e-05', 'epoch': '6.875'}
{'eval_loss': '0.6149', 'eval_forgiven_wer': '0.2691', 'eval_wer': '0.3258', 'eval_runaway': 1, 'eval_runtime': '47.61', 'eval_samples_per_second': '2.646', 'eval_steps_per_second': '0.168', 'epoch': '7'}
{'loss': '0.07093', 'grad_norm': '0.3986', 'learning_rate': '4.109e-05', 'epoch': '7.031'}
{'loss': '0.06957', 'grad_norm': '0.4167', 'learning_rate': '3.457e-05', 'epoch': '7.188'}
{'loss': '0.05339', 'grad_norm': '0.4878', 'learning_rate': '2.804e-05', 'epoch': '7.344'}
{'loss': '0.04425', 'grad_norm': '0.2322', 'learning_rate': '2.152e-05', 'epoch': '7.5'}
{'loss': '0.04232', 'grad_norm': '0.5553', 'learning_rate': '1.5e-05', 'epoch': '7.656'}
{'loss': '0.05645', 'grad_norm': '0.3859', 'learning_rate': '8.478e-06', 'epoch': '7.812'}
{'loss': '0.0583', 'grad_norm': '0.6402', 'learning_rate': '1.957e-06', 'epoch': '7.969'}
{'eval_loss': '0.6508', 'eval_forgiven_wer': '0.4834', 'eval_wer': '0.5377', 'eval_runaway': 3, 'eval_runtime': '87.76', 'eval_samples_per_second': '1.436', 'eval_steps_per_second': '0.091', 'epoch': '8'}
{'train_runtime': '756.9', 'train_samples_per_second': '5.401', 'train_steps_per_second': '0.676', 'train_loss': '0.1978', 'epoch': '8'}
s23558_armB_both_lora_b80_r8_lr0.0003_seed0_selF: WER 0.4420 -> 0.2792 (+36.8%, p 0.000); forgiven 0.2947 -> 0.2049 (+30.5%, p 0.000) in 13.7 min train 765s base 0s other_arm 0s load_tuned 7s transcribe_tuned 53s score 0s
s30685_armB_both_lora_b80_r8_lr0.0003_seed0_selF: 328 train chunks (79.8 min), 105 dev, select on forgiven
trainable params: 3,932,160 || all params: 1,547,422,720 || trainable%: 0.2541
precision: bf16, base weights torch.bfloat16, grad checkpointing False, lr 0.0003, method lora
{'loss': '0.4846', 'grad_norm': '0.1547', 'learning_rate': '8.182e-05', 'epoch': '0.2439'}
{'loss': '0.4459', 'grad_norm': '0.1551', 'learning_rate': '0.0001727', 'epoch': '0.4878'}
{'loss': '0.3825', 'grad_norm': '0.1559', 'learning_rate': '0.0002636', 'epoch': '0.7317'}
{'loss': '0.3551', 'grad_norm': '0.2387', 'learning_rate': '0.0002939', 'epoch': '0.9756'}
{'eval_loss': '0.3757', 'eval_forgiven_wer': '0.1785', 'eval_wer': '0.2395', 'eval_runaway': 0, 'eval_runtime': '58.89', 'eval_samples_per_second': '1.783', 'eval_steps_per_second': '0.119', 'epoch': '1'}
{'loss': '0.2914', 'grad_norm': '0.2466', 'learning_rate': '0.0002837', 'epoch': '1.22'}
{'loss': '0.243', 'grad_norm': '0.2181', 'learning_rate': '0.0002736', 'epoch': '1.463'}
{'loss': '0.2588', 'grad_norm': '0.2062', 'learning_rate': '0.0002634', 'epoch': '1.707'}
{'loss': '0.2609', 'grad_norm': '0.2237', 'learning_rate': '0.0002532', 'epoch': '1.951'}
{'eval_loss': '0.3226', 'eval_forgiven_wer': '0.1556', 'eval_wer': '0.2118', 'eval_runaway': 0, 'eval_runtime': '48.86', 'eval_samples_per_second': '2.149', 'eval_steps_per_second': '0.143', 'epoch': '2'}
{'loss': '0.199', 'grad_norm': '0.1732', 'learning_rate': '0.0002431', 'epoch': '2.195'}
{'loss': '0.1855', 'grad_norm': '0.2826', 'learning_rate': '0.0002329', 'epoch': '2.439'}
{'loss': '0.1688', 'grad_norm': '0.3144', 'learning_rate': '0.0002227', 'epoch': '2.683'}
{'loss': '0.2326', 'grad_norm': '0.4616', 'learning_rate': '0.0002125', 'epoch': '2.927'}
{'eval_loss': '0.33', 'eval_forgiven_wer': '0.1564', 'eval_wer': '0.2086', 'eval_runaway': 0, 'eval_runtime': '49.4', 'eval_samples_per_second': '2.125', 'eval_steps_per_second': '0.142', 'epoch': '3'}
{'loss': '0.1665', 'grad_norm': '0.1641', 'learning_rate': '0.0002024', 'epoch': '3.171'}
{'loss': '0.1495', 'grad_norm': '0.2938', 'learning_rate': '0.0001922', 'epoch': '3.415'}
{'loss': '0.162', 'grad_norm': '0.392', 'learning_rate': '0.000182', 'epoch': '3.659'}
{'loss': '0.145', 'grad_norm': '0.2954', 'learning_rate': '0.0001719', 'epoch': '3.902'}
{'eval_loss': '0.3559', 'eval_forgiven_wer': '0.2443', 'eval_wer': '0.287', 'eval_runaway': 1, 'eval_runtime': '55.9', 'eval_samples_per_second': '1.878', 'eval_steps_per_second': '0.125', 'epoch': '4'}
{'loss': '0.1542', 'grad_norm': '0.2689', 'learning_rate': '0.0001617', 'epoch': '4.146'}
{'loss': '0.1177', 'grad_norm': '0.5021', 'learning_rate': '0.0001515', 'epoch': '4.39'}
{'loss': '0.1165', 'grad_norm': '0.4007', 'learning_rate': '0.0001414', 'epoch': '4.634'}
{'loss': '0.1117', 'grad_norm': '0.4406', 'learning_rate': '0.0001312', 'epoch': '4.878'}
{'eval_loss': '0.3824', 'eval_forgiven_wer': '0.1631', 'eval_wer': '0.2094', 'eval_runaway': 0, 'eval_runtime': '48.17', 'eval_samples_per_second': '2.18', 'eval_steps_per_second': '0.145', 'epoch': '5'}
{'loss': '0.07535', 'grad_norm': '0.2833', 'learning_rate': '0.000121', 'epoch': '5.122'}
{'loss': '0.09832', 'grad_norm': '0.3482', 'learning_rate': '0.0001108', 'epoch': '5.366'}
{'loss': '0.08503', 'grad_norm': '0.5593', 'learning_rate': '0.0001007', 'epoch': '5.61'}
{'loss': '0.08382', 'grad_norm': '0.3911', 'learning_rate': '9.051e-05', 'epoch': '5.854'}
{'eval_loss': '0.4121', 'eval_forgiven_wer': '0.1849', 'eval_wer': '0.23', 'eval_runaway': 0, 'eval_runtime': '47.82', 'eval_samples_per_second': '2.196', 'eval_steps_per_second': '0.146', 'epoch': '6'}
{'loss': '0.07416', 'grad_norm': '0.2313', 'learning_rate': '8.034e-05', 'epoch': '6.098'}
{'loss': '0.0655', 'grad_norm': '0.4196', 'learning_rate': '7.017e-05', 'epoch': '6.341'}
{'loss': '0.07183', 'grad_norm': '0.4316', 'learning_rate': '6e-05', 'epoch': '6.585'}
{'loss': '0.05932', 'grad_norm': '0.3428', 'learning_rate': '4.983e-05', 'epoch': '6.829'}
{'eval_loss': '0.4462', 'eval_forgiven_wer': '0.1908', 'eval_wer': '0.2367', 'eval_runaway': 0, 'eval_runtime': '46.02', 'eval_samples_per_second': '2.282', 'eval_steps_per_second': '0.152', 'epoch': '7'}
{'loss': '0.05953', 'grad_norm': '0.2513', 'learning_rate': '3.966e-05', 'epoch': '7.073'}
{'loss': '0.06017', 'grad_norm': '0.6907', 'learning_rate': '2.949e-05', 'epoch': '7.317'}
{'loss': '0.0491', 'grad_norm': '0.4338', 'learning_rate': '1.932e-05', 'epoch': '7.561'}
{'loss': '0.04562', 'grad_norm': '0.2799', 'learning_rate': '9.153e-06', 'epoch': '7.805'}
{'eval_loss': '0.4653', 'eval_forgiven_wer': '0.194', 'eval_wer': '0.2415', 'eval_runaway': 1, 'eval_runtime': '46.51', 'eval_samples_per_second': '2.258', 'eval_steps_per_second': '0.151', 'epoch': '8'}
{'train_runtime': '599.6', 'train_samples_per_second': '4.376', 'train_steps_per_second': '0.547', 'train_loss': '0.1677', 'epoch': '8'}
s30685_armB_both_lora_b80_r8_lr0.0003_seed0_selF: WER 0.2330 -> 0.1989 (+14.6%, p 0.000); forgiven 0.1094 -> 0.1136 (-3.8%, p 0.359) in 10.8 min train 607s base 0s other_arm 0s load_tuned 6s transcribe_tuned 37s score 0s
s30701_armB_both_lora_b80_r8_lr0.0003_seed0_selF: 385 train chunks (79.9 min), 88 dev, select on forgiven
trainable params: 3,932,160 || all params: 1,547,422,720 || trainable%: 0.2541
precision: bf16, base weights torch.bfloat16, grad checkpointing False, lr 0.0003, method lora
{'loss': '0.505', 'grad_norm': '0.1351', 'learning_rate': '6.75e-05', 'epoch': '0.2041'}
{'loss': '0.4957', 'grad_norm': '0.1074', 'learning_rate': '0.0001425', 'epoch': '0.4082'}
{'loss': '0.4951', 'grad_norm': '0.2459', 'learning_rate': '0.0002175', 'epoch': '0.6122'}
{'loss': '0.3578', 'grad_norm': '0.2183', 'learning_rate': '0.0002925', 'epoch': '0.8163'}
{'eval_loss': '0.3184', 'eval_forgiven_wer': '0.1836', 'eval_wer': '0.2189', 'eval_runaway': 2, 'eval_runtime': '45.01', 'eval_samples_per_second': '1.955', 'eval_steps_per_second': '0.133', 'epoch': '1'}
{'loss': '0.31', 'grad_norm': '0.3478', 'learning_rate': '0.0002923', 'epoch': '1.02'}
{'loss': '0.2872', 'grad_norm': '0.2287', 'learning_rate': '0.0002838', 'epoch': '1.224'}
{'loss': '0.2916', 'grad_norm': '0.2642', 'learning_rate': '0.0002753', 'epoch': '1.429'}
{'loss': '0.2614', 'grad_norm': '0.3053', 'learning_rate': '0.0002668', 'epoch': '1.633'}
{'loss': '0.3043', 'grad_norm': '0.3232', 'learning_rate': '0.0002582', 'epoch': '1.837'}
{'eval_loss': '0.2813', 'eval_forgiven_wer': '0.3277', 'eval_wer': '0.3649', 'eval_runaway': 3, 'eval_runtime': '64.79', 'eval_samples_per_second': '1.358', 'eval_steps_per_second': '0.093', 'epoch': '2'}
{'loss': '0.2817', 'grad_norm': '0.2902', 'learning_rate': '0.0002497', 'epoch': '2.041'}
{'loss': '0.2018', 'grad_norm': '0.2112', 'learning_rate': '0.0002412', 'epoch': '2.245'}
{'loss': '0.231', 'grad_norm': '0.4062', 'learning_rate': '0.0002327', 'epoch': '2.449'}
{'loss': '0.2194', 'grad_norm': '0.2522', 'learning_rate': '0.0002241', 'epoch': '2.653'}
{'loss': '0.1824', 'grad_norm': '0.2087', 'learning_rate': '0.0002156', 'epoch': '2.857'}
{'eval_loss': '0.2854', 'eval_forgiven_wer': '0.2759', 'eval_wer': '0.315', 'eval_runaway': 2, 'eval_runtime': '55.98', 'eval_samples_per_second': '1.572', 'eval_steps_per_second': '0.107', 'epoch': '3'}
{'loss': '0.2412', 'grad_norm': '0.2005', 'learning_rate': '0.0002071', 'epoch': '3.061'}
{'loss': '0.1999', 'grad_norm': '0.4703', 'learning_rate': '0.0001986', 'epoch': '3.265'}
{'loss': '0.1604', 'grad_norm': '0.237', 'learning_rate': '0.0001901', 'epoch': '3.469'}
{'loss': '0.1462', 'grad_norm': '0.3072', 'learning_rate': '0.0001815', 'epoch': '3.673'}
{'loss': '0.1748', 'grad_norm': '0.4672', 'learning_rate': '0.000173', 'epoch': '3.878'}
{'eval_loss': '0.2993', 'eval_forgiven_wer': '0.2844', 'eval_wer': '0.3225', 'eval_runaway': 2, 'eval_runtime': '56.15', 'eval_samples_per_second': '1.567', 'eval_steps_per_second': '0.107', 'epoch': '4'}
{'loss': '0.1655', 'grad_norm': '0.4129', 'learning_rate': '0.0001645', 'epoch': '4.082'}
{'loss': '0.113', 'grad_norm': '0.4547', 'learning_rate': '0.000156', 'epoch': '4.286'}
{'loss': '0.1286', 'grad_norm': '0.3371', 'learning_rate': '0.0001474', 'epoch': '4.49'}
{'loss': '0.1266', 'grad_norm': '0.36', 'learning_rate': '0.0001389', 'epoch': '4.694'}
{'loss': '0.1505', 'grad_norm': '0.4542', 'learning_rate': '0.0001304', 'epoch': '4.898'}
{'eval_loss': '0.3294', 'eval_forgiven_wer': '0.1897', 'eval_wer': '0.2208', 'eval_runaway': 1, 'eval_runtime': '45.43', 'eval_samples_per_second': '1.937', 'eval_steps_per_second': '0.132', 'epoch': '5'}
{'loss': '0.1092', 'grad_norm': '0.2952', 'learning_rate': '0.0001219', 'epoch': '5.102'}
{'loss': '0.1035', 'grad_norm': '0.48', 'learning_rate': '0.0001134', 'epoch': '5.306'}
{'loss': '0.1003', 'grad_norm': '0.5368', 'learning_rate': '0.0001048', 'epoch': '5.51'}
{'loss': '0.1105', 'grad_norm': '0.3385', 'learning_rate': '9.631e-05', 'epoch': '5.714'}
{'loss': '0.08283', 'grad_norm': '0.3538', 'learning_rate': '8.778e-05', 'epoch': '5.918'}
{'eval_loss': '0.3436', 'eval_forgiven_wer': '0.201', 'eval_wer': '0.2392', 'eval_runaway': 1, 'eval_runtime': '47.37', 'eval_samples_per_second': '1.858', 'eval_steps_per_second': '0.127', 'epoch': '6'}
{'loss': '0.09033', 'grad_norm': '0.2724', 'learning_rate': '7.926e-05', 'epoch': '6.122'}
{'loss': '0.09109', 'grad_norm': '0.3612', 'learning_rate': '7.074e-05', 'epoch': '6.327'}
{'loss': '0.07365', 'grad_norm': '0.4407', 'learning_rate': '6.222e-05', 'epoch': '6.531'}
{'loss': '0.06856', 'grad_norm': '0.2712', 'learning_rate': '5.369e-05', 'epoch': '6.735'}
{'loss': '0.08728', 'grad_norm': '0.4924', 'learning_rate': '4.517e-05', 'epoch': '6.939'}
{'eval_loss': '0.3704', 'eval_forgiven_wer': '0.21', 'eval_wer': '0.2415', 'eval_runaway': 1, 'eval_runtime': '48.21', 'eval_samples_per_second': '1.825', 'eval_steps_per_second': '0.124', 'epoch': '7'}
{'loss': '0.06813', 'grad_norm': '0.374', 'learning_rate': '3.665e-05', 'epoch': '7.143'}
{'loss': '0.05956', 'grad_norm': '0.3145', 'learning_rate': '2.812e-05', 'epoch': '7.347'}
{'loss': '0.06909', 'grad_norm': '0.3929', 'learning_rate': '1.96e-05', 'epoch': '7.551'}
{'loss': '0.06735', 'grad_norm': '0.328', 'learning_rate': '1.108e-05', 'epoch': '7.755'}
{'loss': '0.05411', 'grad_norm': '0.3296', 'learning_rate': '2.557e-06', 'epoch': '7.959'}
{'eval_loss': '0.3793', 'eval_forgiven_wer': '0.2895', 'eval_wer': '0.322', 'eval_runaway': 2, 'eval_runtime': '56.84', 'eval_samples_per_second': '1.548', 'eval_steps_per_second': '0.106', 'epoch': '8'}
{'train_runtime': '654.5', 'train_samples_per_second': '4.706', 'train_steps_per_second': '0.599', 'train_loss': '0.1858', 'epoch': '8'}
s30701_armB_both_lora_b80_r8_lr0.0003_seed0_selF: WER 0.4059 -> 0.2891 (+28.8%, p 0.000); forgiven 0.2669 -> 0.2194 (+17.8%, p 0.037) in 12.6 min train 663s base 0s other_arm 0s load_tuned 6s transcribe_tuned 88s score 0s
s30718_armB_both_lora_b80_r8_lr0.0003_seed0_selF: 300 train chunks (79.7 min), 43 dev, select on forgiven
trainable params: 3,932,160 || all params: 1,547,422,720 || trainable%: 0.2541
precision: bf16, base weights torch.bfloat16, grad checkpointing False, lr 0.0003, method lora
{'loss': '0.4294', 'grad_norm': '0.08688', 'learning_rate': '8.71e-05', 'epoch': '0.2632'}
{'loss': '0.4997', 'grad_norm': '0.1711', 'learning_rate': '0.0001839', 'epoch': '0.5263'}
{'loss': '0.3178', 'grad_norm': '0.1643', 'learning_rate': '0.0002806', 'epoch': '0.7895'}
{'eval_loss': '0.2418', 'eval_forgiven_wer': '0.0996', 'eval_wer': '0.1734', 'eval_runaway': 0, 'eval_runtime': '29.89', 'eval_samples_per_second': '1.439', 'eval_steps_per_second': '0.1', 'epoch': '1'}
{'loss': '0.3298', 'grad_norm': '0.1749', 'learning_rate': '0.0002912', 'epoch': '1.053'}
{'loss': '0.2714', 'grad_norm': '0.2272', 'learning_rate': '0.0002802', 'epoch': '1.316'}
{'loss': '0.2605', 'grad_norm': '0.1467', 'learning_rate': '0.0002692', 'epoch': '1.579'}
{'loss': '0.2782', 'grad_norm': '0.1535', 'learning_rate': '0.0002582', 'epoch': '1.842'}
{'eval_loss': '0.1998', 'eval_forgiven_wer': '0.09068', 'eval_wer': '0.1635', 'eval_runaway': 1, 'eval_runtime': '27.47', 'eval_samples_per_second': '1.565', 'eval_steps_per_second': '0.109', 'epoch': '2'}
{'loss': '0.2371', 'grad_norm': '0.1629', 'learning_rate': '0.0002473', 'epoch': '2.105'}
{'loss': '0.2234', 'grad_norm': '0.2257', 'learning_rate': '0.0002363', 'epoch': '2.368'}
{'loss': '0.1986', 'grad_norm': '0.2858', 'learning_rate': '0.0002253', 'epoch': '2.632'}
{'loss': '0.2006', 'grad_norm': '0.2955', 'learning_rate': '0.0002143', 'epoch': '2.895'}
{'eval_loss': '0.211', 'eval_forgiven_wer': '0.1085', 'eval_wer': '0.172', 'eval_runaway': 1, 'eval_runtime': '25.59', 'eval_samples_per_second': '1.681', 'eval_steps_per_second': '0.117', 'epoch': '3'}
{'loss': '0.1513', 'grad_norm': '0.2311', 'learning_rate': '0.0002033', 'epoch': '3.158'}
{'loss': '0.1483', 'grad_norm': '0.2584', 'learning_rate': '0.0001923', 'epoch': '3.421'}
{'loss': '0.1744', 'grad_norm': '0.2474', 'learning_rate': '0.0001813', 'epoch': '3.684'}
{'loss': '0.1805', 'grad_norm': '0.327', 'learning_rate': '0.0001703', 'epoch': '3.947'}
{'eval_loss': '0.2209', 'eval_forgiven_wer': '0.1105', 'eval_wer': '0.172', 'eval_runaway': 1, 'eval_runtime': '26.07', 'eval_samples_per_second': '1.65', 'eval_steps_per_second': '0.115', 'epoch': '4'}
{'loss': '0.144', 'grad_norm': '0.2637', 'learning_rate': '0.0001593', 'epoch': '4.211'}
{'loss': '0.1192', 'grad_norm': '0.2627', 'learning_rate': '0.0001484', 'epoch': '4.474'}
{'loss': '0.1226', 'grad_norm': '0.4699', 'learning_rate': '0.0001374', 'epoch': '4.737'}
{'loss': '0.1241', 'grad_norm': '0.3584', 'learning_rate': '0.0001264', 'epoch': '5'}
{'eval_loss': '0.2471', 'eval_forgiven_wer': '0.1323', 'eval_wer': '0.1913', 'eval_runaway': 0, 'eval_runtime': '27.23', 'eval_samples_per_second': '1.579', 'eval_steps_per_second': '0.11', 'epoch': '5'}
{'loss': '0.095', 'grad_norm': '0.4002', 'learning_rate': '0.0001154', 'epoch': '5.263'}
{'loss': '0.1051', 'grad_norm': '0.3684', 'learning_rate': '0.0001044', 'epoch': '5.526'}
{'loss': '0.09965', 'grad_norm': '0.312', 'learning_rate': '9.341e-05', 'epoch': '5.789'}
{'eval_loss': '0.2675', 'eval_forgiven_wer': '0.1338', 'eval_wer': '0.1933', 'eval_runaway': 0, 'eval_runtime': '26.4', 'eval_samples_per_second': '1.629', 'eval_steps_per_second': '0.114', 'epoch': '6'}
{'loss': '0.09475', 'grad_norm': '0.3098', 'learning_rate': '8.242e-05', 'epoch': '6.053'}
{'loss': '0.07744', 'grad_norm': '0.4036', 'learning_rate': '7.143e-05', 'epoch': '6.316'}
{'loss': '0.07654', 'grad_norm': '0.4713', 'learning_rate': '6.044e-05', 'epoch': '6.579'}
{'loss': '0.06894', 'grad_norm': '0.3686', 'learning_rate': '4.945e-05', 'epoch': '6.842'}
{'eval_loss': '0.285', 'eval_forgiven_wer': '0.1427', 'eval_wer': '0.2002', 'eval_runaway': 0, 'eval_runtime': '25.32', 'eval_samples_per_second': '1.698', 'eval_steps_per_second': '0.118', 'epoch': '7'}
{'loss': '0.06683', 'grad_norm': '0.2979', 'learning_rate': '3.846e-05', 'epoch': '7.105'}
{'loss': '0.06675', 'grad_norm': '0.3378', 'learning_rate': '2.747e-05', 'epoch': '7.368'}
{'loss': '0.05474', 'grad_norm': '0.264', 'learning_rate': '1.648e-05', 'epoch': '7.632'}
{'loss': '0.06537', 'grad_norm': '0.4052', 'learning_rate': '5.495e-06', 'epoch': '7.895'}
{'eval_loss': '0.3069', 'eval_forgiven_wer': '0.1526', 'eval_wer': '0.2052', 'eval_runaway': 0, 'eval_runtime': '25.01', 'eval_samples_per_second': '1.719', 'eval_steps_per_second': '0.12', 'epoch': '8'}
{'train_runtime': '397.2', 'train_samples_per_second': '6.042', 'train_steps_per_second': '0.765', 'train_loss': '0.1746', 'epoch': '8'}
s30718_armB_both_lora_b80_r8_lr0.0003_seed0_selF: WER 0.1995 -> 0.1592 (+20.2%, p 0.007); forgiven 0.1404 -> 0.1236 (+12.0%, p 0.711) in 13.3 min train 409s base 0s other_arm 0s load_tuned 5s transcribe_tuned 381s score 0s
s30752_armB_both_lora_b80_r8_lr0.0003_seed0_selF: 410 train chunks (79.9 min), 93 dev, select on forgiven
trainable params: 3,932,160 || all params: 1,547,422,720 || trainable%: 0.2541
precision: bf16, base weights torch.bfloat16, grad checkpointing False, lr 0.0003, method lora
{'loss': '0.5378', 'grad_norm': '0.1781', 'learning_rate': '6.429e-05', 'epoch': '0.1923'}
{'loss': '0.5477', 'grad_norm': '0.2305', 'learning_rate': '0.0001357', 'epoch': '0.3846'}
{'loss': '0.5019', 'grad_norm': '0.2244', 'learning_rate': '0.0002071', 'epoch': '0.5769'}
{'loss': '0.3729', 'grad_norm': '0.4317', 'learning_rate': '0.0002786', 'epoch': '0.7692'}
{'loss': '0.3442', 'grad_norm': '0.2043', 'learning_rate': '0.0002944', 'epoch': '0.9615'}
{'eval_loss': '0.3094', 'eval_forgiven_wer': '0.1791', 'eval_wer': '0.2218', 'eval_runaway': 0, 'eval_runtime': '32.48', 'eval_samples_per_second': '2.863', 'eval_steps_per_second': '0.185', 'epoch': '1'}
{'loss': '0.2555', 'grad_norm': '0.2379', 'learning_rate': '0.0002864', 'epoch': '1.154'}
{'loss': '0.2652', 'grad_norm': '0.2029', 'learning_rate': '0.0002783', 'epoch': '1.346'}
{'loss': '0.2429', 'grad_norm': '0.412', 'learning_rate': '0.0002703', 'epoch': '1.538'}
{'loss': '0.2981', 'grad_norm': '0.3358', 'learning_rate': '0.0002623', 'epoch': '1.731'}
{'loss': '0.2471', 'grad_norm': '0.3136', 'learning_rate': '0.0002543', 'epoch': '1.923'}
{'eval_loss': '0.2828', 'eval_forgiven_wer': '0.2061', 'eval_wer': '0.25', 'eval_runaway': 1, 'eval_runtime': '59.25', 'eval_samples_per_second': '1.57', 'eval_steps_per_second': '0.101', 'epoch': '2'}
{'loss': '0.2175', 'grad_norm': '0.3712', 'learning_rate': '0.0002463', 'epoch': '2.115'}
{'loss': '0.2012', 'grad_norm': '0.351', 'learning_rate': '0.0002382', 'epoch': '2.308'}
{'loss': '0.1951', 'grad_norm': '0.3368', 'learning_rate': '0.0002302', 'epoch': '2.5'}
{'loss': '0.1797', 'grad_norm': '0.5074', 'learning_rate': '0.0002222', 'epoch': '2.692'}
{'loss': '0.1889', 'grad_norm': '0.3617', 'learning_rate': '0.0002142', 'epoch': '2.885'}
{'eval_loss': '0.309', 'eval_forgiven_wer': '0.1653', 'eval_wer': '0.2127', 'eval_runaway': 0, 'eval_runtime': '30.84', 'eval_samples_per_second': '3.016', 'eval_steps_per_second': '0.195', 'epoch': '3'}
{'loss': '0.1531', 'grad_norm': '0.2732', 'learning_rate': '0.0002061', 'epoch': '3.077'}
{'loss': '0.1381', 'grad_norm': '0.4671', 'learning_rate': '0.0001981', 'epoch': '3.269'}
{'loss': '0.1447', 'grad_norm': '0.3632', 'learning_rate': '0.0001901', 'epoch': '3.462'}
{'loss': '0.1304', 'grad_norm': '0.4366', 'learning_rate': '0.0001821', 'epoch': '3.654'}
{'loss': '0.1385', 'grad_norm': '0.5445', 'learning_rate': '0.0001741', 'epoch': '3.846'}
{'eval_loss': '0.3403', 'eval_forgiven_wer': '0.2686', 'eval_wer': '0.3197', 'eval_runaway': 1, 'eval_runtime': '45.15', 'eval_samples_per_second': '2.06', 'eval_steps_per_second': '0.133', 'epoch': '4'}
{'loss': '0.119', 'grad_norm': '0.2601', 'learning_rate': '0.000166', 'epoch': '4.038'}
{'loss': '0.08413', 'grad_norm': '0.2633', 'learning_rate': '0.000158', 'epoch': '4.231'}
{'loss': '0.108', 'grad_norm': '0.3996', 'learning_rate': '0.00015', 'epoch': '4.423'}
{'loss': '0.09595', 'grad_norm': '0.4523', 'learning_rate': '0.000142', 'epoch': '4.615'}
{'loss': '0.08011', 'grad_norm': '0.3315', 'learning_rate': '0.000134', 'epoch': '4.808'}
{'loss': '0.102', 'grad_norm': '0.7588', 'learning_rate': '0.0001259', 'epoch': '5'}
{'eval_loss': '0.368', 'eval_forgiven_wer': '0.1917', 'eval_wer': '0.241', 'eval_runaway': 0, 'eval_runtime': '31.69', 'eval_samples_per_second': '2.935', 'eval_steps_per_second': '0.189', 'epoch': '5'}
{'loss': '0.06124', 'grad_norm': '0.3359', 'learning_rate': '0.0001179', 'epoch': '5.192'}
{'loss': '0.06458', 'grad_norm': '0.3665', 'learning_rate': '0.0001099', 'epoch': '5.385'}
{'loss': '0.05718', 'grad_norm': '0.892', 'learning_rate': '0.0001019', 'epoch': '5.577'}
{'loss': '0.05789', 'grad_norm': '0.4275', 'learning_rate': '9.385e-05', 'epoch': '5.769'}
{'loss': '0.0658', 'grad_norm': '0.4303', 'learning_rate': '8.583e-05', 'epoch': '5.962'}
{'eval_loss': '0.4084', 'eval_forgiven_wer': '0.1821', 'eval_wer': '0.2272', 'eval_runaway': 0, 'eval_runtime': '31.63', 'eval_samples_per_second': '2.94', 'eval_steps_per_second': '0.19', 'epoch': '6'}
{'loss': '0.04707', 'grad_norm': '0.2531', 'learning_rate': '7.781e-05', 'epoch': '6.154'}
{'loss': '0.04157', 'grad_norm': '0.5313', 'learning_rate': '6.979e-05', 'epoch': '6.346'}
{'loss': '0.04336', 'grad_norm': '0.2895', 'learning_rate': '6.176e-05', 'epoch': '6.538'}
{'loss': '0.03739', 'grad_norm': '0.3973', 'learning_rate': '5.374e-05', 'epoch': '6.731'}
{'loss': '0.03827', 'grad_norm': '0.4008', 'learning_rate': '4.572e-05', 'epoch': '6.923'}
{'eval_loss': '0.4504', 'eval_forgiven_wer': '0.1911', 'eval_wer': '0.2368', 'eval_runaway': 0, 'eval_runtime': '30.75', 'eval_samples_per_second': '3.024', 'eval_steps_per_second': '0.195', 'epoch': '7'}
{'loss': '0.02726', 'grad_norm': '0.2802', 'learning_rate': '3.77e-05', 'epoch': '7.115'}
{'loss': '0.0286', 'grad_norm': '0.3822', 'learning_rate': '2.968e-05', 'epoch': '7.308'}
{'loss': '0.02963', 'grad_norm': '0.2952', 'learning_rate': '2.166e-05', 'epoch': '7.5'}
{'loss': '0.03064', 'grad_norm': '0.4801', 'learning_rate': '1.364e-05', 'epoch': '7.692'}
{'loss': '0.03045', 'grad_norm': '0.4487', 'learning_rate': '5.615e-06', 'epoch': '7.885'}
{'eval_loss': '0.4721', 'eval_forgiven_wer': '0.2254', 'eval_wer': '0.2656', 'eval_runaway': 0, 'eval_runtime': '33.89', 'eval_samples_per_second': '2.744', 'eval_steps_per_second': '0.177', 'epoch': '8'}
{'train_runtime': '543.3', 'train_samples_per_second': '6.037', 'train_steps_per_second': '0.766', 'train_loss': '0.1578', 'epoch': '8'}
s30752_armB_both_lora_b80_r8_lr0.0003_seed0_selF: WER 0.1956 -> 0.1691 (+13.5%, p 0.001); forgiven 0.1353 -> 0.1326 (+2.0%, p 0.666) in 9.6 min train 552s base 0s other_arm 0s load_tuned 6s transcribe_tuned 19s score 0s
s30777_armB_both_lora_b80_r8_lr0.0003_seed0_selF: 332 train chunks (79.9 min), 74 dev, select on forgiven
trainable params: 3,932,160 || all params: 1,547,422,720 || trainable%: 0.2541
precision: bf16, base weights torch.bfloat16, grad checkpointing False, lr 0.0003, method lora
{'loss': '0.4428', 'grad_norm': '0.1343', 'learning_rate': '7.941e-05', 'epoch': '0.2381'}
{'loss': '0.4486', 'grad_norm': '0.1804', 'learning_rate': '0.0001676', 'epoch': '0.4762'}
{'loss': '0.3827', 'grad_norm': '0.1701', 'learning_rate': '0.0002559', 'epoch': '0.7143'}
{'loss': '0.3282', 'grad_norm': '0.1837', 'learning_rate': '0.000295', 'epoch': '0.9524'}
{'eval_loss': '0.3762', 'eval_forgiven_wer': '0.1492', 'eval_wer': '0.1783', 'eval_runaway': 0, 'eval_runtime': '38.73', 'eval_samples_per_second': '1.911', 'eval_steps_per_second': '0.129', 'epoch': '1'}
{'loss': '0.2438', 'grad_norm': '0.1882', 'learning_rate': '0.0002851', 'epoch': '1.19'}
{'loss': '0.2481', 'grad_norm': '0.1633', 'learning_rate': '0.0002752', 'epoch': '1.429'}
{'loss': '0.234', 'grad_norm': '0.2596', 'learning_rate': '0.0002652', 'epoch': '1.667'}
{'loss': '0.2535', 'grad_norm': '0.2076', 'learning_rate': '0.0002553', 'epoch': '1.905'}
{'eval_loss': '0.3179', 'eval_forgiven_wer': '0.1501', 'eval_wer': '0.1774', 'eval_runaway': 0, 'eval_runtime': '39.33', 'eval_samples_per_second': '1.882', 'eval_steps_per_second': '0.127', 'epoch': '2'}
{'loss': '0.234', 'grad_norm': '0.1891', 'learning_rate': '0.0002454', 'epoch': '2.143'}
{'loss': '0.2008', 'grad_norm': '0.2163', 'learning_rate': '0.0002354', 'epoch': '2.381'}
{'loss': '0.1977', 'grad_norm': '0.1994', 'learning_rate': '0.0002255', 'epoch': '2.619'}
{'loss': '0.1924', 'grad_norm': '0.3874', 'learning_rate': '0.0002156', 'epoch': '2.857'}
{'eval_loss': '0.3252', 'eval_forgiven_wer': '0.1533', 'eval_wer': '0.1778', 'eval_runaway': 0, 'eval_runtime': '42.26', 'eval_samples_per_second': '1.751', 'eval_steps_per_second': '0.118', 'epoch': '3'}
{'loss': '0.1767', 'grad_norm': '0.2075', 'learning_rate': '0.0002056', 'epoch': '3.095'}
{'loss': '0.1262', 'grad_norm': '0.2826', 'learning_rate': '0.0001957', 'epoch': '3.333'}
{'loss': '0.142', 'grad_norm': '0.362', 'learning_rate': '0.0001858', 'epoch': '3.571'}
{'loss': '0.1535', 'grad_norm': '0.3576', 'learning_rate': '0.0001758', 'epoch': '3.81'}
{'eval_loss': '0.3558', 'eval_forgiven_wer': '0.1551', 'eval_wer': '0.1824', 'eval_runaway': 0, 'eval_runtime': '38', 'eval_samples_per_second': '1.947', 'eval_steps_per_second': '0.132', 'epoch': '4'}
{'loss': '0.1466', 'grad_norm': '0.2263', 'learning_rate': '0.0001659', 'epoch': '4.048'}
{'loss': '0.1164', 'grad_norm': '0.2636', 'learning_rate': '0.000156', 'epoch': '4.286'}
{'loss': '0.1013', 'grad_norm': '0.3243', 'learning_rate': '0.000146', 'epoch': '4.524'}
{'loss': '0.1055', 'grad_norm': '0.3799', 'learning_rate': '0.0001361', 'epoch': '4.762'}
{'loss': '0.1182', 'grad_norm': '0.8184', 'learning_rate': '0.0001262', 'epoch': '5'}
{'eval_loss': '0.3683', 'eval_forgiven_wer': '0.1614', 'eval_wer': '0.1874', 'eval_runaway': 0, 'eval_runtime': '38.59', 'eval_samples_per_second': '1.918', 'eval_steps_per_second': '0.13', 'epoch': '5'}
{'loss': '0.07713', 'grad_norm': '0.3838', 'learning_rate': '0.0001162', 'epoch': '5.238'}
{'loss': '0.08217', 'grad_norm': '0.3536', 'learning_rate': '0.0001063', 'epoch': '5.476'}
{'loss': '0.09279', 'grad_norm': '0.2719', 'learning_rate': '9.636e-05', 'epoch': '5.714'}
{'loss': '0.08443', 'grad_norm': '0.4394', 'learning_rate': '8.642e-05', 'epoch': '5.952'}
{'eval_loss': '0.3969', 'eval_forgiven_wer': '0.1705', 'eval_wer': '0.1974', 'eval_runaway': 0, 'eval_runtime': '36.51', 'eval_samples_per_second': '2.027', 'eval_steps_per_second': '0.137', 'epoch': '6'}
{'loss': '0.06319', 'grad_norm': '0.2516', 'learning_rate': '7.649e-05', 'epoch': '6.19'}
{'loss': '0.0649', 'grad_norm': '0.2668', 'learning_rate': '6.656e-05', 'epoch': '6.429'}
{'loss': '0.06139', 'grad_norm': '0.3046', 'learning_rate': '5.662e-05', 'epoch': '6.667'}
{'loss': '0.06381', 'grad_norm': '0.4017', 'learning_rate': '4.669e-05', 'epoch': '6.905'}
{'eval_loss': '0.4248', 'eval_forgiven_wer': '0.1683', 'eval_wer': '0.1946', 'eval_runaway': 0, 'eval_runtime': '36.5', 'eval_samples_per_second': '2.027', 'eval_steps_per_second': '0.137', 'epoch': '7'}
{'loss': '0.06202', 'grad_norm': '0.3196', 'learning_rate': '3.675e-05', 'epoch': '7.143'}
{'loss': '0.04693', 'grad_norm': '0.3182', 'learning_rate': '2.682e-05', 'epoch': '7.381'}
{'loss': '0.0507', 'grad_norm': '0.2673', 'learning_rate': '1.689e-05', 'epoch': '7.619'}
{'loss': '0.061', 'grad_norm': '0.3021', 'learning_rate': '6.954e-06', 'epoch': '7.857'}
{'eval_loss': '0.4432', 'eval_forgiven_wer': '0.1778', 'eval_wer': '0.2037', 'eval_runaway': 0, 'eval_runtime': '36.04', 'eval_samples_per_second': '2.053', 'eval_steps_per_second': '0.139', 'epoch': '8'}
{'train_runtime': '508.3', 'train_samples_per_second': '5.226', 'train_steps_per_second': '0.661', 'train_loss': '0.1617', 'epoch': '8'}
s30777_armB_both_lora_b80_r8_lr0.0003_seed0_selF: WER 0.2237 -> 0.2016 (+9.9%, p 0.462); forgiven 0.1535 -> 0.1565 (-1.9%, p 0.849) in 13.7 min train 517s base 0s other_arm 0s load_tuned 6s transcribe_tuned 297s score 0s
s30813_armB_both_lora_b80_r8_lr0.0003_seed0_selF: 320 train chunks (79.9 min), 44 dev, select on forgiven
trainable params: 3,932,160 || all params: 1,547,422,720 || trainable%: 0.2541
precision: bf16, base weights torch.bfloat16, grad checkpointing False, lr 0.0003, method lora
{'loss': '0.5231', 'grad_norm': '0.1391', 'learning_rate': '8.437e-05', 'epoch': '0.25'}
{'loss': '0.4821', 'grad_norm': '0.1296', 'learning_rate': '0.0001781', 'epoch': '0.5'}
{'loss': '0.4595', 'grad_norm': '0.1629', 'learning_rate': '0.0002719', 'epoch': '0.75'}
{'loss': '0.3928', 'grad_norm': '0.304', 'learning_rate': '0.0002927', 'epoch': '1'}
{'eval_loss': '0.3884', 'eval_forgiven_wer': '0.2086', 'eval_wer': '0.2845', 'eval_runaway': 1, 'eval_runtime': '24.4', 'eval_samples_per_second': '1.803', 'eval_steps_per_second': '0.123', 'epoch': '1'}
{'loss': '0.3315', 'grad_norm': '0.2215', 'learning_rate': '0.0002823', 'epoch': '1.25'}
{'loss': '0.2729', 'grad_norm': '0.164', 'learning_rate': '0.0002719', 'epoch': '1.5'}
{'loss': '0.2857', 'grad_norm': '0.2389', 'learning_rate': '0.0002615', 'epoch': '1.75'}
{'loss': '0.2945', 'grad_norm': '0.6065', 'learning_rate': '0.000251', 'epoch': '2'}
{'eval_loss': '0.3599', 'eval_forgiven_wer': '0.2231', 'eval_wer': '0.299', 'eval_runaway': 1, 'eval_runtime': '22.32', 'eval_samples_per_second': '1.971', 'eval_steps_per_second': '0.134', 'epoch': '2'}
{'loss': '0.2716', 'grad_norm': '0.364', 'learning_rate': '0.0002406', 'epoch': '2.25'}
{'loss': '0.2004', 'grad_norm': '0.2168', 'learning_rate': '0.0002302', 'epoch': '2.5'}
{'loss': '0.2204', 'grad_norm': '0.2857', 'learning_rate': '0.0002198', 'epoch': '2.75'}
{'loss': '0.2113', 'grad_norm': '0.3044', 'learning_rate': '0.0002094', 'epoch': '3'}
{'eval_loss': '0.378', 'eval_forgiven_wer': '0.2279', 'eval_wer': '0.2873', 'eval_runaway': 1, 'eval_runtime': '23.19', 'eval_samples_per_second': '1.897', 'eval_steps_per_second': '0.129', 'epoch': '3'}
{'loss': '0.1862', 'grad_norm': '0.2321', 'learning_rate': '0.000199', 'epoch': '3.25'}
{'loss': '0.1844', 'grad_norm': '0.396', 'learning_rate': '0.0001885', 'epoch': '3.5'}
{'loss': '0.161', 'grad_norm': '0.3801', 'learning_rate': '0.0001781', 'epoch': '3.75'}
{'loss': '0.1895', 'grad_norm': '0.4352', 'learning_rate': '0.0001677', 'epoch': '4'}
{'eval_loss': '0.4117', 'eval_forgiven_wer': '0.2383', 'eval_wer': '0.2928', 'eval_runaway': 1, 'eval_runtime': '22.59', 'eval_samples_per_second': '1.948', 'eval_steps_per_second': '0.133', 'epoch': '4'}
{'loss': '0.14', 'grad_norm': '0.3448', 'learning_rate': '0.0001573', 'epoch': '4.25'}
{'loss': '0.1298', 'grad_norm': '0.4864', 'learning_rate': '0.0001469', 'epoch': '4.5'}
{'loss': '0.1291', 'grad_norm': '0.3232', 'learning_rate': '0.0001365', 'epoch': '4.75'}
{'loss': '0.1547', 'grad_norm': '0.4337', 'learning_rate': '0.000126', 'epoch': '5'}
{'eval_loss': '0.4433', 'eval_forgiven_wer': '0.2452', 'eval_wer': '0.3039', 'eval_runaway': 1, 'eval_runtime': '22.33', 'eval_samples_per_second': '1.971', 'eval_steps_per_second': '0.134', 'epoch': '5'}
{'loss': '0.116', 'grad_norm': '0.4447', 'learning_rate': '0.0001156', 'epoch': '5.25'}
{'loss': '0.0881', 'grad_norm': '0.4002', 'learning_rate': '0.0001052', 'epoch': '5.5'}
{'loss': '0.1022', 'grad_norm': '0.3904', 'learning_rate': '9.479e-05', 'epoch': '5.75'}
{'loss': '0.1124', 'grad_norm': '0.4102', 'learning_rate': '8.437e-05', 'epoch': '6'}
{'eval_loss': '0.4748', 'eval_forgiven_wer': '0.2362', 'eval_wer': '0.2949', 'eval_runaway': 1, 'eval_runtime': '22.1', 'eval_samples_per_second': '1.991', 'eval_steps_per_second': '0.136', 'epoch': '6'}
{'loss': '0.08552', 'grad_norm': '0.3267', 'learning_rate': '7.396e-05', 'epoch': '6.25'}
{'loss': '0.07917', 'grad_norm': '0.389', 'learning_rate': '6.354e-05', 'epoch': '6.5'}
{'loss': '0.07603', 'grad_norm': '0.4572', 'learning_rate': '5.312e-05', 'epoch': '6.75'}
{'loss': '0.07377', 'grad_norm': '0.4417', 'learning_rate': '4.271e-05', 'epoch': '7'}
{'eval_loss': '0.5115', 'eval_forgiven_wer': '0.3273', 'eval_wer': '0.3819', 'eval_runaway': 2, 'eval_runtime': '32.69', 'eval_samples_per_second': '1.346', 'eval_steps_per_second': '0.092', 'epoch': '7'}
{'loss': '0.0645', 'grad_norm': '0.2508', 'learning_rate': '3.229e-05', 'epoch': '7.25'}
{'loss': '0.06837', 'grad_norm': '0.3161', 'learning_rate': '2.187e-05', 'epoch': '7.5'}
{'loss': '0.05571', 'grad_norm': '0.426', 'learning_rate': '1.146e-05', 'epoch': '7.75'}
{'loss': '0.06522', 'grad_norm': '0.3648', 'learning_rate': '1.042e-06', 'epoch': '8'}
{'eval_loss': '0.5304', 'eval_forgiven_wer': '0.2873', 'eval_wer': '0.3412', 'eval_runaway': 1, 'eval_runtime': '25.69', 'eval_samples_per_second': '1.713', 'eval_steps_per_second': '0.117', 'epoch': '8'}
{'train_runtime': '386.2', 'train_samples_per_second': '6.629', 'train_steps_per_second': '0.829', 'train_loss': '0.194', 'epoch': '8'}
s30813_armB_both_lora_b80_r8_lr0.0003_seed0_selF: WER 0.1607 -> 0.1779 (-10.7%, p 0.437); forgiven 0.1194 -> 0.1620 (-35.7%, p 0.106) in 7.3 min train 395s base 0s other_arm 0s load_tuned 6s transcribe_tuned 38s score 0s
s30831_armB_both_lora_b80_r8_lr0.0003_seed0_selF: 372 train chunks (79.9 min), 70 dev, select on forgiven
trainable params: 3,932,160 || all params: 1,547,422,720 || trainable%: 0.2541
precision: bf16, base weights torch.bfloat16, grad checkpointing False, lr 0.0003, method lora
{'loss': '0.5552', 'grad_norm': '0.3693', 'learning_rate': '7.105e-05', 'epoch': '0.2128'}
{'loss': '0.4605', 'grad_norm': '0.2478', 'learning_rate': '0.00015', 'epoch': '0.4255'}
{'loss': '0.3801', 'grad_norm': '0.1299', 'learning_rate': '0.0002289', 'epoch': '0.6383'}
{'loss': '0.3463', 'grad_norm': '0.2149', 'learning_rate': '0.0002991', 'epoch': '0.8511'}
{'eval_loss': '0.2797', 'eval_forgiven_wer': '0.1331', 'eval_wer': '0.1738', 'eval_runaway': 0, 'eval_runtime': '36.75', 'eval_samples_per_second': '1.905', 'eval_steps_per_second': '0.136', 'epoch': '1'}
{'loss': '0.3442', 'grad_norm': '0.2989', 'learning_rate': '0.0002902', 'epoch': '1.064'}
{'loss': '0.2986', 'grad_norm': '0.1705', 'learning_rate': '0.0002814', 'epoch': '1.277'}
{'loss': '0.193', 'grad_norm': '0.2557', 'learning_rate': '0.0002725', 'epoch': '1.489'}
{'loss': '0.2168', 'grad_norm': '0.2723', 'learning_rate': '0.0002636', 'epoch': '1.702'}
{'loss': '0.2664', 'grad_norm': '0.3781', 'learning_rate': '0.0002547', 'epoch': '1.915'}
{'eval_loss': '0.2585', 'eval_forgiven_wer': '0.1183', 'eval_wer': '0.15', 'eval_runaway': 0, 'eval_runtime': '36.25', 'eval_samples_per_second': '1.931', 'eval_steps_per_second': '0.138', 'epoch': '2'}
{'loss': '0.2295', 'grad_norm': '0.1612', 'learning_rate': '0.0002459', 'epoch': '2.128'}
{'loss': '0.1905', 'grad_norm': '0.1793', 'learning_rate': '0.000237', 'epoch': '2.34'}
{'loss': '0.1798', 'grad_norm': '0.1907', 'learning_rate': '0.0002281', 'epoch': '2.553'}
{'loss': '0.2033', 'grad_norm': '0.4802', 'learning_rate': '0.0002192', 'epoch': '2.766'}
{'loss': '0.1915', 'grad_norm': '0.2666', 'learning_rate': '0.0002104', 'epoch': '2.979'}
{'eval_loss': '0.2705', 'eval_forgiven_wer': '0.1289', 'eval_wer': '0.1601', 'eval_runaway': 0, 'eval_runtime': '35.84', 'eval_samples_per_second': '1.953', 'eval_steps_per_second': '0.139', 'epoch': '3'}
{'loss': '0.1436', 'grad_norm': '0.34', 'learning_rate': '0.0002015', 'epoch': '3.191'}
{'loss': '0.1579', 'grad_norm': '0.5242', 'learning_rate': '0.0001926', 'epoch': '3.404'}
{'loss': '0.1358', 'grad_norm': '0.3509', 'learning_rate': '0.0001837', 'epoch': '3.617'}
{'loss': '0.1501', 'grad_norm': '0.1863', 'learning_rate': '0.0001749', 'epoch': '3.83'}
{'eval_loss': '0.2922', 'eval_forgiven_wer': '0.1315', 'eval_wer': '0.1638', 'eval_runaway': 0, 'eval_runtime': '34.27', 'eval_samples_per_second': '2.042', 'eval_steps_per_second': '0.146', 'epoch': '4'}
{'loss': '0.1409', 'grad_norm': '0.1807', 'learning_rate': '0.000166', 'epoch': '4.043'}
{'loss': '0.1054', 'grad_norm': '0.3282', 'learning_rate': '0.0001571', 'epoch': '4.255'}
{'loss': '0.1209', 'grad_norm': '0.2752', 'learning_rate': '0.0001482', 'epoch': '4.468'}
{'loss': '0.09985', 'grad_norm': '0.4854', 'learning_rate': '0.0001393', 'epoch': '4.681'}
{'loss': '0.1043', 'grad_norm': '0.3733', 'learning_rate': '0.0001305', 'epoch': '4.894'}
{'eval_loss': '0.3135', 'eval_forgiven_wer': '0.1342', 'eval_wer': '0.1701', 'eval_runaway': 0, 'eval_runtime': '35.44', 'eval_samples_per_second': '1.975', 'eval_steps_per_second': '0.141', 'epoch': '5'}
{'loss': '0.1054', 'grad_norm': '0.247', 'learning_rate': '0.0001216', 'epoch': '5.106'}
{'loss': '0.08098', 'grad_norm': '0.3203', 'learning_rate': '0.0001127', 'epoch': '5.319'}
{'loss': '0.08002', 'grad_norm': '0.404', 'learning_rate': '0.0001038', 'epoch': '5.532'}
{'loss': '0.07812', 'grad_norm': '0.3974', 'learning_rate': '9.497e-05', 'epoch': '5.745'}
{'loss': '0.07755', 'grad_norm': '0.4285', 'learning_rate': '8.609e-05', 'epoch': '5.957'}
{'eval_loss': '0.3433', 'eval_forgiven_wer': '0.1558', 'eval_wer': '0.1854', 'eval_runaway': 0, 'eval_runtime': '34.97', 'eval_samples_per_second': '2.001', 'eval_steps_per_second': '0.143', 'epoch': '6'}
{'loss': '0.06022', 'grad_norm': '0.3233', 'learning_rate': '7.722e-05', 'epoch': '6.17'}
{'loss': '0.06113', 'grad_norm': '0.3233', 'learning_rate': '6.834e-05', 'epoch': '6.383'}
{'loss': '0.06711', 'grad_norm': '0.3764', 'learning_rate': '5.947e-05', 'epoch': '6.596'}
{'loss': '0.05763', 'grad_norm': '0.3841', 'learning_rate': '5.059e-05', 'epoch': '6.809'}
{'eval_loss': '0.3685', 'eval_forgiven_wer': '0.1611', 'eval_wer': '0.1923', 'eval_runaway': 0, 'eval_runtime': '34.65', 'eval_samples_per_second': '2.02', 'eval_steps_per_second': '0.144', 'epoch': '7'}
{'loss': '0.0561', 'grad_norm': '0.3841', 'learning_rate': '4.172e-05', 'epoch': '7.021'}
{'loss': '0.04736', 'grad_norm': '0.3524', 'learning_rate': '3.284e-05', 'epoch': '7.234'}
{'loss': '0.04914', 'grad_norm': '0.282', 'learning_rate': '2.396e-05', 'epoch': '7.447'}
{'loss': '0.04965', 'grad_norm': '0.3243', 'learning_rate': '1.509e-05', 'epoch': '7.66'}
{'loss': '0.04325', 'grad_norm': '0.2414', 'learning_rate': '6.213e-06', 'epoch': '7.872'}
{'eval_loss': '0.3817', 'eval_forgiven_wer': '0.159', 'eval_wer': '0.1912', 'eval_runaway': 0, 'eval_runtime': '34.66', 'eval_samples_per_second': '2.02', 'eval_steps_per_second': '0.144', 'epoch': '8'}
{'train_runtime': '505.4', 'train_samples_per_second': '5.889', 'train_steps_per_second': '0.744', 'train_loss': '0.1638', 'epoch': '8'}
s30831_armB_both_lora_b80_r8_lr0.0003_seed0_selF: WER 0.2736 -> 0.2267 (+17.1%, p 0.000); forgiven 0.1452 -> 0.1507 (-3.8%, p 0.401) in 9.1 min train 514s base 0s other_arm 0s load_tuned 6s transcribe_tuned 28s score 0s
s30843_armB_both_lora_b80_r8_lr0.0003_seed0_selF: 397 train chunks (79.8 min), 118 dev, select on forgiven
trainable params: 3,932,160 || all params: 1,547,422,720 || trainable%: 0.2541
precision: bf16, base weights torch.bfloat16, grad checkpointing False, lr 0.0003, method lora
{'loss': '0.4639', 'grad_norm': '0.1617', 'learning_rate': '6.75e-05', 'epoch': '0.2'}
{'loss': '0.4967', 'grad_norm': '0.2519', 'learning_rate': '0.0001425', 'epoch': '0.4'}
{'loss': '0.4185', 'grad_norm': '0.2512', 'learning_rate': '0.0002175', 'epoch': '0.6'}
{'loss': '0.3779', 'grad_norm': '0.3511', 'learning_rate': '0.0002925', 'epoch': '0.8'}
{'loss': '0.3301', 'grad_norm': '0.2896', 'learning_rate': '0.0002925', 'epoch': '1'}
{'eval_loss': '0.3978', 'eval_forgiven_wer': '0.2519', 'eval_wer': '0.352', 'eval_runaway': 3, 'eval_runtime': '85.9', 'eval_samples_per_second': '1.374', 'eval_steps_per_second': '0.093', 'epoch': '1'}
{'loss': '0.2661', 'grad_norm': '0.2653', 'learning_rate': '0.0002842', 'epoch': '1.2'}
{'loss': '0.2428', 'grad_norm': '0.5142', 'learning_rate': '0.0002758', 'epoch': '1.4'}
{'loss': '0.2397', 'grad_norm': '0.2612', 'learning_rate': '0.0002675', 'epoch': '1.6'}
{'loss': '0.2582', 'grad_norm': '0.3786', 'learning_rate': '0.0002592', 'epoch': '1.8'}
{'loss': '0.2549', 'grad_norm': '0.1931', 'learning_rate': '0.0002508', 'epoch': '2'}
{'eval_loss': '0.3908', 'eval_forgiven_wer': '0.1711', 'eval_wer': '0.2712', 'eval_runaway': 0, 'eval_runtime': '63.92', 'eval_samples_per_second': '1.846', 'eval_steps_per_second': '0.125', 'epoch': '2'}
{'loss': '0.1788', 'grad_norm': '0.3696', 'learning_rate': '0.0002425', 'epoch': '2.2'}
{'loss': '0.187', 'grad_norm': '0.2694', 'learning_rate': '0.0002342', 'epoch': '2.4'}
{'loss': '0.2065', 'grad_norm': '0.4153', 'learning_rate': '0.0002258', 'epoch': '2.6'}
{'loss': '0.1652', 'grad_norm': '0.2244', 'learning_rate': '0.0002175', 'epoch': '2.8'}
{'loss': '0.2055', 'grad_norm': '0.4544', 'learning_rate': '0.0002092', 'epoch': '3'}
{'eval_loss': '0.4082', 'eval_forgiven_wer': '0.1801', 'eval_wer': '0.2692', 'eval_runaway': 0, 'eval_runtime': '62.92', 'eval_samples_per_second': '1.875', 'eval_steps_per_second': '0.127', 'epoch': '3'}
{'loss': '0.1372', 'grad_norm': '0.4248', 'learning_rate': '0.0002008', 'epoch': '3.2'}
{'loss': '0.1193', 'grad_norm': '0.3336', 'learning_rate': '0.0001925', 'epoch': '3.4'}
{'loss': '0.1169', 'grad_norm': '0.3116', 'learning_rate': '0.0001842', 'epoch': '3.6'}
{'loss': '0.1449', 'grad_norm': '0.3326', 'learning_rate': '0.0001758', 'epoch': '3.8'}
{'loss': '0.1488', 'grad_norm': '0.3695', 'learning_rate': '0.0001675', 'epoch': '4'}
{'eval_loss': '0.4275', 'eval_forgiven_wer': '0.1821', 'eval_wer': '0.2699', 'eval_runaway': 0, 'eval_runtime': '63.14', 'eval_samples_per_second': '1.869', 'eval_steps_per_second': '0.127', 'epoch': '4'}
{'loss': '0.1066', 'grad_norm': '0.3358', 'learning_rate': '0.0001592', 'epoch': '4.2'}
{'loss': '0.08184', 'grad_norm': '0.4023', 'learning_rate': '0.0001508', 'epoch': '4.4'}
{'loss': '0.08862', 'grad_norm': '0.3502', 'learning_rate': '0.0001425', 'epoch': '4.6'}
{'loss': '0.09967', 'grad_norm': '0.5515', 'learning_rate': '0.0001342', 'epoch': '4.8'}
{'loss': '0.1015', 'grad_norm': '0.6781', 'learning_rate': '0.0001258', 'epoch': '5'}
{'eval_loss': '0.4804', 'eval_forgiven_wer': '0.1884', 'eval_wer': '0.2712', 'eval_runaway': 0, 'eval_runtime': '63.14', 'eval_samples_per_second': '1.869', 'eval_steps_per_second': '0.127', 'epoch': '5'}
{'loss': '0.09106', 'grad_norm': '0.3776', 'learning_rate': '0.0001175', 'epoch': '5.2'}
{'loss': '0.05967', 'grad_norm': '0.2765', 'learning_rate': '0.0001092', 'epoch': '5.4'}
{'loss': '0.05933', 'grad_norm': '0.3612', 'learning_rate': '0.0001008', 'epoch': '5.6'}
{'loss': '0.06661', 'grad_norm': '0.3927', 'learning_rate': '9.25e-05', 'epoch': '5.8'}
{'loss': '0.05982', 'grad_norm': '0.3332', 'learning_rate': '8.417e-05', 'epoch': '6'}
{'eval_loss': '0.5204', 'eval_forgiven_wer': '0.1884', 'eval_wer': '0.2747', 'eval_runaway': 0, 'eval_runtime': '63.88', 'eval_samples_per_second': '1.847', 'eval_steps_per_second': '0.125', 'epoch': '6'}
{'loss': '0.03897', 'grad_norm': '0.3073', 'learning_rate': '7.583e-05', 'epoch': '6.2'}
{'loss': '0.0423', 'grad_norm': '0.3417', 'learning_rate': '6.75e-05', 'epoch': '6.4'}
{'loss': '0.04559', 'grad_norm': '0.3156', 'learning_rate': '5.917e-05', 'epoch': '6.6'}
{'loss': '0.04846', 'grad_norm': '0.2414', 'learning_rate': '5.083e-05', 'epoch': '6.8'}
{'loss': '0.04983', 'grad_norm': '0.541', 'learning_rate': '4.25e-05', 'epoch': '7'}
{'eval_loss': '0.5671', 'eval_forgiven_wer': '0.1974', 'eval_wer': '0.2835', 'eval_runaway': 0, 'eval_runtime': '64.09', 'eval_samples_per_second': '1.841', 'eval_steps_per_second': '0.125', 'epoch': '7'}
{'loss': '0.03406', 'grad_norm': '0.3491', 'learning_rate': '3.417e-05', 'epoch': '7.2'}
{'loss': '0.0366', 'grad_norm': '0.2334', 'learning_rate': '2.583e-05', 'epoch': '7.4'}
{'loss': '0.03216', 'grad_norm': '0.3266', 'learning_rate': '1.75e-05', 'epoch': '7.6'}
{'loss': '0.03221', 'grad_norm': '0.1893', 'learning_rate': '9.167e-06', 'epoch': '7.8'}
{'loss': '0.02877', 'grad_norm': '0.1841', 'learning_rate': '8.333e-07', 'epoch': '8'}
{'eval_loss': '0.5907', 'eval_forgiven_wer': '0.1972', 'eval_wer': '0.2842', 'eval_runaway': 0, 'eval_runtime': '63.06', 'eval_samples_per_second': '1.871', 'eval_steps_per_second': '0.127', 'epoch': '8'}
{'train_runtime': '765.3', 'train_samples_per_second': '4.15', 'train_steps_per_second': '0.523', 'train_loss': '0.1541', 'epoch': '8'}
s30843_armB_both_lora_b80_r8_lr0.0003_seed0_selF: WER 0.3231 -> 0.2652 (+17.9%, p 0.000); forgiven 0.2102 -> 0.1839 (+12.5%, p 0.000) in 13.5 min train 775s base 0s other_arm 0s load_tuned 6s transcribe_tuned 28s score 0s
s30859_armB_both_lora_b80_r8_lr0.0003_seed0_selF: 343 train chunks (79.8 min), 75 dev, select on forgiven
trainable params: 3,932,160 || all params: 1,547,422,720 || trainable%: 0.2541
precision: bf16, base weights torch.bfloat16, grad checkpointing False, lr 0.0003, method lora
{'loss': '0.3275', 'grad_norm': '0.07419', 'learning_rate': '7.714e-05', 'epoch': '0.2326'}
{'loss': '0.3589', 'grad_norm': '0.1304', 'learning_rate': '0.0001629', 'epoch': '0.4651'}
{'loss': '0.3231', 'grad_norm': '0.2708', 'learning_rate': '0.0002486', 'epoch': '0.6977'}
{'loss': '0.2285', 'grad_norm': '0.1926', 'learning_rate': '0.0002961', 'epoch': '0.9302'}
{'eval_loss': '0.1997', 'eval_forgiven_wer': '0.1463', 'eval_wer': '0.188', 'eval_runaway': 1, 'eval_runtime': '47.46', 'eval_samples_per_second': '1.58', 'eval_steps_per_second': '0.105', 'epoch': '1'}
{'loss': '0.1933', 'grad_norm': '0.156', 'learning_rate': '0.0002864', 'epoch': '1.163'}
{'loss': '0.1615', 'grad_norm': '0.1219', 'learning_rate': '0.0002767', 'epoch': '1.395'}
{'loss': '0.1428', 'grad_norm': '0.2301', 'learning_rate': '0.000267', 'epoch': '1.628'}
{'loss': '0.1885', 'grad_norm': '0.3865', 'learning_rate': '0.0002573', 'epoch': '1.86'}
{'eval_loss': '0.1782', 'eval_forgiven_wer': '0.06298', 'eval_wer': '0.1042', 'eval_runaway': 0, 'eval_runtime': '35.27', 'eval_samples_per_second': '2.127', 'eval_steps_per_second': '0.142', 'epoch': '2'}
{'loss': '0.1273', 'grad_norm': '0.2002', 'learning_rate': '0.0002476', 'epoch': '2.093'}
{'loss': '0.1136', 'grad_norm': '0.1389', 'learning_rate': '0.0002379', 'epoch': '2.326'}
{'loss': '0.09718', 'grad_norm': '0.2277', 'learning_rate': '0.0002282', 'epoch': '2.558'}
{'loss': '0.1219', 'grad_norm': '0.2466', 'learning_rate': '0.0002184', 'epoch': '2.791'}
{'eval_loss': '0.1917', 'eval_forgiven_wer': '0.06686', 'eval_wer': '0.1056', 'eval_runaway': 0, 'eval_runtime': '33.22', 'eval_samples_per_second': '2.258', 'eval_steps_per_second': '0.151', 'epoch': '3'}
{'loss': '0.08531', 'grad_norm': '0.1198', 'learning_rate': '0.0002087', 'epoch': '3.023'}
{'loss': '0.07001', 'grad_norm': '0.168', 'learning_rate': '0.000199', 'epoch': '3.256'}
{'loss': '0.06138', 'grad_norm': '0.1527', 'learning_rate': '0.0001893', 'epoch': '3.488'}
{'loss': '0.07965', 'grad_norm': '0.2553', 'learning_rate': '0.0001796', 'epoch': '3.721'}
{'loss': '0.08604', 'grad_norm': '0.3185', 'learning_rate': '0.0001699', 'epoch': '3.953'}
{'eval_loss': '0.2071', 'eval_forgiven_wer': '0.07316', 'eval_wer': '0.1114', 'eval_runaway': 0, 'eval_runtime': '33.17', 'eval_samples_per_second': '2.261', 'eval_steps_per_second': '0.151', 'epoch': '4'}
{'loss': '0.0529', 'grad_norm': '0.2139', 'learning_rate': '0.0001602', 'epoch': '4.186'}
{'loss': '0.06246', 'grad_norm': '0.4041', 'learning_rate': '0.0001505', 'epoch': '4.419'}
{'loss': '0.04178', 'grad_norm': '0.2566', 'learning_rate': '0.0001408', 'epoch': '4.651'}
{'loss': '0.05891', 'grad_norm': '0.4061', 'learning_rate': '0.0001311', 'epoch': '4.884'}
{'eval_loss': '0.2283', 'eval_forgiven_wer': '0.078', 'eval_wer': '0.1168', 'eval_runaway': 0, 'eval_runtime': '33.6', 'eval_samples_per_second': '2.232', 'eval_steps_per_second': '0.149', 'epoch': '5'}
{'loss': '0.03601', 'grad_norm': '0.1214', 'learning_rate': '0.0001214', 'epoch': '5.116'}
{'loss': '0.03356', 'grad_norm': '0.1558', 'learning_rate': '0.0001117', 'epoch': '5.349'}
{'loss': '0.03036', 'grad_norm': '0.2936', 'learning_rate': '0.0001019', 'epoch': '5.581'}
{'loss': '0.03215', 'grad_norm': '0.1877', 'learning_rate': '9.223e-05', 'epoch': '5.814'}
{'eval_loss': '0.2427', 'eval_forgiven_wer': '0.07994', 'eval_wer': '0.1177', 'eval_runaway': 0, 'eval_runtime': '33.87', 'eval_samples_per_second': '2.214', 'eval_steps_per_second': '0.148', 'epoch': '6'}
{'loss': '0.0393', 'grad_norm': '0.1779', 'learning_rate': '8.252e-05', 'epoch': '6.047'}
{'loss': '0.02607', 'grad_norm': '0.2911', 'learning_rate': '7.282e-05', 'epoch': '6.279'}
{'loss': '0.0194', 'grad_norm': '0.2441', 'learning_rate': '6.311e-05', 'epoch': '6.512'}
{'loss': '0.02175', 'grad_norm': '0.2629', 'learning_rate': '5.34e-05', 'epoch': '6.744'}
{'loss': '0.02052', 'grad_norm': '0.1824', 'learning_rate': '4.369e-05', 'epoch': '6.977'}
{'eval_loss': '0.2763', 'eval_forgiven_wer': '0.08624', 'eval_wer': '0.124', 'eval_runaway': 0, 'eval_runtime': '33.4', 'eval_samples_per_second': '2.246', 'eval_steps_per_second': '0.15', 'epoch': '7'}
{'loss': '0.02709', 'grad_norm': '0.2676', 'learning_rate': '3.398e-05', 'epoch': '7.209'}
{'loss': '0.01686', 'grad_norm': '0.2455', 'learning_rate': '2.427e-05', 'epoch': '7.442'}
{'loss': '0.0126', 'grad_norm': '0.1979', 'learning_rate': '1.456e-05', 'epoch': '7.674'}
{'loss': '0.01581', 'grad_norm': '0.1511', 'learning_rate': '4.854e-06', 'epoch': '7.907'}
{'eval_loss': '0.288', 'eval_forgiven_wer': '0.08624', 'eval_wer': '0.1235', 'eval_runaway': 0, 'eval_runtime': '33.64', 'eval_samples_per_second': '2.229', 'eval_steps_per_second': '0.149', 'epoch': '8'}
{'train_runtime': '490.5', 'train_samples_per_second': '5.594', 'train_steps_per_second': '0.701', 'train_loss': '0.09646', 'epoch': '8'}
s30859_armB_both_lora_b80_r8_lr0.0003_seed0_selF: WER 0.2538 -> 0.2368 (+6.7%, p 0.301); forgiven 0.1735 -> 0.1764 (-1.7%, p 0.924) in 9.3 min train 499s base 0s other_arm 0s load_tuned 6s transcribe_tuned 50s score 0s
s30868_armB_both_lora_b80_r8_lr0.0003_seed0_selF: 391 train chunks (80.0 min), 87 dev, select on forgiven
trainable params: 3,932,160 || all params: 1,547,422,720 || trainable%: 0.2541
precision: bf16, base weights torch.bfloat16, grad checkpointing False, lr 0.0003, method lora
{'loss': '0.4653', 'grad_norm': '0.1324', 'learning_rate': '6.75e-05', 'epoch': '0.2041'}
{'loss': '0.515', 'grad_norm': '0.155', 'learning_rate': '0.0001425', 'epoch': '0.4082'}
{'loss': '0.3977', 'grad_norm': '0.1454', 'learning_rate': '0.0002175', 'epoch': '0.6122'}
{'loss': '0.4038', 'grad_norm': '0.2253', 'learning_rate': '0.0002925', 'epoch': '0.8163'}
{'eval_loss': '0.2347', 'eval_forgiven_wer': '0.1102', 'eval_wer': '0.1684', 'eval_runaway': 0, 'eval_runtime': '44.7', 'eval_samples_per_second': '1.946', 'eval_steps_per_second': '0.134', 'epoch': '1'}
{'loss': '0.3237', 'grad_norm': '0.2355', 'learning_rate': '0.0002923', 'epoch': '1.02'}
{'loss': '0.2732', 'grad_norm': '0.1884', 'learning_rate': '0.0002838', 'epoch': '1.224'}
{'loss': '0.269', 'grad_norm': '0.4804', 'learning_rate': '0.0002753', 'epoch': '1.429'}
{'loss': '0.2515', 'grad_norm': '0.2585', 'learning_rate': '0.0002668', 'epoch': '1.633'}
{'loss': '0.2773', 'grad_norm': '0.3559', 'learning_rate': '0.0002582', 'epoch': '1.837'}
{'eval_loss': '0.2135', 'eval_forgiven_wer': '0.1111', 'eval_wer': '0.1602', 'eval_runaway': 0, 'eval_runtime': '43.74', 'eval_samples_per_second': '1.989', 'eval_steps_per_second': '0.137', 'epoch': '2'}
{'loss': '0.237', 'grad_norm': '0.3177', 'learning_rate': '0.0002497', 'epoch': '2.041'}
{'loss': '0.2007', 'grad_norm': '0.224', 'learning_rate': '0.0002412', 'epoch': '2.245'}
{'loss': '0.1804', 'grad_norm': '0.2847', 'learning_rate': '0.0002327', 'epoch': '2.449'}
{'loss': '0.2371', 'grad_norm': '0.3148', 'learning_rate': '0.0002241', 'epoch': '2.653'}
{'loss': '0.187', 'grad_norm': '0.3986', 'learning_rate': '0.0002156', 'epoch': '2.857'}
{'eval_loss': '0.2258', 'eval_forgiven_wer': '0.1163', 'eval_wer': '0.1589', 'eval_runaway': 0, 'eval_runtime': '41.74', 'eval_samples_per_second': '2.084', 'eval_steps_per_second': '0.144', 'epoch': '3'}
{'loss': '0.1874', 'grad_norm': '0.3911', 'learning_rate': '0.0002071', 'epoch': '3.061'}
{'loss': '0.1401', 'grad_norm': '0.203', 'learning_rate': '0.0001986', 'epoch': '3.265'}
{'loss': '0.1523', 'grad_norm': '0.3006', 'learning_rate': '0.0001901', 'epoch': '3.469'}
{'loss': '0.1574', 'grad_norm': '0.4545', 'learning_rate': '0.0001815', 'epoch': '3.673'}
{'loss': '0.1521', 'grad_norm': '0.3082', 'learning_rate': '0.000173', 'epoch': '3.878'}
{'eval_loss': '0.2477', 'eval_forgiven_wer': '0.1415', 'eval_wer': '0.1814', 'eval_runaway': 0, 'eval_runtime': '40.98', 'eval_samples_per_second': '2.123', 'eval_steps_per_second': '0.146', 'epoch': '4'}
{'loss': '0.1489', 'grad_norm': '0.2006', 'learning_rate': '0.0001645', 'epoch': '4.082'}
{'loss': '0.1132', 'grad_norm': '0.3994', 'learning_rate': '0.000156', 'epoch': '4.286'}
{'loss': '0.1337', 'grad_norm': '0.4937', 'learning_rate': '0.0001474', 'epoch': '4.49'}
{'loss': '0.11', 'grad_norm': '0.4123', 'learning_rate': '0.0001389', 'epoch': '4.694'}
{'loss': '0.09413', 'grad_norm': '0.4761', 'learning_rate': '0.0001304', 'epoch': '4.898'}
{'eval_loss': '0.2706', 'eval_forgiven_wer': '0.1649', 'eval_wer': '0.2001', 'eval_runaway': 0, 'eval_runtime': '40.99', 'eval_samples_per_second': '2.123', 'eval_steps_per_second': '0.146', 'epoch': '5'}
{'loss': '0.08678', 'grad_norm': '0.4649', 'learning_rate': '0.0001219', 'epoch': '5.102'}
{'loss': '0.08291', 'grad_norm': '0.2911', 'learning_rate': '0.0001134', 'epoch': '5.306'}
{'loss': '0.08098', 'grad_norm': '0.572', 'learning_rate': '0.0001048', 'epoch': '5.51'}
{'loss': '0.09287', 'grad_norm': '0.2922', 'learning_rate': '9.631e-05', 'epoch': '5.714'}
{'loss': '0.08099', 'grad_norm': '0.4105', 'learning_rate': '8.778e-05', 'epoch': '5.918'}
{'eval_loss': '0.2911', 'eval_forgiven_wer': '0.1597', 'eval_wer': '0.1975', 'eval_runaway': 0, 'eval_runtime': '42.13', 'eval_samples_per_second': '2.065', 'eval_steps_per_second': '0.142', 'epoch': '6'}
{'loss': '0.05743', 'grad_norm': '0.2663', 'learning_rate': '7.926e-05', 'epoch': '6.122'}
{'loss': '0.05399', 'grad_norm': '0.4289', 'learning_rate': '7.074e-05', 'epoch': '6.327'}
{'loss': '0.04984', 'grad_norm': '0.4595', 'learning_rate': '6.222e-05', 'epoch': '6.531'}
{'loss': '0.06629', 'grad_norm': '0.3349', 'learning_rate': '5.369e-05', 'epoch': '6.735'}
{'loss': '0.06162', 'grad_norm': '0.3335', 'learning_rate': '4.517e-05', 'epoch': '6.939'}
{'eval_loss': '0.3183', 'eval_forgiven_wer': '0.1727', 'eval_wer': '0.2088', 'eval_runaway': 0, 'eval_runtime': '42.66', 'eval_samples_per_second': '2.039', 'eval_steps_per_second': '0.141', 'epoch': '7'}
{'loss': '0.04956', 'grad_norm': '0.3205', 'learning_rate': '3.665e-05', 'epoch': '7.143'}
{'loss': '0.04218', 'grad_norm': '0.3247', 'learning_rate': '2.812e-05', 'epoch': '7.347'}
{'loss': '0.04529', 'grad_norm': '0.3313', 'learning_rate': '1.96e-05', 'epoch': '7.551'}
{'loss': '0.04584', 'grad_norm': '0.3497', 'learning_rate': '1.108e-05', 'epoch': '7.755'}
{'loss': '0.04502', 'grad_norm': '0.3286', 'learning_rate': '2.557e-06', 'epoch': '7.959'}
{'eval_loss': '0.3435', 'eval_forgiven_wer': '0.1905', 'eval_wer': '0.224', 'eval_runaway': 0, 'eval_runtime': '41.55', 'eval_samples_per_second': '2.094', 'eval_steps_per_second': '0.144', 'epoch': '8'}
{'train_runtime': '577.2', 'train_samples_per_second': '5.419', 'train_steps_per_second': '0.679', 'train_loss': '0.1672', 'epoch': '8'}
s30868_armB_both_lora_b80_r8_lr0.0003_seed0_selF: WER 0.2211 -> 0.1878 (+15.1%, p 0.172); forgiven 0.1693 -> 0.1544 (+8.8%, p 0.737) in 10.3 min train 586s base 0s other_arm 0s load_tuned 6s transcribe_tuned 28s score 0s
sctrl0of2_armB_both_lora_b80_r8_lr0.0003_seed0_selF: pool of 5 speakers, 382 chunks (79.9 min), dev 42; evaluates [23558, 30685, 30752, 30777, 30831, 30859]
sctrl0of2_armB_both_lora_b80_r8_lr0.0003_seed0_selF: 382 train chunks (79.9 min), 42 dev, select on forgiven
trainable params: 3,932,160 || all params: 1,547,422,720 || trainable%: 0.2541
precision: bf16, base weights torch.bfloat16, grad checkpointing False, lr 0.0003, method lora
{'loss': '0.4957', 'grad_norm': '0.1021', 'learning_rate': '6.923e-05', 'epoch': '0.2083'}
{'loss': '0.5564', 'grad_norm': '0.147', 'learning_rate': '0.0001462', 'epoch': '0.4167'}
{'loss': '0.5048', 'grad_norm': '0.2388', 'learning_rate': '0.0002231', 'epoch': '0.625'}
{'loss': '0.4456', 'grad_norm': '0.2227', 'learning_rate': '0.0003', 'epoch': '0.8333'}
{'eval_loss': '0.2514', 'eval_forgiven_wer': '0.1797', 'eval_wer': '0.1856', 'eval_runaway': 0, 'eval_runtime': '28', 'eval_samples_per_second': '1.5', 'eval_steps_per_second': '0.107', 'epoch': '1'}
{'loss': '0.4227', 'grad_norm': '0.3296', 'learning_rate': '0.0002913', 'epoch': '1.042'}
{'loss': '0.3279', 'grad_norm': '0.1738', 'learning_rate': '0.0002826', 'epoch': '1.25'}
{'loss': '0.2986', 'grad_norm': '0.2537', 'learning_rate': '0.0002739', 'epoch': '1.458'}
{'loss': '0.318', 'grad_norm': '0.2987', 'learning_rate': '0.0002652', 'epoch': '1.667'}
{'loss': '0.3266', 'grad_norm': '0.2531', 'learning_rate': '0.0002565', 'epoch': '1.875'}
{'eval_loss': '0.2246', 'eval_forgiven_wer': '0.153', 'eval_wer': '0.1619', 'eval_runaway': 0, 'eval_runtime': '26.15', 'eval_samples_per_second': '1.606', 'eval_steps_per_second': '0.115', 'epoch': '2'}
{'loss': '0.3435', 'grad_norm': '0.2054', 'learning_rate': '0.0002478', 'epoch': '2.083'}
{'loss': '0.2382', 'grad_norm': '0.2757', 'learning_rate': '0.0002391', 'epoch': '2.292'}
{'loss': '0.2671', 'grad_norm': '0.3584', 'learning_rate': '0.0002304', 'epoch': '2.5'}
{'loss': '0.24', 'grad_norm': '0.3438', 'learning_rate': '0.0002217', 'epoch': '2.708'}
{'loss': '0.2687', 'grad_norm': '0.4364', 'learning_rate': '0.000213', 'epoch': '2.917'}
{'eval_loss': '0.236', 'eval_forgiven_wer': '0.1667', 'eval_wer': '0.1744', 'eval_runaway': 0, 'eval_runtime': '26.15', 'eval_samples_per_second': '1.606', 'eval_steps_per_second': '0.115', 'epoch': '3'}
{'loss': '0.2385', 'grad_norm': '0.281', 'learning_rate': '0.0002043', 'epoch': '3.125'}
{'loss': '0.1769', 'grad_norm': '0.4266', 'learning_rate': '0.0001957', 'epoch': '3.333'}
{'loss': '0.208', 'grad_norm': '0.5023', 'learning_rate': '0.000187', 'epoch': '3.542'}
{'loss': '0.1978', 'grad_norm': '0.3576', 'learning_rate': '0.0001783', 'epoch': '3.75'}
{'loss': '0.2044', 'grad_norm': '0.4856', 'learning_rate': '0.0001696', 'epoch': '3.958'}
{'eval_loss': '0.2447', 'eval_forgiven_wer': '0.1702', 'eval_wer': '0.1785', 'eval_runaway': 0, 'eval_runtime': '25.68', 'eval_samples_per_second': '1.635', 'eval_steps_per_second': '0.117', 'epoch': '4'}
{'loss': '0.1653', 'grad_norm': '0.3508', 'learning_rate': '0.0001609', 'epoch': '4.167'}
{'loss': '0.1545', 'grad_norm': '0.4948', 'learning_rate': '0.0001522', 'epoch': '4.375'}
{'loss': '0.1424', 'grad_norm': '0.423', 'learning_rate': '0.0001435', 'epoch': '4.583'}
{'loss': '0.1409', 'grad_norm': '0.5338', 'learning_rate': '0.0001348', 'epoch': '4.792'}
{'loss': '0.1693', 'grad_norm': '0.47', 'learning_rate': '0.0001261', 'epoch': '5'}
{'eval_loss': '0.2618', 'eval_forgiven_wer': '0.1833', 'eval_wer': '0.1892', 'eval_runaway': 0, 'eval_runtime': '32.2', 'eval_samples_per_second': '1.304', 'eval_steps_per_second': '0.093', 'epoch': '5'}
{'loss': '0.1153', 'grad_norm': '0.2932', 'learning_rate': '0.0001174', 'epoch': '5.208'}
{'loss': '0.1078', 'grad_norm': '0.4477', 'learning_rate': '0.0001087', 'epoch': '5.417'}
{'loss': '0.118', 'grad_norm': '0.3567', 'learning_rate': '0.0001', 'epoch': '5.625'}
{'loss': '0.1177', 'grad_norm': '0.574', 'learning_rate': '9.13e-05', 'epoch': '5.833'}
{'eval_loss': '0.2906', 'eval_forgiven_wer': '0.2189', 'eval_wer': '0.2272', 'eval_runaway': 0, 'eval_runtime': '35.42', 'eval_samples_per_second': '1.186', 'eval_steps_per_second': '0.085', 'epoch': '6'}
{'loss': '0.1145', 'grad_norm': '0.3939', 'learning_rate': '8.261e-05', 'epoch': '6.042'}
{'loss': '0.0885', 'grad_norm': '0.4296', 'learning_rate': '7.391e-05', 'epoch': '6.25'}
{'loss': '0.08842', 'grad_norm': '0.6342', 'learning_rate': '6.522e-05', 'epoch': '6.458'}
{'loss': '0.09376', 'grad_norm': '0.4927', 'learning_rate': '5.652e-05', 'epoch': '6.667'}
{'loss': '0.09506', 'grad_norm': '0.3222', 'learning_rate': '4.783e-05', 'epoch': '6.875'}
{'eval_loss': '0.3067', 'eval_forgiven_wer': '0.2242', 'eval_wer': '0.2325', 'eval_runaway': 0, 'eval_runtime': '37.25', 'eval_samples_per_second': '1.127', 'eval_steps_per_second': '0.081', 'epoch': '7'}
{'loss': '0.08531', 'grad_norm': '0.5734', 'learning_rate': '3.913e-05', 'epoch': '7.083'}
{'loss': '0.07884', 'grad_norm': '0.3598', 'learning_rate': '3.043e-05', 'epoch': '7.292'}
{'loss': '0.08213', 'grad_norm': '0.4037', 'learning_rate': '2.174e-05', 'epoch': '7.5'}
{'loss': '0.06649', 'grad_norm': '0.5204', 'learning_rate': '1.304e-05', 'epoch': '7.708'}
{'loss': '0.06981', 'grad_norm': '0.3836', 'learning_rate': '4.348e-06', 'epoch': '7.917'}
{'eval_loss': '0.321', 'eval_forgiven_wer': '0.1963', 'eval_wer': '0.2046', 'eval_runaway': 0, 'eval_runtime': '27.19', 'eval_samples_per_second': '1.545', 'eval_steps_per_second': '0.11', 'epoch': '8'}
{'train_runtime': '468.5', 'train_samples_per_second': '6.522', 'train_steps_per_second': '0.82', 'train_loss': '0.2135', 'epoch': '8'}
sctrl0of2_armB_both_lora_b80_r8_lr0.0003_seed0_selF on 23558: WER 0.4420 -> 0.3222 (+27.1%, p 0.000); forgiven 0.2947 -> 0.2303 (+21.9%) in 36s
sctrl0of2_armB_both_lora_b80_r8_lr0.0003_seed0_selF on 30685: WER 0.2330 -> 0.2113 (+9.3%, p 0.000); forgiven 0.1094 -> 0.1161 (-6.1%) in 27s
sctrl0of2_armB_both_lora_b80_r8_lr0.0003_seed0_selF on 30752: WER 0.1956 -> 0.1706 (+12.8%, p 0.000); forgiven 0.1353 -> 0.1267 (+6.4%) in 17s
sctrl0of2_armB_both_lora_b80_r8_lr0.0003_seed0_selF on 30777: WER 0.2237 -> 0.1736 (+22.4%, p 0.000); forgiven 0.1535 -> 0.1246 (+18.9%) in 35s
sctrl0of2_armB_both_lora_b80_r8_lr0.0003_seed0_selF on 30831: WER 0.2736 -> 0.2357 (+13.8%, p 0.000); forgiven 0.1452 -> 0.1473 (-1.4%) in 27s
sctrl0of2_armB_both_lora_b80_r8_lr0.0003_seed0_selF on 30859: WER 0.2538 -> 0.2247 (+11.5%, p 0.000); forgiven 0.1735 -> 0.1653 (+4.7%) in 33s
sctrl1of2_armB_both_lora_b80_r8_lr0.0003_seed0_selF: pool of 6 speakers, 363 chunks (79.8 min), dev 82; evaluates [30701, 30718, 30813, 30843, 30868]
sctrl1of2_armB_both_lora_b80_r8_lr0.0003_seed0_selF: 363 train chunks (79.8 min), 82 dev, select on forgiven
trainable params: 3,932,160 || all params: 1,547,422,720 || trainable%: 0.2541
precision: bf16, base weights torch.bfloat16, grad checkpointing False, lr 0.0003, method lora
{'loss': '0.5179', 'grad_norm': '0.1689', 'learning_rate': '7.297e-05', 'epoch': '0.2174'}
{'loss': '0.505', 'grad_norm': '0.1251', 'learning_rate': '0.0001541', 'epoch': '0.4348'}
{'loss': '0.4138', 'grad_norm': '0.1354', 'learning_rate': '0.0002351', 'epoch': '0.6522'}
{'loss': '0.4411', 'grad_norm': '0.241', 'learning_rate': '0.0002982', 'epoch': '0.8696'}
{'eval_loss': '0.3279', 'eval_forgiven_wer': '0.1841', 'eval_wer': '0.189', 'eval_runaway': 0, 'eval_runtime': '34.96', 'eval_samples_per_second': '2.345', 'eval_steps_per_second': '0.172', 'epoch': '1'}
{'loss': '0.3802', 'grad_norm': '0.2067', 'learning_rate': '0.0002891', 'epoch': '1.087'}
{'loss': '0.2815', 'grad_norm': '0.1547', 'learning_rate': '0.0002801', 'epoch': '1.304'}
{'loss': '0.2844', 'grad_norm': '0.2068', 'learning_rate': '0.000271', 'epoch': '1.522'}
{'loss': '0.2643', 'grad_norm': '0.1502', 'learning_rate': '0.0002619', 'epoch': '1.739'}
{'loss': '0.3246', 'grad_norm': '0.2662', 'learning_rate': '0.0002529', 'epoch': '1.957'}
{'eval_loss': '0.2831', 'eval_forgiven_wer': '0.1581', 'eval_wer': '0.1635', 'eval_runaway': 0, 'eval_runtime': '33.01', 'eval_samples_per_second': '2.484', 'eval_steps_per_second': '0.182', 'epoch': '2'}
{'loss': '0.2315', 'grad_norm': '0.2725', 'learning_rate': '0.0002438', 'epoch': '2.174'}
{'loss': '0.2294', 'grad_norm': '0.242', 'learning_rate': '0.0002347', 'epoch': '2.391'}
{'loss': '0.2033', 'grad_norm': '0.364', 'learning_rate': '0.0002257', 'epoch': '2.609'}
{'loss': '0.2003', 'grad_norm': '0.2777', 'learning_rate': '0.0002166', 'epoch': '2.826'}
{'eval_loss': '0.2898', 'eval_forgiven_wer': '0.1708', 'eval_wer': '0.1744', 'eval_runaway': 0, 'eval_runtime': '43.26', 'eval_samples_per_second': '1.895', 'eval_steps_per_second': '0.139', 'epoch': '3'}
{'loss': '0.2499', 'grad_norm': '0.2429', 'learning_rate': '0.0002076', 'epoch': '3.043'}
{'loss': '0.2023', 'grad_norm': '0.3512', 'learning_rate': '0.0001985', 'epoch': '3.261'}
{'loss': '0.1705', 'grad_norm': '0.3897', 'learning_rate': '0.0001894', 'epoch': '3.478'}
{'loss': '0.1483', 'grad_norm': '0.266', 'learning_rate': '0.0001804', 'epoch': '3.696'}
{'loss': '0.1604', 'grad_norm': '0.3562', 'learning_rate': '0.0001713', 'epoch': '3.913'}
{'eval_loss': '0.3127', 'eval_forgiven_wer': '0.1841', 'eval_wer': '0.189', 'eval_runaway': 0, 'eval_runtime': '33.41', 'eval_samples_per_second': '2.455', 'eval_steps_per_second': '0.18', 'epoch': '4'}
{'loss': '0.1656', 'grad_norm': '0.3877', 'learning_rate': '0.0001622', 'epoch': '4.13'}
{'loss': '0.111', 'grad_norm': '0.7011', 'learning_rate': '0.0001532', 'epoch': '4.348'}
{'loss': '0.1455', 'grad_norm': '0.5878', 'learning_rate': '0.0001441', 'epoch': '4.565'}
{'loss': '0.1225', 'grad_norm': '0.4693', 'learning_rate': '0.000135', 'epoch': '4.783'}
{'loss': '0.1191', 'grad_norm': '0.341', 'learning_rate': '0.000126', 'epoch': '5'}
{'eval_loss': '0.3332', 'eval_forgiven_wer': '0.192', 'eval_wer': '0.1975', 'eval_runaway': 0, 'eval_runtime': '32.79', 'eval_samples_per_second': '2.501', 'eval_steps_per_second': '0.183', 'epoch': '5'}
{'loss': '0.09223', 'grad_norm': '0.3456', 'learning_rate': '0.0001169', 'epoch': '5.217'}
{'loss': '0.1028', 'grad_norm': '0.5317', 'learning_rate': '0.0001079', 'epoch': '5.435'}
{'loss': '0.08443', 'grad_norm': '0.4443', 'learning_rate': '9.879e-05', 'epoch': '5.652'}
{'loss': '0.08994', 'grad_norm': '0.3504', 'learning_rate': '8.973e-05', 'epoch': '5.87'}
{'eval_loss': '0.3665', 'eval_forgiven_wer': '0.1908', 'eval_wer': '0.1956', 'eval_runaway': 0, 'eval_runtime': '44.18', 'eval_samples_per_second': '1.856', 'eval_steps_per_second': '0.136', 'epoch': '6'}
{'loss': '0.08281', 'grad_norm': '0.2594', 'learning_rate': '8.066e-05', 'epoch': '6.087'}
{'loss': '0.07187', 'grad_norm': '0.2724', 'learning_rate': '7.16e-05', 'epoch': '6.304'}
{'loss': '0.07148', 'grad_norm': '0.296', 'learning_rate': '6.254e-05', 'epoch': '6.522'}
{'loss': '0.06231', 'grad_norm': '0.5086', 'learning_rate': '5.347e-05', 'epoch': '6.739'}
{'loss': '0.063', 'grad_norm': '0.4129', 'learning_rate': '4.441e-05', 'epoch': '6.957'}
{'eval_loss': '0.3869', 'eval_forgiven_wer': '0.1932', 'eval_wer': '0.1969', 'eval_runaway': 0, 'eval_runtime': '35.2', 'eval_samples_per_second': '2.33', 'eval_steps_per_second': '0.17', 'epoch': '7'}
{'loss': '0.0725', 'grad_norm': '0.4283', 'learning_rate': '3.535e-05', 'epoch': '7.174'}
{'loss': '0.05584', 'grad_norm': '0.2997', 'learning_rate': '2.628e-05', 'epoch': '7.391'}
{'loss': '0.05274', 'grad_norm': '0.3077', 'learning_rate': '1.722e-05', 'epoch': '7.609'}
{'loss': '0.04485', 'grad_norm': '0.5313', 'learning_rate': '8.157e-06', 'epoch': '7.826'}
{'eval_loss': '0.4033', 'eval_forgiven_wer': '0.2829', 'eval_wer': '0.2871', 'eval_runaway': 1, 'eval_runtime': '45.61', 'eval_samples_per_second': '1.798', 'eval_steps_per_second': '0.132', 'epoch': '8'}
{'train_runtime': '524.8', 'train_samples_per_second': '5.534', 'train_steps_per_second': '0.701', 'train_loss': '0.1864', 'epoch': '8'}
sctrl1of2_armB_both_lora_b80_r8_lr0.0003_seed0_selF on 30701: WER 0.4059 -> 0.2876 (+29.1%, p 0.000); forgiven 0.2669 -> 0.2176 (+18.5%) in 50s
sctrl1of2_armB_both_lora_b80_r8_lr0.0003_seed0_selF on 30718: WER 0.1995 -> 0.1677 (+15.9%, p 0.227); forgiven 0.1404 -> 0.1338 (+4.7%) in 47s
sctrl1of2_armB_both_lora_b80_r8_lr0.0003_seed0_selF on 30813: WER 0.1607 -> 0.1745 (-8.6%, p 0.486); forgiven 0.1194 -> 0.1567 (-31.2%) in 35s
sctrl1of2_armB_both_lora_b80_r8_lr0.0003_seed0_selF on 30843: WER 0.3231 -> 0.2852 (+11.7%, p 0.000); forgiven 0.2102 -> 0.2179 (-3.7%) in 34s
sctrl1of2_armB_both_lora_b80_r8_lr0.0003_seed0_selF on 30868: WER 0.2211 -> 0.2086 (+5.7%, p 0.688); forgiven 0.1693 -> 0.1802 (-6.4%) in 42s
198 rows (66 control evaluations) -> /workspace/deep-learning-project/src/training/outputs/results.csv
 speaker    site     lr  targets   select  budget  seed  control  n_test  train_steps  wer_base  wer_tuned  delta_rel   ci_lo  ci_hi  p_boot  wer_base_f  wer_tuned_f  delta_rel_f  p_boot_f  improvement_from_insertions  style_not_speaker  control_delta_rel  personalization_rel
     NaN     NaN    NaN protocol     loss     NaN   NaN    False     NaN          NaN       NaN        NaN        NaN     NaN    NaN     NaN         NaN          NaN          NaN       NaN                          NaN              False                NaN                  NaN
     NaN     NaN    NaN protocol     loss     NaN   NaN    False     NaN          NaN       NaN        NaN        NaN     NaN    NaN     NaN         NaN          NaN          NaN       NaN                          NaN              False                NaN                  NaN
     NaN     NaN    NaN protocol     loss     NaN   NaN    False     NaN          NaN       NaN        NaN        NaN     NaN    NaN     NaN         NaN          NaN          NaN       NaN                          NaN              False                NaN                  NaN
     NaN     NaN    NaN protocol     loss     NaN   NaN    False     NaN          NaN       NaN        NaN        NaN     NaN    NaN     NaN         NaN          NaN          NaN       NaN                          NaN              False                NaN                  NaN
     NaN     NaN    NaN protocol     loss     NaN   NaN    False     NaN          NaN       NaN        NaN        NaN     NaN    NaN     NaN         NaN          NaN          NaN       NaN                          NaN              False                NaN                  NaN
     NaN     NaN    NaN protocol     loss     NaN   NaN    False     NaN          NaN       NaN        NaN        NaN     NaN    NaN     NaN         NaN          NaN          NaN       NaN                          NaN              False                NaN                  NaN
     NaN     NaN    NaN protocol     loss     NaN   NaN    False     NaN          NaN       NaN        NaN        NaN     NaN    NaN     NaN         NaN          NaN          NaN       NaN                          NaN              False                NaN                  NaN
     NaN     NaN    NaN protocol     loss     NaN   NaN    False     NaN          NaN       NaN        NaN        NaN     NaN    NaN     NaN         NaN          NaN          NaN       NaN                          NaN              False                NaN                  NaN
     NaN     NaN    NaN protocol     loss     NaN   NaN    False     NaN          NaN       NaN        NaN        NaN     NaN    NaN     NaN         NaN          NaN          NaN       NaN                          NaN              False                NaN                  NaN
     NaN     NaN    NaN protocol     loss     NaN   NaN    False     NaN          NaN       NaN        NaN        NaN     NaN    NaN     NaN         NaN          NaN          NaN       NaN                          NaN              False                NaN                  NaN
     NaN     NaN    NaN protocol     loss     NaN   NaN    False     NaN          NaN       NaN        NaN        NaN     NaN    NaN     NaN         NaN          NaN          NaN       NaN                          NaN              False                NaN                  NaN
     NaN     NaN    NaN protocol     loss     NaN   NaN    False     NaN          NaN       NaN        NaN        NaN     NaN    NaN     NaN         NaN          NaN          NaN       NaN                          NaN              False                NaN                  NaN
     NaN     NaN    NaN protocol     loss     NaN   NaN    False     NaN          NaN       NaN        NaN        NaN     NaN    NaN     NaN         NaN          NaN          NaN       NaN                          NaN              False                NaN                  NaN
     NaN     NaN    NaN protocol     loss     NaN   NaN    False     NaN          NaN       NaN        NaN        NaN     NaN    NaN     NaN         NaN          NaN          NaN       NaN                          NaN              False                NaN                  NaN
     NaN     NaN    NaN protocol     loss     NaN   NaN    False     NaN          NaN       NaN        NaN        NaN     NaN    NaN     NaN         NaN          NaN          NaN       NaN                          NaN              False                NaN                  NaN
     NaN     NaN    NaN protocol     loss     NaN   NaN    False     NaN          NaN       NaN        NaN        NaN     NaN    NaN     NaN         NaN          NaN          NaN       NaN                          NaN              False                NaN                  NaN
     NaN     NaN    NaN protocol     loss     NaN   NaN    False     NaN          NaN       NaN        NaN        NaN     NaN    NaN     NaN         NaN          NaN          NaN       NaN                          NaN              False                NaN                  NaN
     NaN     NaN    NaN protocol     loss     NaN   NaN    False     NaN          NaN       NaN        NaN        NaN     NaN    NaN     NaN         NaN          NaN          NaN       NaN                          NaN              False                NaN                  NaN
     NaN     NaN    NaN protocol     loss     NaN   NaN    False     NaN          NaN       NaN        NaN        NaN     NaN    NaN     NaN         NaN          NaN          NaN       NaN                          NaN              False                NaN                  NaN
     NaN     NaN    NaN protocol     loss     NaN   NaN    False     NaN          NaN       NaN        NaN        NaN     NaN    NaN     NaN         NaN          NaN          NaN       NaN                          NaN              False                NaN                  NaN
     NaN     NaN    NaN protocol     loss     NaN   NaN    False     NaN          NaN       NaN        NaN        NaN     NaN    NaN     NaN         NaN          NaN          NaN       NaN                          NaN              False                NaN                  NaN
     NaN     NaN    NaN protocol     loss     NaN   NaN    False     NaN          NaN       NaN        NaN        NaN     NaN    NaN     NaN         NaN          NaN          NaN       NaN                          NaN              False                NaN                  NaN
     NaN     NaN    NaN protocol     loss     NaN   NaN    False     NaN          NaN       NaN        NaN        NaN     NaN    NaN     NaN         NaN          NaN          NaN       NaN                          NaN              False                NaN                  NaN
     NaN     NaN    NaN protocol     loss     NaN   NaN    False     NaN          NaN       NaN        NaN        NaN     NaN    NaN     NaN         NaN          NaN          NaN       NaN                          NaN              False                NaN                  NaN
     NaN     NaN    NaN protocol     loss     NaN   NaN    False     NaN          NaN       NaN        NaN        NaN     NaN    NaN     NaN         NaN          NaN          NaN       NaN                          NaN              False                NaN                  NaN
     NaN     NaN    NaN protocol     loss     NaN   NaN    False     NaN          NaN       NaN        NaN        NaN     NaN    NaN     NaN         NaN          NaN          NaN       NaN                          NaN              False                NaN                  NaN
     NaN     NaN    NaN protocol     loss     NaN   NaN    False     NaN          NaN       NaN        NaN        NaN     NaN    NaN     NaN         NaN          NaN          NaN       NaN                          NaN              False                NaN                  NaN
     NaN     NaN    NaN protocol     loss     NaN   NaN    False     NaN          NaN       NaN        NaN        NaN     NaN    NaN     NaN         NaN          NaN          NaN       NaN                          NaN              False                NaN                  NaN
     NaN     NaN    NaN protocol     loss     NaN   NaN    False     NaN          NaN       NaN        NaN        NaN     NaN    NaN     NaN         NaN          NaN          NaN       NaN                          NaN              False                NaN                  NaN
     NaN     NaN    NaN protocol     loss     NaN   NaN    False     NaN          NaN       NaN        NaN        NaN     NaN    NaN     NaN         NaN          NaN          NaN       NaN                          NaN              False                NaN                  NaN
     NaN     NaN    NaN protocol     loss     NaN   NaN    False     NaN          NaN       NaN        NaN        NaN     NaN    NaN     NaN         NaN          NaN          NaN       NaN                          NaN              False                NaN                  NaN
     NaN     NaN    NaN protocol     loss     NaN   NaN    False     NaN          NaN       NaN        NaN        NaN     NaN    NaN     NaN         NaN          NaN          NaN       NaN                          NaN              False                NaN                  NaN
     NaN     NaN    NaN protocol     loss     NaN   NaN    False     NaN          NaN       NaN        NaN        NaN     NaN    NaN     NaN         NaN          NaN          NaN       NaN                          NaN              False                NaN                  NaN
     NaN     NaN    NaN protocol     loss     NaN   NaN    False     NaN          NaN       NaN        NaN        NaN     NaN    NaN     NaN         NaN          NaN          NaN       NaN                          NaN              False                NaN                  NaN
     NaN     NaN    NaN protocol     loss     NaN   NaN    False     NaN          NaN       NaN        NaN        NaN     NaN    NaN     NaN         NaN          NaN          NaN       NaN                          NaN              False                NaN                  NaN
     NaN     NaN    NaN protocol     loss     NaN   NaN    False     NaN          NaN       NaN        NaN        NaN     NaN    NaN     NaN         NaN          NaN          NaN       NaN                          NaN              False                NaN                  NaN
     NaN     NaN    NaN protocol     loss     NaN   NaN    False     NaN          NaN       NaN        NaN        NaN     NaN    NaN     NaN         NaN          NaN          NaN       NaN                          NaN              False                NaN                  NaN
     NaN     NaN    NaN protocol     loss     NaN   NaN    False     NaN          NaN       NaN        NaN        NaN     NaN    NaN     NaN         NaN          NaN          NaN       NaN                          NaN              False                NaN                  NaN
     NaN     NaN    NaN protocol     loss     NaN   NaN    False     NaN          NaN       NaN        NaN        NaN     NaN    NaN     NaN         NaN          NaN          NaN       NaN                          NaN              False                NaN                  NaN
     NaN     NaN    NaN protocol     loss     NaN   NaN    False     NaN          NaN       NaN        NaN        NaN     NaN    NaN     NaN         NaN          NaN          NaN       NaN                          NaN              False                NaN                  NaN
     NaN     NaN    NaN protocol     loss     NaN   NaN    False     NaN          NaN       NaN        NaN        NaN     NaN    NaN     NaN         NaN          NaN          NaN       NaN                          NaN              False                NaN                  NaN
     NaN     NaN    NaN protocol     loss     NaN   NaN    False     NaN          NaN       NaN        NaN        NaN     NaN    NaN     NaN         NaN          NaN          NaN       NaN                          NaN              False                NaN                  NaN
     NaN     NaN    NaN protocol     loss     NaN   NaN    False     NaN          NaN       NaN        NaN        NaN     NaN    NaN     NaN         NaN          NaN          NaN       NaN                          NaN              False                NaN                  NaN
     NaN     NaN    NaN protocol     loss     NaN   NaN    False     NaN          NaN       NaN        NaN        NaN     NaN    NaN     NaN         NaN          NaN          NaN       NaN                          NaN              False                NaN                  NaN
 23558.0    both 0.0010 protocol     loss    20.0   0.0    False   341.0        144.0    0.4420     0.3040     0.3122  0.0899 0.2187   0.000      0.2947       0.2188       0.2577     0.000                       0.9803               True             0.2706               0.0416
 23558.0    both 0.0010 protocol     loss     5.0   0.0    False   341.0         40.0    0.4420     0.3290     0.2558  0.0617 0.1943   0.000      0.2947       0.2696       0.0852     0.587                       1.5064               True             0.2706              -0.0148
 23558.0    both 0.0001 protocol     loss    80.0   0.0    False   341.0        512.0    0.4420     0.2799     0.3669  0.1114 0.2459   0.000      0.2947       0.2101       0.2870     0.000                       0.9734               True             0.2800               0.0868
 23558.0    both 0.0003 protocol     loss    80.0   0.0    False   341.0        512.0    0.4420     0.2847     0.3560  0.1069 0.2406   0.000      0.2947       0.2077       0.2952     0.000                       0.9370               True             0.2713               0.0847
 23558.0    both 0.0003 protocol forgiven    80.0   0.0    False   341.0        512.0    0.4420     0.2792     0.3683  0.1116 0.2451   0.000      0.2947       0.2049       0.3049     0.000                       0.9253               True             0.2710               0.0973
 23558.0    both 0.0003 verbatim forgiven    80.0   0.0    False   341.0        512.0    0.4420     0.3472     0.2145  0.0517 0.1747   0.000      0.2947       0.2234       0.2420     0.000                       0.8971               True             0.1769               0.0376
 23558.0    both 0.0010 protocol     loss    80.0   0.0    False   341.0        512.0    0.4420     0.2847     0.3560  0.1082 0.2393   0.000      0.2947       0.2026       0.3125     0.000                       0.8628               True             0.2706               0.0854
 23558.0 encoder 0.0010 protocol     loss    80.0   0.0    False   341.0        512.0    0.4420     0.3019     0.3169  0.0826 0.2245   0.000      0.2947       0.2268       0.2306     0.005                       0.9600               True             0.2891               0.0279
 30685.0    both 0.0010 protocol     loss    20.0   0.0    False   224.0         88.0    0.2330     0.2039     0.1247  0.0166 0.0436   0.000      0.1094       0.1194      -0.0922     0.027                       1.5838               True             0.1053               0.0195
 30685.0    both 0.0010 protocol     loss     5.0   0.0    False   224.0         24.0    0.2330     0.2516    -0.0800 -0.0875 0.0226   0.687      0.1094       0.1656      -0.5146     0.000                      -1.2883              False             0.1053              -0.1853
 30685.0    both 0.0001 protocol     loss    80.0   0.0    False   224.0        328.0    0.2330     0.1955     0.1608  0.0232 0.0539   0.000      0.1094       0.1162      -0.0630     0.164                       1.4081               True             0.0894               0.0714
 30685.0    both 0.0003 protocol     loss    80.0   0.0    False   224.0        328.0    0.2330     0.1992     0.1449  0.0210 0.0476   0.000      0.1094       0.1134      -0.0369     0.356                       1.3532               True             0.0880               0.0570
 30685.0    both 0.0003 protocol forgiven    80.0   0.0    False   224.0        328.0    0.2330     0.1989     0.1464  0.0212 0.0484   0.000      0.1094       0.1136      -0.0384     0.359                       1.3498               True             0.0930               0.0534
 30685.0    both 0.0003 verbatim forgiven    80.0   0.0    False   224.0        328.0    0.2330     0.2234     0.0411  0.0000 0.0188   0.051      0.1094       0.1075       0.0169     0.647                       1.0877               True             0.0678              -0.0267
 30685.0    both 0.0010 protocol     loss    80.0   0.0    False   224.0        328.0    0.2330     0.2503    -0.0743 -0.0713 0.0249   0.518      0.1094       0.1683      -0.5392     0.000                      -0.7864              False             0.1053              -0.1795
 30685.0 encoder 0.0010 protocol     loss    80.0   0.0    False   224.0        328.0    0.2330     0.1969     0.1550  0.0233 0.0506   0.000      0.1094       0.1097      -0.0031     0.929                       1.2140               True             0.0642               0.0908
 30701.0    both 0.0010 protocol     loss    20.0   0.0    False   361.0         96.0    0.4059     0.3070     0.2435  0.0360 0.1877   0.000      0.2669       0.2200       0.1756     0.156                       1.0796               True             0.3138              -0.0703
 30701.0    both 0.0010 protocol     loss     5.0   0.0    False   361.0         40.0    0.4059     0.3047     0.2492  0.0476 0.1873   0.000      0.2669       0.2290       0.1421     0.238                       1.3232               True             0.3138              -0.0646
 30701.0    both 0.0001 protocol     loss    80.0   0.0    False   361.0        392.0    0.4059     0.2813     0.3070  0.0586 0.2118   0.000      0.2669       0.2109       0.2097     0.073                       1.0210               True             0.3131              -0.0061
 30701.0    both 0.0003 protocol     loss    80.0   0.0    False   361.0        392.0    0.4059     0.2959     0.2709  0.0450 0.1977   0.000      0.2669       0.2153       0.1935     0.098                       0.9776               True             0.2344               0.0365
 30701.0    both 0.0003 protocol forgiven    80.0   0.0    False   361.0        392.0    0.4059     0.2891     0.2876  0.0631 0.2022   0.000      0.2669       0.2194       0.1779     0.037                       1.2338               True             0.2914              -0.0038
 30701.0    both 0.0003 verbatim forgiven    80.0   0.0    False   361.0        392.0    0.4059     0.3275     0.1930  0.0296 0.1621   0.000      0.2669       0.2114       0.2080     0.002                       0.9035               True             0.1174               0.0756
 30701.0    both 0.0010 protocol     loss    80.0   0.0    False   361.0        392.0    0.4059     0.2882     0.2899  0.0526 0.2074   0.000      0.2669       0.2123       0.2045     0.069                       1.0367               True             0.3138              -0.0239
 30701.0 encoder 0.0010 protocol     loss    80.0   0.0    False   361.0        392.0    0.4059     0.2788     0.3131  0.0717 0.2146   0.000      0.2669       0.2042       0.2351     0.000                       1.0449               True             0.2637               0.0494
 30718.0    both 0.0010 protocol     loss    20.0   0.0    False   296.0         72.0    0.1995     0.1823     0.0859 -0.0163 0.0790   0.696      0.1404       0.1431      -0.0187     0.734                       2.9683               True             0.1828              -0.0969
 30718.0    both 0.0010 protocol     loss     5.0   0.0    False   296.0         16.0    0.1995     0.2051    -0.0282 -0.0224 0.0052   0.576      0.1404       0.1500      -0.0678     0.138                       0.4032              False             0.1828              -0.2110
 30718.0    both 0.0001 protocol     loss    80.0   0.0    False   296.0        304.0    0.1995     0.1674     0.1610 -0.0028 0.0951   0.124      0.1404       0.1327       0.0549     0.744                       1.8616               True             0.2278              -0.0668
 30718.0    both 0.0003 protocol     loss    80.0   0.0    False   296.0        304.0    0.1995     0.1591     0.2024  0.0060 0.1031   0.006      0.1404       0.1242       0.1156     0.713                       1.5011               True             0.2233              -0.0209
 30718.0    both 0.0003 protocol forgiven    80.0   0.0    False   296.0        304.0    0.1995     0.1592     0.2019  0.0058 0.1030   0.007      0.1404       0.1236       0.1202     0.711                       1.4730               True             0.1592               0.0427
 30718.0    both 0.0003 verbatim forgiven    80.0   0.0    False   296.0        304.0    0.1995     0.1672     0.1619  0.0008 0.0916   0.035      0.1404       0.1178       0.1615     0.606                       1.1882               True             0.0468               0.1151
 30718.0    both 0.0010 protocol     loss    80.0   0.0    False   296.0        304.0    0.1995     0.1785     0.1050 -0.0293 0.0870   0.509      0.1404       0.1423      -0.0136     0.903                       2.2121               True             0.1828              -0.0778
 30718.0 encoder 0.0010 protocol     loss    80.0   0.0    False   296.0        304.0    0.1995     0.1735     0.1305 -0.0095 0.0903   0.367      0.1404       0.1408      -0.0026     0.898                       2.4460               True             0.0919               0.0387
 30752.0    both 0.0010 protocol     loss    20.0   0.0    False   179.0         88.0    0.1956     0.1847     0.0556 -0.0012 0.0243   0.083      0.1353       0.1417      -0.0474     0.215                       2.8409               True             0.1288              -0.0732
 30752.0    both 0.0010 protocol     loss     5.0   0.0    False   179.0         24.0    0.1956     0.2484    -0.2702 -0.1376 0.0022   0.077      0.1353       0.1933      -0.4288     0.010                       0.7477               True             0.1288              -0.3990
 30752.0    both 0.0001 protocol     loss    80.0   0.0    False   179.0        416.0    0.1956     0.2165    -0.1073 -0.1532 0.0450   0.770      0.1353       0.1793      -0.3248     0.730                       0.6353               True             0.1086              -0.2159
 30752.0    both 0.0003 protocol     loss    80.0   0.0    False   179.0        416.0    0.1956     0.2119    -0.0833 -0.1476 0.0501   0.793      0.1353       0.1760      -0.3011     0.764                       0.6515               True             0.1250              -0.2083
 30752.0    both 0.0003 protocol forgiven    80.0   0.0    False   179.0        416.0    0.1956     0.1691     0.1351  0.0096 0.0458   0.001      0.1353       0.1326       0.0201     0.666                       1.5701               True             0.1275               0.0076
 30752.0    both 0.0003 verbatim forgiven    80.0   0.0    False   179.0        416.0    0.1956     0.2042    -0.0442 -0.0787 0.0334   0.821      0.1353       0.1560      -0.1533     0.771                       0.0571              False             0.0480              -0.0922
 30752.0    both 0.0010 protocol     loss    80.0   0.0    False   179.0        416.0    0.1956     0.1600     0.1818  0.0183 0.0557   0.000      0.1353       0.1240       0.0839     0.046                       1.1528               True             0.1288               0.0530
 30752.0 encoder 0.0010 protocol     loss    80.0   0.0    False   179.0        416.0    0.1956     0.2072    -0.0593 -0.1306 0.0499   0.840      0.1353       0.1689      -0.2482     0.764                       0.7234               True             0.1162              -0.1755
 30777.0    both 0.0010 protocol     loss    20.0   0.0    False   268.0         88.0    0.2237     0.1850     0.1732  0.0069 0.0999   0.000      0.1535       0.1411       0.0812     0.748                       1.4511               True             0.2246              -0.0514
 30777.0    both 0.0010 protocol     loss     5.0   0.0    False   268.0         24.0    0.2237     0.2009     0.1022 -0.0191 0.0880   0.405      0.1535       0.1553      -0.0111     0.860                       1.9572               True             0.2246              -0.1224
 30777.0    both 0.0001 protocol     loss    80.0   0.0    False   268.0        336.0    0.2237     0.1792     0.1989  0.0128 0.1072   0.000      0.1535       0.1362       0.1131     0.719                       1.2775               True             0.2148              -0.0158
 30777.0    both 0.0003 protocol     loss    80.0   0.0    False   268.0        336.0    0.2237     0.1782     0.2033  0.0129 0.1091   0.000      0.1535       0.1325       0.1369     0.616                       1.1532               True             0.2306              -0.0273
 30777.0    both 0.0003 protocol forgiven    80.0   0.0    False   268.0        336.0    0.2237     0.2016     0.0989 -0.0337 0.0921   0.462      0.1535       0.1565      -0.0191     0.849                       1.6133               True             0.2240              -0.1251
 30777.0    both 0.0003 verbatim forgiven    80.0   0.0    False   268.0        336.0    0.2237     0.2038     0.0891 -0.0361 0.0864   0.530      0.1535       0.1374       0.1051     0.626                       0.5031               True             0.1689              -0.0798
 30777.0    both 0.0010 protocol     loss    80.0   0.0    False   268.0        336.0    0.2237     0.1820     0.1863  0.0067 0.1074   0.002      0.1535       0.1383       0.0995     0.733                       1.3842               True             0.2246              -0.0383
 30777.0 encoder 0.0010 protocol     loss    80.0   0.0    False   268.0        336.0    0.2237     0.1803     0.1940  0.0102 0.1066   0.000      0.1535       0.1386       0.0971     0.731                       1.3465               True             0.2164              -0.0224
 30813.0    both 0.0010 protocol     loss    20.0   0.0    False   287.0        104.0    0.1607     0.1411     0.1219 -0.0088 0.0703   0.460      0.1194       0.1191       0.0025     0.932                       2.2500               True            -0.2253               0.3472
 30813.0    both 0.0010 protocol     loss     5.0   0.0    False   287.0         24.0    0.1607     0.1506     0.0628 -0.0550 0.0727   0.706      0.1194       0.1233      -0.0323     0.804                       1.4118               True            -0.2253               0.2881
 30813.0    both 0.0001 protocol     loss    80.0   0.0    False   287.0        320.0    0.1607     0.1644    -0.0231 -0.0337 0.0475   0.742      0.1194       0.1475      -0.2348     0.213                      -5.0000              False            -0.1801               0.1570
 30813.0    both 0.0003 protocol     loss    80.0   0.0    False   287.0        320.0    0.1607     0.1730    -0.0766 -0.0431 0.0382   0.512      0.1194       0.1562      -0.3081     0.144                      -4.1687              False            -0.2087               0.1320
 30813.0    both 0.0003 protocol forgiven    80.0   0.0    False   287.0        320.0    0.1607     0.1779    -0.1071 -0.0486 0.0323   0.437      0.1194       0.1620      -0.3565     0.106                      -3.0517              False            -0.0859              -0.0212
 30813.0    both 0.0003 verbatim forgiven    80.0   0.0    False   287.0        320.0    0.1607     0.1599     0.0046 -0.0057 0.0066   0.832      0.1194       0.1211      -0.0137     0.539                       5.0000               True             0.1265              -0.1219
 30813.0    both 0.0010 protocol     loss    80.0   0.0    False   287.0        320.0    0.1607     0.1755    -0.0923 -0.0449 0.0369   0.481      0.1194       0.1599      -0.3391     0.120                      -3.6500              False            -0.2253               0.1330
 30813.0 encoder 0.0010 protocol     loss    80.0   0.0    False   287.0        320.0    0.1607     0.1657    -0.0314 -0.0349 0.0460   0.670      0.1194       0.1472      -0.2323     0.217                      -5.0000              False             0.0120              -0.0434
 30831.0    both 0.0010 protocol     loss    20.0   0.0    False   223.0         88.0    0.2736     0.2410     0.1190  0.0136 0.0520   0.001      0.1452       0.1691      -0.1645     0.000                       2.1734               True             0.1499              -0.0309
 30831.0    both 0.0010 protocol     loss     5.0   0.0    False   223.0         16.0    0.2736     0.2531     0.0750  0.0009 0.0415   0.042      0.1452       0.1902      -0.3096     0.000                       3.7982               True             0.1499              -0.0750
 30831.0    both 0.0001 protocol     loss    80.0   0.0    False   223.0        376.0    0.2736     0.2278     0.1671  0.0262 0.0668   0.000      0.1452       0.1535      -0.0570     0.218                       1.4815               True             0.1403               0.0268
 30831.0    both 0.0003 protocol     loss    80.0   0.0    False   223.0        376.0    0.2736     0.2250     0.1774  0.0289 0.0706   0.000      0.1452       0.1490      -0.0259     0.551                       1.3721               True             0.1458               0.0316
 30831.0    both 0.0003 protocol forgiven    80.0   0.0    False   223.0        376.0    0.2736     0.2267     0.1713  0.0267 0.0690   0.000      0.1452       0.1507      -0.0376     0.401                       1.3855               True             0.1382               0.0330
 30831.0    both 0.0003 verbatim forgiven    80.0   0.0    False   223.0        376.0    0.2736     0.2525     0.0770  0.0102 0.0329   0.000      0.1452       0.1353       0.0687     0.018                       0.9018               True             0.0626               0.0144
 30831.0    both 0.0010 protocol     loss    80.0   0.0    False   223.0        376.0    0.2736     0.2265     0.1719  0.0274 0.0682   0.000      0.1452       0.1481      -0.0194     0.690                       1.2920               True             0.1499               0.0220
 30831.0 encoder 0.0010 protocol     loss    80.0   0.0    False   223.0        376.0    0.2736     0.2258     0.1747  0.0274 0.0700   0.000      0.1452       0.1490      -0.0259     0.558                       1.3701               True             0.1362               0.0385
 30843.0    both 0.0010 protocol     loss    20.0   0.0    False   238.0        120.0    0.3231     0.2919     0.0965  0.0175 0.0449   0.000      0.2102       0.2102       0.0000     1.000                       1.4183               True             0.0852               0.0114
 30843.0    both 0.0010 protocol     loss     5.0   0.0    False   238.0         40.0    0.3231     0.2911     0.0991  0.0186 0.0456   0.000      0.2102       0.2192      -0.0427     0.144                       1.5287               True             0.0852               0.0139
 30843.0    both 0.0001 protocol     loss    80.0   0.0    False   238.0        400.0    0.3231     0.2689     0.1678  0.0407 0.0682   0.000      0.2102       0.1920       0.0863     0.002                       0.9398               True             0.1047               0.0631
 30843.0    both 0.0003 protocol     loss    80.0   0.0    False   238.0        400.0    0.3231     0.2665     0.1754  0.0425 0.0717   0.000      0.2102       0.1853       0.1183     0.000                       0.7914               True             0.1136               0.0618
 30843.0    both 0.0003 protocol forgiven    80.0   0.0    False   238.0        400.0    0.3231     0.2652     0.1792  0.0443 0.0731   0.000      0.2102       0.1839       0.1251     0.000                       0.7782               True             0.1174               0.0618
 30843.0    both 0.0003 verbatim forgiven    80.0   0.0    False   238.0        400.0    0.3231     0.2956     0.0852  0.0168 0.0389   0.000      0.2102       0.1874       0.1086     0.000                       0.5185               True             0.0801               0.0050
 30843.0    both 0.0010 protocol     loss    80.0   0.0    False   238.0        400.0    0.3231     0.2699     0.1647  0.0385 0.0702   0.000      0.2102       0.2004       0.0466     0.136                       1.1264               True             0.0852               0.0795
 30843.0 encoder 0.0010 protocol     loss    80.0   0.0    False   238.0        400.0    0.3231     0.2718     0.1590  0.0375 0.0661   0.000      0.2102       0.1912       0.0902     0.002                       0.8889               True             0.0997               0.0593
 30859.0    both 0.0010 protocol     loss    20.0   0.0    False   317.0         64.0    0.2538     0.2423     0.0455 -0.0009 0.0253   0.076      0.1735       0.1849      -0.0657     0.018                       3.1585               True             0.1048              -0.0593
 30859.0    both 0.0010 protocol     loss     5.0   0.0    False   317.0         16.0    0.2538     0.2504     0.0133 -0.0044 0.0122   0.435      0.1735       0.1822      -0.0503     0.016                       5.0000               True             0.1048              -0.0915
 30859.0    both 0.0001 protocol     loss    80.0   0.0    False   317.0        344.0    0.2538     0.2273     0.1042  0.0122 0.0402   0.000      0.1735       0.1666       0.0397     0.272                       1.0904               True             0.0859               0.0183
 30859.0    both 0.0003 protocol     loss    80.0   0.0    False   317.0        344.0    0.2538     0.2314     0.0881  0.0011 0.0389   0.043      0.1735       0.1698       0.0211     0.625                       1.0189               True             0.1120              -0.0238
 30859.0    both 0.0003 protocol forgiven    80.0   0.0    False   317.0        344.0    0.2538     0.2368     0.0671 -0.0183 0.0410   0.301      0.1735       0.1764      -0.0170     0.924                       1.0496               True             0.1147              -0.0477
 30859.0    both 0.0003 verbatim forgiven    80.0   0.0    False   317.0        344.0    0.2538     0.2442     0.0377  0.0008 0.0195   0.039      0.1735       0.1722       0.0073     0.720                       1.1176               True             0.0516              -0.0139
 30859.0    both 0.0010 protocol     loss    80.0   0.0    False   317.0        344.0    0.2538     0.2281     0.1014  0.0125 0.0396   0.000      0.1735       0.1742      -0.0041     0.910                       1.6831               True             0.1048              -0.0033
 30859.0 encoder 0.0010 protocol     loss    80.0   0.0    False   317.0        344.0    0.2538     0.2248     0.1142  0.0171 0.0422   0.000      0.1735       0.1663       0.0414     0.079                       1.2184               True             0.1170              -0.0028
 30868.0    both 0.0010 protocol     loss    20.0   0.0    False   202.0        120.0    0.2211     0.2293    -0.0368 -0.0612 0.0692   0.724      0.1693       0.2049      -0.2103     0.283                      -5.0000              False             0.1596              -0.1964
 30868.0    both 0.0010 protocol     loss     5.0   0.0    False   202.0         24.0    0.2211     0.2106     0.0479 -0.0285 0.0819   0.789      0.1693       0.1783      -0.0535     0.606                       4.9420               True             0.1596              -0.1117
 30868.0    both 0.0001 protocol     loss    80.0   0.0    False   202.0        392.0    0.2211     0.1768     0.2006  0.0064 0.1151   0.002      0.1693       0.1464       0.1351     0.617                       1.4464               True             0.1825               0.0180
 30868.0    both 0.0003 protocol     loss    80.0   0.0    False   202.0        392.0    0.2211     0.1757     0.2054  0.0077 0.1177   0.000      0.1693       0.1444       0.1469     0.566                       1.3615               True             0.0611               0.1443
 30868.0    both 0.0003 protocol forgiven    80.0   0.0    False   202.0        392.0    0.2211     0.1878     0.1506 -0.0050 0.1036   0.172      0.1693       0.1544       0.0879     0.737                       1.8018               True             0.0569               0.0937
 30868.0    both 0.0003 verbatim forgiven    80.0   0.0    False   202.0        392.0    0.2211     0.2190     0.0097 -0.0771 0.0883   0.969      0.1693       0.1707      -0.0082     0.947                       0.5714               True            -0.1048               0.1145
 30868.0    both 0.0010 protocol     loss    80.0   0.0    False   202.0        392.0    0.2211     0.1782     0.1943  0.0051 0.1177   0.010      0.1693       0.1464       0.1351     0.642                       1.3750               True             0.1596               0.0347
 30868.0 encoder 0.0010 protocol     loss    80.0   0.0    False   202.0        392.0    0.2211     0.1851     0.1631 -0.0005 0.1072   0.064      0.1693       0.1504       0.1115     0.717                       1.6043               True             0.1430               0.0201
 23558.0    both 0.0001 protocol     loss    80.0   0.0     True   341.0        384.0    0.4420     0.3182     0.2800  0.0754 0.2033   0.000      0.2947       0.2316       0.2143     0.000                       1.1047               True             0.2800               0.0000
 30685.0    both 0.0001 protocol     loss    80.0   0.0     True   224.0        384.0    0.2330     0.2122     0.0894  0.0084 0.0340   0.000      0.1094       0.1198      -0.0952     0.027                       1.7500               True             0.0894               0.0000
 30752.0    both 0.0001 protocol     loss    80.0   0.0     True   179.0        384.0    0.1956     0.1743     0.1086  0.0068 0.0382   0.005      0.1353       0.1328       0.0182     0.682                       1.5581               True             0.1086               0.0000
 30777.0    both 0.0001 protocol     loss    80.0   0.0     True   268.0        384.0    0.2237     0.1757     0.2148  0.0165 0.1122   0.000      0.1535       0.1302       0.1521     0.555                       1.1425               True             0.2148               0.0000
 30831.0    both 0.0001 protocol     loss    80.0   0.0     True   223.0        384.0    0.2736     0.2352     0.1403  0.0208 0.0562   0.000      0.1452       0.1492      -0.0272     0.520                       1.4020               True             0.1403               0.0000
 30859.0    both 0.0001 protocol     loss    80.0   0.0     True   317.0        384.0    0.2538     0.2320     0.0859  0.0108 0.0341   0.000      0.1735       0.1743      -0.0049     0.904                       1.7871               True             0.0859               0.0000
 23558.0    both 0.0003 protocol     loss    80.0   0.0     True   341.0        384.0    0.4420     0.3221     0.2713  0.0734 0.2000   0.000      0.2947       0.2312       0.2154     0.000                       1.0640               True             0.2713               0.0000
 30685.0    both 0.0003 protocol     loss    80.0   0.0     True   224.0        384.0    0.2330     0.2125     0.0880  0.0093 0.0326   0.000      0.1094       0.1162      -0.0630     0.151                       1.6148               True             0.0880               0.0000
 30752.0    both 0.0003 protocol     loss    80.0   0.0     True   179.0        384.0    0.1956     0.1711     0.1250  0.0091 0.0414   0.000      0.1353       0.1269       0.0620     0.168                       1.2828               True             0.1250               0.0000
 30777.0    both 0.0003 protocol     loss    80.0   0.0     True   268.0        384.0    0.2237     0.1721     0.2306  0.0202 0.1160   0.000      0.1535       0.1238       0.1935     0.079                       0.9929               True             0.2306               0.0000
 30831.0    both 0.0003 protocol     loss    80.0   0.0     True   223.0        384.0    0.2736     0.2337     0.1458  0.0232 0.0575   0.000      0.1452       0.1447       0.0039     0.921                       1.2736               True             0.1458               0.0000
 30859.0    both 0.0003 protocol     loss    80.0   0.0     True   317.0        384.0    0.2538     0.2254     0.1120  0.0174 0.0408   0.000      0.1735       0.1660       0.0430     0.084                       1.2970               True             0.1120               0.0000
 23558.0    both 0.0003 protocol forgiven    80.0   0.0     True   341.0        384.0    0.4420     0.3222     0.2710  0.0732 0.1997   0.000      0.2947       0.2303       0.2187     0.000                       1.0387               True             0.2710               0.0000
 30685.0    both 0.0003 protocol forgiven    80.0   0.0     True   224.0        384.0    0.2330     0.2113     0.0930  0.0095 0.0350   0.000      0.1094       0.1161      -0.0614     0.162                       1.5581               True             0.0930               0.0000
 30752.0    both 0.0003 protocol forgiven    80.0   0.0     True   179.0        384.0    0.1956     0.1706     0.1275  0.0095 0.0418   0.000      0.1353       0.1267       0.0639     0.158                       1.2574               True             0.1275               0.0000
 30777.0    both 0.0003 protocol forgiven    80.0   0.0     True   268.0        384.0    0.2237     0.1736     0.2240  0.0184 0.1145   0.000      0.1535       0.1246       0.1887     0.113                       0.9878               True             0.2240               0.0000
 30831.0    both 0.0003 protocol forgiven    80.0   0.0     True   223.0        384.0    0.2736     0.2357     0.1382  0.0212 0.0553   0.000      0.1452       0.1473      -0.0142     0.744                       1.3532               True             0.1382               0.0000
 30859.0    both 0.0003 protocol forgiven    80.0   0.0     True   317.0        384.0    0.2538     0.2247     0.1147  0.0179 0.0417   0.000      0.1735       0.1653       0.0470     0.048                       1.2657               True             0.1147               0.0000
 23558.0    both 0.0003 verbatim forgiven    80.0   0.0     True   341.0        384.0    0.4420     0.3638     0.1769  0.0350 0.1566   0.000      0.2947       0.2405       0.1839     0.000                       1.0102               True             0.1769               0.0000
 30685.0    both 0.0003 verbatim forgiven    80.0   0.0     True   224.0        384.0    0.2330     0.2172     0.0678  0.0083 0.0237   0.000      0.1094       0.1038       0.0507     0.074                       0.7872               True             0.0678               0.0000
 30752.0    both 0.0003 verbatim forgiven    80.0   0.0     True   179.0        384.0    0.1956     0.1862     0.0480 -0.0002 0.0202   0.061      0.1353       0.1319       0.0255     0.406                       1.3421               True             0.0480               0.0000
 30777.0    both 0.0003 verbatim forgiven    80.0   0.0     True   268.0        384.0    0.2237     0.1859     0.1689  0.0093 0.1002   0.000      0.1535       0.1227       0.2006     0.006                       0.8511               True             0.1689               0.0000
 30831.0    both 0.0003 verbatim forgiven    80.0   0.0     True   223.0        384.0    0.2736     0.2564     0.0626  0.0082 0.0267   0.000      0.1452       0.1421       0.0220     0.468                       1.0879               True             0.0626               0.0000
 30859.0    both 0.0003 verbatim forgiven    80.0   0.0     True   317.0        384.0    0.2538     0.2407     0.0516  0.0049 0.0227   0.001      0.1735       0.1714       0.0122     0.507                       1.1828               True             0.0516               0.0000
 23558.0    both 0.0010 protocol     loss    80.0   0.0     True   341.0        384.0    0.4420     0.3224     0.2706  0.0720 0.2004   0.000      0.2947       0.2328       0.2100     0.000                       1.1364               True             0.2706               0.0000
 30685.0    both 0.0010 protocol     loss    80.0   0.0     True   224.0        384.0    0.2330     0.2085     0.1053  0.0120 0.0386   0.000      0.1094       0.1194      -0.0922     0.028                       1.6644               True             0.1053               0.0000
 30752.0    both 0.0010 protocol     loss    80.0   0.0     True   179.0        384.0    0.1956     0.1704     0.1288  0.0095 0.0422   0.000      0.1353       0.1331       0.0164     0.723                       1.5980               True             0.1288               0.0000
 30777.0    both 0.0010 protocol     loss    80.0   0.0     True   268.0        384.0    0.2237     0.1735     0.2246  0.0193 0.1143   0.000      0.1535       0.1268       0.1744     0.270                       1.0803               True             0.2246               0.0000
 30831.0    both 0.0010 protocol     loss    80.0   0.0     True   223.0        384.0    0.2736     0.2325     0.1499  0.0225 0.0604   0.000      0.1452       0.1501      -0.0337     0.422                       1.4312               True             0.1499               0.0000
 30859.0    both 0.0010 protocol     loss    80.0   0.0     True   317.0        384.0    0.2538     0.2272     0.1048  0.0125 0.0419   0.000      0.1735       0.1777      -0.0243     0.446                       1.7989               True             0.1048               0.0000
 23558.0 encoder 0.0010 protocol     loss    80.0   0.0     True   341.0        384.0    0.4420     0.3142     0.2891  0.0795 0.2120   0.000      0.2947       0.2285       0.2246     0.000                       1.0801               True             0.2891               0.0000
 30685.0 encoder 0.0010 protocol     loss    80.0   0.0     True   224.0        384.0    0.2330     0.2180     0.0642  0.0025 0.0278   0.021      0.1094       0.1203      -0.0998     0.020                       2.0337               True             0.0642               0.0000
 30752.0 encoder 0.0010 protocol     loss    80.0   0.0     True   179.0        384.0    0.1956     0.1728     0.1162  0.0086 0.0389   0.000      0.1353       0.1316       0.0274     0.547                       1.4891               True             0.1162               0.0000
 30777.0 encoder 0.0010 protocol     loss    80.0   0.0     True   268.0        384.0    0.2237     0.1753     0.2164  0.0164 0.1135   0.000      0.1535       0.1252       0.1847     0.164                       1.0455               True             0.2164               0.0000
 30831.0 encoder 0.0010 protocol     loss    80.0   0.0     True   223.0        384.0    0.2736     0.2363     0.1362  0.0201 0.0571   0.000      0.1452       0.1439       0.0091     0.808                       1.2727               True             0.1362               0.0000
 30859.0 encoder 0.0010 protocol     loss    80.0   0.0     True   317.0        384.0    0.2538     0.2241     0.1170  0.0189 0.0422   0.000      0.1735       0.1669       0.0381     0.090                       1.2512               True             0.1170               0.0000
 30701.0    both 0.0001 protocol     loss    80.0   0.0     True   361.0        368.0    0.4059     0.2788     0.3131  0.0730 0.2145   0.000      0.2669       0.2099       0.2137     0.001                       1.1711               True             0.3131               0.0000
 30718.0    both 0.0001 protocol     loss    80.0   0.0     True   296.0        368.0    0.1995     0.1540     0.2278  0.0100 0.1102   0.001      0.1404       0.1205       0.1421     0.669                       1.4531               True             0.2278               0.0000
 30813.0    both 0.0001 protocol     loss    80.0   0.0     True   287.0        368.0    0.1607     0.1896    -0.1801 -0.0793 0.0308   0.287      0.1194       0.1736      -0.4534     0.065                      -1.4000              False            -0.1801               0.0000
 30843.0    both 0.0001 protocol     loss    80.0   0.0     True   238.0        368.0    0.3231     0.2893     0.1047  0.0153 0.0524   0.002      0.2102       0.2251      -0.0708     0.046                       1.9940               True             0.1047               0.0000
 30868.0    both 0.0001 protocol     loss    80.0   0.0     True   202.0        368.0    0.2211     0.1808     0.1825  0.0024 0.1132   0.023      0.1693       0.1541       0.0898     0.740                       1.6730               True             0.1825               0.0000
 30701.0    both 0.0003 protocol     loss    80.0   0.0     True   361.0        368.0    0.4059     0.3107     0.2344  0.0103 0.1912   0.031      0.2669       0.2399       0.1011     0.557                       1.1799               True             0.2344               0.0000
 30718.0    both 0.0003 protocol     loss    80.0   0.0     True   296.0        368.0    0.1995     0.1549     0.2233  0.0092 0.1094   0.000      0.1404       0.1211       0.1376     0.667                       1.4807               True             0.2233               0.0000
 30813.0    both 0.0003 protocol     loss    80.0   0.0     True   287.0        368.0    0.1607     0.1942    -0.2087 -0.1045 0.0322   0.302      0.1194       0.1756      -0.4708     0.076                      -0.7478              False            -0.2087               0.0000
 30843.0    both 0.0003 protocol     loss    80.0   0.0     True   238.0        368.0    0.3231     0.2864     0.1136  0.0196 0.0527   0.000      0.2102       0.2188      -0.0407     0.242                       1.6722               True             0.1136               0.0000
 30868.0    both 0.0003 protocol     loss    80.0   0.0     True   202.0        368.0    0.2211     0.2076     0.0611 -0.0656 0.0983   0.681      0.1693       0.1786      -0.0553     0.738                       2.8409               True             0.0611               0.0000
 30701.0    both 0.0003 protocol forgiven    80.0   0.0     True   361.0        368.0    0.4059     0.2876     0.2914  0.0539 0.2060   0.000      0.2669       0.2176       0.1849     0.119                       1.1278               True             0.2914               0.0000
 30718.0    both 0.0003 protocol forgiven    80.0   0.0     True   296.0        368.0    0.1995     0.1677     0.1592 -0.0149 0.0996   0.227      0.1404       0.1338       0.0472     0.884                       1.8171               True             0.1592               0.0000
 30813.0    both 0.0003 protocol forgiven    80.0   0.0     True   287.0        368.0    0.1607     0.1745    -0.0859 -0.0458 0.0377   0.486      0.1194       0.1567      -0.3118     0.137                      -3.1935              False            -0.0859               0.0000
 30843.0    both 0.0003 protocol forgiven    80.0   0.0     True   238.0        368.0    0.3231     0.2852     0.1174  0.0212 0.0551   0.000      0.2102       0.2179      -0.0369     0.280                       1.6667               True             0.1174               0.0000
 30868.0    both 0.0003 protocol forgiven    80.0   0.0     True   202.0        368.0    0.2211     0.2086     0.0569 -0.0668 0.0967   0.688      0.1693       0.1802      -0.0644     0.726                       3.1463               True             0.0569               0.0000
 30701.0    both 0.0003 verbatim forgiven    80.0   0.0     True   361.0        368.0    0.4059     0.3582     0.1174 -0.0128 0.1304   0.140      0.2669       0.2382       0.1075     0.465                       1.0583               True             0.1174               0.0000
 30718.0    both 0.0003 verbatim forgiven    80.0   0.0     True   296.0        368.0    0.1995     0.1901     0.0468  0.0018 0.0168   0.014      0.1404       0.1384       0.0142     0.521                       1.6408               True             0.0468               0.0000
 30813.0    both 0.0003 verbatim forgiven    80.0   0.0     True   287.0        368.0    0.1607     0.1403     0.1265 -0.0059 0.0679   0.399      0.1194       0.1058       0.1143     0.711                       1.4380               True             0.1265               0.0000
 30843.0    both 0.0003 verbatim forgiven    80.0   0.0     True   238.0        368.0    0.3231     0.2972     0.0801  0.0134 0.0376   0.000      0.2102       0.2106      -0.0019     0.946                       1.3543               True             0.0801               0.0000
 30868.0    both 0.0003 verbatim forgiven    80.0   0.0     True   202.0        368.0    0.2211     0.2443    -0.1048 -0.0884 0.0105   0.519      0.1693       0.2000      -0.1813     0.149                       0.6954               True            -0.1048               0.0000
 30701.0    both 0.0010 protocol     loss    80.0   0.0     True   361.0        368.0    0.4059     0.2785     0.3138  0.0728 0.2150   0.000      0.2669       0.2146       0.1958     0.005                       1.1973               True             0.3138               0.0000
 30718.0    both 0.0010 protocol     loss    80.0   0.0     True   296.0        368.0    0.1995     0.1630     0.1828 -0.0001 0.1017   0.051      0.1404       0.1318       0.0614     0.763                       1.8831               True             0.1828               0.0000
 30813.0    both 0.0010 protocol     loss    80.0   0.0     True   287.0        368.0    0.1607     0.1969    -0.2253 -0.1145 0.0323   0.301      0.1194       0.1835      -0.5366     0.058                      -0.7828              False            -0.2253               0.0000
 30843.0    both 0.0010 protocol     loss    80.0   0.0     True   238.0        368.0    0.3231     0.2956     0.0852  0.0053 0.0486   0.018      0.2102       0.2330      -0.1086     0.015                       2.4815               True             0.0852               0.0000
 30868.0    both 0.0010 protocol     loss    80.0   0.0     True   202.0        368.0    0.2211     0.1859     0.1596 -0.0027 0.1063   0.107      0.1693       0.1598       0.0562     0.786                       1.9652               True             0.1596               0.0000
 30701.0 encoder 0.0010 protocol     loss    80.0   0.0     True   361.0        368.0    0.4059     0.2988     0.2637  0.0448 0.1966   0.000      0.2669       0.2325       0.1288     0.337                       1.4179               True             0.2637               0.0000
 30718.0 encoder 0.0010 protocol     loss    80.0   0.0     True   296.0        368.0    0.1995     0.1812     0.0919  0.0072 0.0301   0.003      0.1404       0.1440      -0.0252     0.436                       2.2129               True             0.0919               0.0000
 30813.0 encoder 0.0010 protocol     loss    80.0   0.0     True   287.0        368.0    0.1607     0.1587     0.0120 -0.0276 0.0516   0.989      0.1194       0.1430      -0.1975     0.293                       5.0000               True             0.0120               0.0000
 30843.0 encoder 0.0010 protocol     loss    80.0   0.0     True   238.0        368.0    0.3231     0.2909     0.0997  0.0172 0.0485   0.001      0.2102       0.2224      -0.0582     0.057                       1.8291               True             0.0997               0.0000
 30868.0 encoder 0.0010 protocol     loss    80.0   0.0     True   202.0        368.0    0.2211     0.1895     0.1430 -0.0055 0.1035   0.238      0.1693       0.1558       0.0798     0.745                       1.8689               True             0.1430               0.0000
[Sun Sep 20 21:36:28 UTC 2026] run B exit 0; run C: decoder-MLP site, lr 3e-4
11 cells over 11 speakers; test 603 min, train 915 min available; then the cross-speaker control in 2 fold(s) at 80 min
s23558_armB_decoder_mlp_lora_b80_r8_lr0.0003_seed0: 511 train chunks (80.0 min), 126 dev, select on loss
trainable params: 3,276,800 || all params: 1,546,767,360 || trainable%: 0.2118
precision: bf16, base weights torch.bfloat16, grad checkpointing False, lr 0.0003, method lora
{'loss': '0.7338', 'grad_norm': '0.1502', 'learning_rate': '5.192e-05', 'epoch': '0.1562'}
{'loss': '0.5461', 'grad_norm': '0.2821', 'learning_rate': '0.0001096', 'epoch': '0.3125'}
{'loss': '0.4677', 'grad_norm': '0.4653', 'learning_rate': '0.0001673', 'epoch': '0.4688'}
{'loss': '0.4053', 'grad_norm': '1.563', 'learning_rate': '0.000225', 'epoch': '0.625'}
{'loss': '0.4109', 'grad_norm': '0.6914', 'learning_rate': '0.0002827', 'epoch': '0.7812'}
{'loss': '0.3637', 'grad_norm': '0.586', 'learning_rate': '0.0002954', 'epoch': '0.9375'}
{'eval_loss': '0.4648', 'eval_runtime': '3.695', 'eval_samples_per_second': '34.1', 'eval_steps_per_second': '2.165', 'epoch': '1'}
{'loss': '0.2988', 'grad_norm': '0.4412', 'learning_rate': '0.0002889', 'epoch': '1.094'}
{'loss': '0.2991', 'grad_norm': '0.7051', 'learning_rate': '0.0002824', 'epoch': '1.25'}
{'loss': '0.3129', 'grad_norm': '0.6141', 'learning_rate': '0.0002759', 'epoch': '1.406'}
{'loss': '0.2707', 'grad_norm': '0.4916', 'learning_rate': '0.0002693', 'epoch': '1.562'}
{'loss': '0.3035', 'grad_norm': '0.4289', 'learning_rate': '0.0002628', 'epoch': '1.719'}
{'loss': '0.2795', 'grad_norm': '0.5434', 'learning_rate': '0.0002563', 'epoch': '1.875'}
{'eval_loss': '0.469', 'eval_runtime': '3.226', 'eval_samples_per_second': '39.06', 'eval_steps_per_second': '2.48', 'epoch': '2'}
{'loss': '0.2759', 'grad_norm': '0.5465', 'learning_rate': '0.0002498', 'epoch': '2.031'}
{'loss': '0.1876', 'grad_norm': '0.4315', 'learning_rate': '0.0002433', 'epoch': '2.188'}
{'loss': '0.2039', 'grad_norm': '0.849', 'learning_rate': '0.0002367', 'epoch': '2.344'}
{'loss': '0.1738', 'grad_norm': '0.431', 'learning_rate': '0.0002302', 'epoch': '2.5'}
{'loss': '0.1908', 'grad_norm': '0.8834', 'learning_rate': '0.0002237', 'epoch': '2.656'}
{'loss': '0.1826', 'grad_norm': '1.058', 'learning_rate': '0.0002172', 'epoch': '2.812'}
{'loss': '0.2216', 'grad_norm': '0.6713', 'learning_rate': '0.0002107', 'epoch': '2.969'}
{'eval_loss': '0.5375', 'eval_runtime': '3.215', 'eval_samples_per_second': '39.19', 'eval_steps_per_second': '2.488', 'epoch': '3'}
{'loss': '0.1477', 'grad_norm': '0.8123', 'learning_rate': '0.0002041', 'epoch': '3.125'}
{'loss': '0.1037', 'grad_norm': '0.4113', 'learning_rate': '0.0001976', 'epoch': '3.281'}
{'loss': '0.1255', 'grad_norm': '0.6148', 'learning_rate': '0.0001911', 'epoch': '3.438'}
{'loss': '0.1183', 'grad_norm': '0.723', 'learning_rate': '0.0001846', 'epoch': '3.594'}
{'loss': '0.1021', 'grad_norm': '0.6195', 'learning_rate': '0.000178', 'epoch': '3.75'}
{'loss': '0.1194', 'grad_norm': '0.5645', 'learning_rate': '0.0001715', 'epoch': '3.906'}
{'eval_loss': '0.6058', 'eval_runtime': '3.203', 'eval_samples_per_second': '39.34', 'eval_steps_per_second': '2.498', 'epoch': '4'}
{'loss': '0.09656', 'grad_norm': '0.4309', 'learning_rate': '0.000165', 'epoch': '4.062'}
{'loss': '0.05681', 'grad_norm': '0.6523', 'learning_rate': '0.0001585', 'epoch': '4.219'}
{'loss': '0.05871', 'grad_norm': '0.5507', 'learning_rate': '0.000152', 'epoch': '4.375'}
{'loss': '0.06087', 'grad_norm': '1.315', 'learning_rate': '0.0001454', 'epoch': '4.531'}
{'loss': '0.05547', 'grad_norm': '0.5993', 'learning_rate': '0.0001389', 'epoch': '4.688'}
{'loss': '0.06334', 'grad_norm': '0.5876', 'learning_rate': '0.0001324', 'epoch': '4.844'}
{'loss': '0.06684', 'grad_norm': '0.4926', 'learning_rate': '0.0001259', 'epoch': '5'}
{'eval_loss': '0.6459', 'eval_runtime': '3.233', 'eval_samples_per_second': '38.97', 'eval_steps_per_second': '2.474', 'epoch': '5'}
{'loss': '0.02842', 'grad_norm': '0.3943', 'learning_rate': '0.0001193', 'epoch': '5.156'}
{'loss': '0.02824', 'grad_norm': '0.4064', 'learning_rate': '0.0001128', 'epoch': '5.312'}
{'loss': '0.02662', 'grad_norm': '0.2828', 'learning_rate': '0.0001063', 'epoch': '5.469'}
{'loss': '0.03123', 'grad_norm': '0.3287', 'learning_rate': '9.978e-05', 'epoch': '5.625'}
{'loss': '0.03596', 'grad_norm': '0.4201', 'learning_rate': '9.326e-05', 'epoch': '5.781'}
{'loss': '0.03605', 'grad_norm': '0.6756', 'learning_rate': '8.674e-05', 'epoch': '5.938'}
{'eval_loss': '0.7138', 'eval_runtime': '3.256', 'eval_samples_per_second': '38.69', 'eval_steps_per_second': '2.457', 'epoch': '6'}
{'loss': '0.02366', 'grad_norm': '0.3021', 'learning_rate': '8.022e-05', 'epoch': '6.094'}
{'loss': '0.01422', 'grad_norm': '0.366', 'learning_rate': '7.37e-05', 'epoch': '6.25'}
{'loss': '0.01701', 'grad_norm': '0.2649', 'learning_rate': '6.717e-05', 'epoch': '6.406'}
{'loss': '0.01538', 'grad_norm': '0.3072', 'learning_rate': '6.065e-05', 'epoch': '6.562'}
{'loss': '0.01305', 'grad_norm': '0.2436', 'learning_rate': '5.413e-05', 'epoch': '6.719'}
{'loss': '0.01272', 'grad_norm': '0.2854', 'learning_rate': '4.761e-05', 'epoch': '6.875'}
{'eval_loss': '0.7683', 'eval_runtime': '3.237', 'eval_samples_per_second': '38.93', 'eval_steps_per_second': '2.472', 'epoch': '7'}
{'loss': '0.01434', 'grad_norm': '0.1407', 'learning_rate': '4.109e-05', 'epoch': '7.031'}
{'loss': '0.01165', 'grad_norm': '0.1842', 'learning_rate': '3.457e-05', 'epoch': '7.188'}
{'loss': '0.01051', 'grad_norm': '0.275', 'learning_rate': '2.804e-05', 'epoch': '7.344'}
{'loss': '0.009087', 'grad_norm': '0.12', 'learning_rate': '2.152e-05', 'epoch': '7.5'}
{'loss': '0.008193', 'grad_norm': '0.157', 'learning_rate': '1.5e-05', 'epoch': '7.656'}
{'loss': '0.009121', 'grad_norm': '0.1888', 'learning_rate': '8.478e-06', 'epoch': '7.812'}
{'loss': '0.009463', 'grad_norm': '0.1709', 'learning_rate': '1.957e-06', 'epoch': '7.969'}
{'eval_loss': '0.7902', 'eval_runtime': '3.279', 'eval_samples_per_second': '38.43', 'eval_steps_per_second': '2.44', 'epoch': '8'}
{'train_runtime': '177.1', 'train_samples_per_second': '23.08', 'train_steps_per_second': '2.891', 'train_loss': '0.1496', 'epoch': '8'}
s23558_armB_decoder_mlp_lora_b80_r8_lr0.0003_seed0: WER 0.4420 -> 0.3085 (+30.2%, p 0.000); forgiven 0.2947 -> 0.2253 (+23.5%, p 0.000) in 4.0 min train 184s base 0s other_arm 0s load_tuned 7s transcribe_tuned 46s score 0s
s30685_armB_decoder_mlp_lora_b80_r8_lr0.0003_seed0: 328 train chunks (79.8 min), 105 dev, select on loss
trainable params: 3,276,800 || all params: 1,546,767,360 || trainable%: 0.2118
precision: bf16, base weights torch.bfloat16, grad checkpointing False, lr 0.0003, method lora
{'loss': '0.4855', 'grad_norm': '0.1417', 'learning_rate': '8.182e-05', 'epoch': '0.2439'}
{'loss': '0.4451', 'grad_norm': '0.3154', 'learning_rate': '0.0001727', 'epoch': '0.4878'}
{'loss': '0.3485', 'grad_norm': '0.7165', 'learning_rate': '0.0002636', 'epoch': '0.7317'}
{'loss': '0.3139', 'grad_norm': '0.546', 'learning_rate': '0.0002939', 'epoch': '0.9756'}
{'eval_loss': '0.35', 'eval_runtime': '3.611', 'eval_samples_per_second': '29.08', 'eval_steps_per_second': '1.938', 'epoch': '1'}
{'loss': '0.2487', 'grad_norm': '0.5791', 'learning_rate': '0.0002837', 'epoch': '1.22'}
{'loss': '0.2244', 'grad_norm': '0.3669', 'learning_rate': '0.0002736', 'epoch': '1.463'}
{'loss': '0.2374', 'grad_norm': '0.6116', 'learning_rate': '0.0002634', 'epoch': '1.707'}
{'loss': '0.2442', 'grad_norm': '0.4223', 'learning_rate': '0.0002532', 'epoch': '1.951'}
{'eval_loss': '0.3372', 'eval_runtime': '2.822', 'eval_samples_per_second': '37.21', 'eval_steps_per_second': '2.481', 'epoch': '2'}
{'loss': '0.159', 'grad_norm': '0.377', 'learning_rate': '0.0002431', 'epoch': '2.195'}
{'loss': '0.1442', 'grad_norm': '0.5735', 'learning_rate': '0.0002329', 'epoch': '2.439'}
{'loss': '0.1312', 'grad_norm': '0.5735', 'learning_rate': '0.0002227', 'epoch': '2.683'}
{'loss': '0.1684', 'grad_norm': '0.8925', 'learning_rate': '0.0002125', 'epoch': '2.927'}
{'eval_loss': '0.3769', 'eval_runtime': '2.825', 'eval_samples_per_second': '37.17', 'eval_steps_per_second': '2.478', 'epoch': '3'}
{'loss': '0.1109', 'grad_norm': '0.2588', 'learning_rate': '0.0002024', 'epoch': '3.171'}
{'loss': '0.08356', 'grad_norm': '0.4559', 'learning_rate': '0.0001922', 'epoch': '3.415'}
{'loss': '0.08902', 'grad_norm': '0.8307', 'learning_rate': '0.000182', 'epoch': '3.659'}
{'loss': '0.08368', 'grad_norm': '0.5167', 'learning_rate': '0.0001719', 'epoch': '3.902'}
{'eval_loss': '0.438', 'eval_runtime': '2.823', 'eval_samples_per_second': '37.19', 'eval_steps_per_second': '2.479', 'epoch': '4'}
{'loss': '0.06986', 'grad_norm': '0.3807', 'learning_rate': '0.0001617', 'epoch': '4.146'}
{'loss': '0.0389', 'grad_norm': '0.6874', 'learning_rate': '0.0001515', 'epoch': '4.39'}
{'loss': '0.03699', 'grad_norm': '0.6605', 'learning_rate': '0.0001414', 'epoch': '4.634'}
{'loss': '0.03946', 'grad_norm': '0.6296', 'learning_rate': '0.0001312', 'epoch': '4.878'}
{'eval_loss': '0.4672', 'eval_runtime': '2.783', 'eval_samples_per_second': '37.74', 'eval_steps_per_second': '2.516', 'epoch': '5'}
{'loss': '0.02581', 'grad_norm': '0.2277', 'learning_rate': '0.000121', 'epoch': '5.122'}
{'loss': '0.02141', 'grad_norm': '0.2924', 'learning_rate': '0.0001108', 'epoch': '5.366'}
{'loss': '0.01741', 'grad_norm': '0.5267', 'learning_rate': '0.0001007', 'epoch': '5.61'}
{'loss': '0.01768', 'grad_norm': '0.2668', 'learning_rate': '9.051e-05', 'epoch': '5.854'}
{'eval_loss': '0.5092', 'eval_runtime': '2.791', 'eval_samples_per_second': '37.62', 'eval_steps_per_second': '2.508', 'epoch': '6'}
{'loss': '0.01475', 'grad_norm': '0.1311', 'learning_rate': '8.034e-05', 'epoch': '6.098'}
{'loss': '0.0107', 'grad_norm': '0.1864', 'learning_rate': '7.017e-05', 'epoch': '6.341'}
{'loss': '0.01115', 'grad_norm': '0.1723', 'learning_rate': '6e-05', 'epoch': '6.585'}
{'loss': '0.008022', 'grad_norm': '0.1359', 'learning_rate': '4.983e-05', 'epoch': '6.829'}
{'eval_loss': '0.5543', 'eval_runtime': '2.781', 'eval_samples_per_second': '37.76', 'eval_steps_per_second': '2.517', 'epoch': '7'}
{'loss': '0.006758', 'grad_norm': '0.08496', 'learning_rate': '3.966e-05', 'epoch': '7.073'}
{'loss': '0.005513', 'grad_norm': '0.1455', 'learning_rate': '2.949e-05', 'epoch': '7.317'}
{'loss': '0.006532', 'grad_norm': '0.1397', 'learning_rate': '1.932e-05', 'epoch': '7.561'}
{'loss': '0.005412', 'grad_norm': '0.1025', 'learning_rate': '9.153e-06', 'epoch': '7.805'}
{'eval_loss': '0.568', 'eval_runtime': '2.819', 'eval_samples_per_second': '37.25', 'eval_steps_per_second': '2.483', 'epoch': '8'}
{'train_runtime': '125', 'train_samples_per_second': '20.99', 'train_steps_per_second': '2.623', 'train_loss': '0.1177', 'epoch': '8'}
s30685_armB_decoder_mlp_lora_b80_r8_lr0.0003_seed0: WER 0.2330 -> 0.2063 (+11.5%, p 0.000); forgiven 0.1094 -> 0.1191 (-8.9%, p 0.048) in 2.8 min train 133s base 0s other_arm 0s load_tuned 7s transcribe_tuned 29s score 0s
s30701_armB_decoder_mlp_lora_b80_r8_lr0.0003_seed0: 385 train chunks (79.9 min), 88 dev, select on loss
trainable params: 3,276,800 || all params: 1,546,767,360 || trainable%: 0.2118
precision: bf16, base weights torch.bfloat16, grad checkpointing False, lr 0.0003, method lora
{'loss': '0.5056', 'grad_norm': '0.129', 'learning_rate': '6.75e-05', 'epoch': '0.2041'}
{'loss': '0.4927', 'grad_norm': '0.2149', 'learning_rate': '0.0001425', 'epoch': '0.4082'}
{'loss': '0.4589', 'grad_norm': '0.8763', 'learning_rate': '0.0002175', 'epoch': '0.6122'}
{'loss': '0.321', 'grad_norm': '0.7874', 'learning_rate': '0.0002925', 'epoch': '0.8163'}
{'eval_loss': '0.2999', 'eval_runtime': '3.753', 'eval_samples_per_second': '23.45', 'eval_steps_per_second': '1.599', 'epoch': '1'}
{'loss': '0.2822', 'grad_norm': '0.609', 'learning_rate': '0.0002923', 'epoch': '1.02'}
{'loss': '0.2686', 'grad_norm': '0.4822', 'learning_rate': '0.0002838', 'epoch': '1.224'}
{'loss': '0.2747', 'grad_norm': '0.4849', 'learning_rate': '0.0002753', 'epoch': '1.429'}
{'loss': '0.2446', 'grad_norm': '0.599', 'learning_rate': '0.0002668', 'epoch': '1.633'}
{'loss': '0.2842', 'grad_norm': '0.6444', 'learning_rate': '0.0002582', 'epoch': '1.837'}
{'eval_loss': '0.2904', 'eval_runtime': '2.388', 'eval_samples_per_second': '36.85', 'eval_steps_per_second': '2.512', 'epoch': '2'}
{'loss': '0.2787', 'grad_norm': '0.3736', 'learning_rate': '0.0002497', 'epoch': '2.041'}
{'loss': '0.173', 'grad_norm': '0.3958', 'learning_rate': '0.0002412', 'epoch': '2.245'}
{'loss': '0.1873', 'grad_norm': '0.7563', 'learning_rate': '0.0002327', 'epoch': '2.449'}
{'loss': '0.175', 'grad_norm': '0.4437', 'learning_rate': '0.0002241', 'epoch': '2.653'}
{'loss': '0.1515', 'grad_norm': '0.3456', 'learning_rate': '0.0002156', 'epoch': '2.857'}
{'eval_loss': '0.3166', 'eval_runtime': '2.382', 'eval_samples_per_second': '36.94', 'eval_steps_per_second': '2.519', 'epoch': '3'}
{'loss': '0.1841', 'grad_norm': '0.3709', 'learning_rate': '0.0002071', 'epoch': '3.061'}
{'loss': '0.1275', 'grad_norm': '0.9418', 'learning_rate': '0.0001986', 'epoch': '3.265'}
{'loss': '0.1021', 'grad_norm': '0.36', 'learning_rate': '0.0001901', 'epoch': '3.469'}
{'loss': '0.09273', 'grad_norm': '0.4695', 'learning_rate': '0.0001815', 'epoch': '3.673'}
{'loss': '0.1139', 'grad_norm': '0.7024', 'learning_rate': '0.000173', 'epoch': '3.878'}
{'eval_loss': '0.3582', 'eval_runtime': '2.414', 'eval_samples_per_second': '36.45', 'eval_steps_per_second': '2.485', 'epoch': '4'}
{'loss': '0.09157', 'grad_norm': '0.8311', 'learning_rate': '0.0001645', 'epoch': '4.082'}
{'loss': '0.05084', 'grad_norm': '0.5794', 'learning_rate': '0.000156', 'epoch': '4.286'}
{'loss': '0.05717', 'grad_norm': '0.4968', 'learning_rate': '0.0001474', 'epoch': '4.49'}
{'loss': '0.05268', 'grad_norm': '1.383', 'learning_rate': '0.0001389', 'epoch': '4.694'}
{'loss': '0.06778', 'grad_norm': '0.717', 'learning_rate': '0.0001304', 'epoch': '4.898'}
{'eval_loss': '0.4019', 'eval_runtime': '2.388', 'eval_samples_per_second': '36.85', 'eval_steps_per_second': '2.513', 'epoch': '5'}
{'loss': '0.04223', 'grad_norm': '0.3876', 'learning_rate': '0.0001219', 'epoch': '5.102'}
{'loss': '0.03287', 'grad_norm': '0.7806', 'learning_rate': '0.0001134', 'epoch': '5.306'}
{'loss': '0.03185', 'grad_norm': '0.9099', 'learning_rate': '0.0001048', 'epoch': '5.51'}
{'loss': '0.02763', 'grad_norm': '0.3204', 'learning_rate': '9.631e-05', 'epoch': '5.714'}
{'loss': '0.02106', 'grad_norm': '0.3718', 'learning_rate': '8.778e-05', 'epoch': '5.918'}
{'eval_loss': '0.4402', 'eval_runtime': '2.431', 'eval_samples_per_second': '36.2', 'eval_steps_per_second': '2.468', 'epoch': '6'}
{'loss': '0.01687', 'grad_norm': '0.2395', 'learning_rate': '7.926e-05', 'epoch': '6.122'}
{'loss': '0.01662', 'grad_norm': '0.2688', 'learning_rate': '7.074e-05', 'epoch': '6.327'}
{'loss': '0.01399', 'grad_norm': '0.2355', 'learning_rate': '6.222e-05', 'epoch': '6.531'}
{'loss': '0.01588', 'grad_norm': '0.1707', 'learning_rate': '5.369e-05', 'epoch': '6.735'}
{'loss': '0.01707', 'grad_norm': '0.3116', 'learning_rate': '4.517e-05', 'epoch': '6.939'}
{'eval_loss': '0.4762', 'eval_runtime': '2.414', 'eval_samples_per_second': '36.45', 'eval_steps_per_second': '2.485', 'epoch': '7'}
{'loss': '0.01299', 'grad_norm': '0.1623', 'learning_rate': '3.665e-05', 'epoch': '7.143'}
{'loss': '0.01032', 'grad_norm': '0.1073', 'learning_rate': '2.812e-05', 'epoch': '7.347'}
{'loss': '0.01045', 'grad_norm': '0.2293', 'learning_rate': '1.96e-05', 'epoch': '7.551'}
{'loss': '0.01099', 'grad_norm': '0.9078', 'learning_rate': '1.108e-05', 'epoch': '7.755'}
{'loss': '0.009084', 'grad_norm': '0.1897', 'learning_rate': '2.557e-06', 'epoch': '7.959'}
{'eval_loss': '0.4766', 'eval_runtime': '2.423', 'eval_samples_per_second': '36.32', 'eval_steps_per_second': '2.476', 'epoch': '8'}
{'train_runtime': '143.9', 'train_samples_per_second': '21.4', 'train_steps_per_second': '2.724', 'train_loss': '0.136', 'epoch': '8'}
s30701_armB_decoder_mlp_lora_b80_r8_lr0.0003_seed0: WER 0.4059 -> 0.3044 (+25.0%, p 0.001); forgiven 0.2669 -> 0.2244 (+15.9%, p 0.222) in 3.6 min train 152s base 0s other_arm 0s load_tuned 7s transcribe_tuned 59s score 0s
s30718_armB_decoder_mlp_lora_b80_r8_lr0.0003_seed0: 300 train chunks (79.7 min), 43 dev, select on loss
trainable params: 3,276,800 || all params: 1,546,767,360 || trainable%: 0.2118
precision: bf16, base weights torch.bfloat16, grad checkpointing False, lr 0.0003, method lora
{'loss': '0.4302', 'grad_norm': '0.08164', 'learning_rate': '8.71e-05', 'epoch': '0.2632'}
{'loss': '0.499', 'grad_norm': '0.3865', 'learning_rate': '0.0001839', 'epoch': '0.5263'}
{'loss': '0.2976', 'grad_norm': '0.9707', 'learning_rate': '0.0002806', 'epoch': '0.7895'}
{'eval_loss': '0.2114', 'eval_runtime': '2.766', 'eval_samples_per_second': '15.55', 'eval_steps_per_second': '1.085', 'epoch': '1'}
{'loss': '0.2923', 'grad_norm': '0.4103', 'learning_rate': '0.0002912', 'epoch': '1.053'}
{'loss': '0.2377', 'grad_norm': '0.4109', 'learning_rate': '0.0002802', 'epoch': '1.316'}
{'loss': '0.2383', 'grad_norm': '0.256', 'learning_rate': '0.0002692', 'epoch': '1.579'}
{'loss': '0.2592', 'grad_norm': '0.2768', 'learning_rate': '0.0002582', 'epoch': '1.842'}
{'eval_loss': '0.2031', 'eval_runtime': '1.405', 'eval_samples_per_second': '30.6', 'eval_steps_per_second': '2.135', 'epoch': '2'}
{'loss': '0.2109', 'grad_norm': '0.3241', 'learning_rate': '0.0002473', 'epoch': '2.105'}
{'loss': '0.1721', 'grad_norm': '0.5393', 'learning_rate': '0.0002363', 'epoch': '2.368'}
{'loss': '0.1553', 'grad_norm': '0.6103', 'learning_rate': '0.0002253', 'epoch': '2.632'}
{'loss': '0.159', 'grad_norm': '0.5466', 'learning_rate': '0.0002143', 'epoch': '2.895'}
{'eval_loss': '0.2272', 'eval_runtime': '1.374', 'eval_samples_per_second': '31.29', 'eval_steps_per_second': '2.183', 'epoch': '3'}
{'loss': '0.1064', 'grad_norm': '0.3828', 'learning_rate': '0.0002033', 'epoch': '3.158'}
{'loss': '0.09026', 'grad_norm': '0.4329', 'learning_rate': '0.0001923', 'epoch': '3.421'}
{'loss': '0.0975', 'grad_norm': '0.5209', 'learning_rate': '0.0001813', 'epoch': '3.684'}
{'loss': '0.1075', 'grad_norm': '0.5168', 'learning_rate': '0.0001703', 'epoch': '3.947'}
{'eval_loss': '0.2522', 'eval_runtime': '1.384', 'eval_samples_per_second': '31.07', 'eval_steps_per_second': '2.167', 'epoch': '4'}
{'loss': '0.05942', 'grad_norm': '0.4982', 'learning_rate': '0.0001593', 'epoch': '4.211'}
{'loss': '0.04512', 'grad_norm': '0.297', 'learning_rate': '0.0001484', 'epoch': '4.474'}
{'loss': '0.05172', 'grad_norm': '0.6053', 'learning_rate': '0.0001374', 'epoch': '4.737'}
{'loss': '0.05231', 'grad_norm': '0.7194', 'learning_rate': '0.0001264', 'epoch': '5'}
{'eval_loss': '0.2921', 'eval_runtime': '1.354', 'eval_samples_per_second': '31.76', 'eval_steps_per_second': '2.216', 'epoch': '5'}
{'loss': '0.0234', 'grad_norm': '0.295', 'learning_rate': '0.0001154', 'epoch': '5.263'}
{'loss': '0.02741', 'grad_norm': '0.7429', 'learning_rate': '0.0001044', 'epoch': '5.526'}
{'loss': '0.02495', 'grad_norm': '0.2812', 'learning_rate': '9.341e-05', 'epoch': '5.789'}
{'eval_loss': '0.3256', 'eval_runtime': '1.363', 'eval_samples_per_second': '31.54', 'eval_steps_per_second': '2.2', 'epoch': '6'}
{'loss': '0.02241', 'grad_norm': '0.2226', 'learning_rate': '8.242e-05', 'epoch': '6.053'}
{'loss': '0.01327', 'grad_norm': '0.3111', 'learning_rate': '7.143e-05', 'epoch': '6.316'}
{'loss': '0.01236', 'grad_norm': '0.4667', 'learning_rate': '6.044e-05', 'epoch': '6.579'}
{'loss': '0.01214', 'grad_norm': '0.2743', 'learning_rate': '4.945e-05', 'epoch': '6.842'}
{'eval_loss': '0.3495', 'eval_runtime': '1.359', 'eval_samples_per_second': '31.63', 'eval_steps_per_second': '2.207', 'epoch': '7'}
{'loss': '0.01087', 'grad_norm': '0.1743', 'learning_rate': '3.846e-05', 'epoch': '7.105'}
{'loss': '0.008949', 'grad_norm': '0.1406', 'learning_rate': '2.747e-05', 'epoch': '7.368'}
{'loss': '0.007892', 'grad_norm': '0.1184', 'learning_rate': '1.648e-05', 'epoch': '7.632'}
{'loss': '0.008513', 'grad_norm': '0.2154', 'learning_rate': '5.495e-06', 'epoch': '7.895'}
{'eval_loss': '0.3635', 'eval_runtime': '1.356', 'eval_samples_per_second': '31.7', 'eval_steps_per_second': '2.212', 'epoch': '8'}
{'train_runtime': '111', 'train_samples_per_second': '21.61', 'train_steps_per_second': '2.738', 'train_loss': '0.123', 'epoch': '8'}
s30718_armB_decoder_mlp_lora_b80_r8_lr0.0003_seed0: WER 0.1995 -> 0.1852 (+7.2%, p 0.011); forgiven 0.1404 -> 0.1485 (-5.7%, p 0.099) in 2.9 min train 119s base 0s other_arm 0s load_tuned 7s transcribe_tuned 49s score 0s
s30752_armB_decoder_mlp_lora_b80_r8_lr0.0003_seed0: 410 train chunks (79.9 min), 93 dev, select on loss
trainable params: 3,276,800 || all params: 1,546,767,360 || trainable%: 0.2118
precision: bf16, base weights torch.bfloat16, grad checkpointing False, lr 0.0003, method lora
{'loss': '0.5376', 'grad_norm': '0.146', 'learning_rate': '6.429e-05', 'epoch': '0.1923'}
{'loss': '0.5465', 'grad_norm': '0.38', 'learning_rate': '0.0001357', 'epoch': '0.3846'}
{'loss': '0.4582', 'grad_norm': '0.6703', 'learning_rate': '0.0002071', 'epoch': '0.5769'}
{'loss': '0.3091', 'grad_norm': '1.219', 'learning_rate': '0.0002786', 'epoch': '0.7692'}
{'loss': '0.3198', 'grad_norm': '0.448', 'learning_rate': '0.0002944', 'epoch': '0.9615'}
{'eval_loss': '0.2931', 'eval_runtime': '3.74', 'eval_samples_per_second': '24.86', 'eval_steps_per_second': '1.604', 'epoch': '1'}
{'loss': '0.2399', 'grad_norm': '0.3901', 'learning_rate': '0.0002864', 'epoch': '1.154'}
{'loss': '0.2524', 'grad_norm': '0.3761', 'learning_rate': '0.0002783', 'epoch': '1.346'}
{'loss': '0.2264', 'grad_norm': '0.6933', 'learning_rate': '0.0002703', 'epoch': '1.538'}
{'loss': '0.2813', 'grad_norm': '0.5439', 'learning_rate': '0.0002623', 'epoch': '1.731'}
{'loss': '0.2346', 'grad_norm': '0.5018', 'learning_rate': '0.0002543', 'epoch': '1.923'}
{'eval_loss': '0.2901', 'eval_runtime': '2.432', 'eval_samples_per_second': '38.24', 'eval_steps_per_second': '2.467', 'epoch': '2'}
{'loss': '0.1786', 'grad_norm': '0.4866', 'learning_rate': '0.0002463', 'epoch': '2.115'}
{'loss': '0.1565', 'grad_norm': '0.6961', 'learning_rate': '0.0002382', 'epoch': '2.308'}
{'loss': '0.1456', 'grad_norm': '0.5585', 'learning_rate': '0.0002302', 'epoch': '2.5'}
{'loss': '0.1349', 'grad_norm': '0.9467', 'learning_rate': '0.0002222', 'epoch': '2.692'}
{'loss': '0.1491', 'grad_norm': '0.5823', 'learning_rate': '0.0002142', 'epoch': '2.885'}
{'eval_loss': '0.3238', 'eval_runtime': '2.413', 'eval_samples_per_second': '38.53', 'eval_steps_per_second': '2.486', 'epoch': '3'}
{'loss': '0.1121', 'grad_norm': '0.4606', 'learning_rate': '0.0002061', 'epoch': '3.077'}
{'loss': '0.08545', 'grad_norm': '0.614', 'learning_rate': '0.0001981', 'epoch': '3.269'}
{'loss': '0.0781', 'grad_norm': '0.5438', 'learning_rate': '0.0001901', 'epoch': '3.462'}
{'loss': '0.07169', 'grad_norm': '0.561', 'learning_rate': '0.0001821', 'epoch': '3.654'}
{'loss': '0.07128', 'grad_norm': '0.7719', 'learning_rate': '0.0001741', 'epoch': '3.846'}
{'eval_loss': '0.3891', 'eval_runtime': '2.38', 'eval_samples_per_second': '39.07', 'eval_steps_per_second': '2.521', 'epoch': '4'}
{'loss': '0.05748', 'grad_norm': '0.3289', 'learning_rate': '0.000166', 'epoch': '4.038'}
{'loss': '0.03258', 'grad_norm': '0.7067', 'learning_rate': '0.000158', 'epoch': '4.231'}
{'loss': '0.04049', 'grad_norm': '0.3436', 'learning_rate': '0.00015', 'epoch': '4.423'}
{'loss': '0.03532', 'grad_norm': '0.5698', 'learning_rate': '0.000142', 'epoch': '4.615'}
{'loss': '0.03258', 'grad_norm': '0.3687', 'learning_rate': '0.000134', 'epoch': '4.808'}
{'loss': '0.0328', 'grad_norm': '0.7566', 'learning_rate': '0.0001259', 'epoch': '5'}
{'eval_loss': '0.444', 'eval_runtime': '2.379', 'eval_samples_per_second': '39.1', 'eval_steps_per_second': '2.522', 'epoch': '5'}
{'loss': '0.01228', 'grad_norm': '0.1844', 'learning_rate': '0.0001179', 'epoch': '5.192'}
{'loss': '0.01208', 'grad_norm': '0.2056', 'learning_rate': '0.0001099', 'epoch': '5.385'}
{'loss': '0.01834', 'grad_norm': '0.2789', 'learning_rate': '0.0001019', 'epoch': '5.577'}
{'loss': '0.01276', 'grad_norm': '0.5516', 'learning_rate': '9.385e-05', 'epoch': '5.769'}
{'loss': '0.0178', 'grad_norm': '0.3504', 'learning_rate': '8.583e-05', 'epoch': '5.962'}
{'eval_loss': '0.4941', 'eval_runtime': '2.4', 'eval_samples_per_second': '38.75', 'eval_steps_per_second': '2.5', 'epoch': '6'}
{'loss': '0.008525', 'grad_norm': '0.09416', 'learning_rate': '7.781e-05', 'epoch': '6.154'}
{'loss': '0.008132', 'grad_norm': '0.1688', 'learning_rate': '6.979e-05', 'epoch': '6.346'}
{'loss': '0.008932', 'grad_norm': '0.1375', 'learning_rate': '6.176e-05', 'epoch': '6.538'}
{'loss': '0.007075', 'grad_norm': '0.1067', 'learning_rate': '5.374e-05', 'epoch': '6.731'}
{'loss': '0.007417', 'grad_norm': '0.08612', 'learning_rate': '4.572e-05', 'epoch': '6.923'}
{'eval_loss': '0.524', 'eval_runtime': '2.394', 'eval_samples_per_second': '38.84', 'eval_steps_per_second': '2.506', 'epoch': '7'}
{'loss': '0.005926', 'grad_norm': '0.1107', 'learning_rate': '3.77e-05', 'epoch': '7.115'}
{'loss': '0.004792', 'grad_norm': '0.1047', 'learning_rate': '2.968e-05', 'epoch': '7.308'}
{'loss': '0.004655', 'grad_norm': '0.1018', 'learning_rate': '2.166e-05', 'epoch': '7.5'}
{'loss': '0.005318', 'grad_norm': '0.1151', 'learning_rate': '1.364e-05', 'epoch': '7.692'}
{'loss': '0.006975', 'grad_norm': '0.09554', 'learning_rate': '5.615e-06', 'epoch': '7.885'}
{'eval_loss': '0.5349', 'eval_runtime': '2.385', 'eval_samples_per_second': '38.99', 'eval_steps_per_second': '2.516', 'epoch': '8'}
{'train_runtime': '151.3', 'train_samples_per_second': '21.67', 'train_steps_per_second': '2.749', 'train_loss': '0.1193', 'epoch': '8'}
s30752_armB_decoder_mlp_lora_b80_r8_lr0.0003_seed0: WER 0.1956 -> 0.1657 (+15.3%, p 0.000); forgiven 0.1353 -> 0.1262 (+6.8%, p 0.112) in 3.2 min train 159s base 0s other_arm 0s load_tuned 5s transcribe_tuned 26s score 0s
s30777_armB_decoder_mlp_lora_b80_r8_lr0.0003_seed0: 332 train chunks (79.9 min), 74 dev, select on loss
trainable params: 3,276,800 || all params: 1,546,767,360 || trainable%: 0.2118
precision: bf16, base weights torch.bfloat16, grad checkpointing False, lr 0.0003, method lora
{'loss': '0.4434', 'grad_norm': '0.121', 'learning_rate': '7.941e-05', 'epoch': '0.2381'}
{'loss': '0.4483', 'grad_norm': '0.3585', 'learning_rate': '0.0001676', 'epoch': '0.4762'}
{'loss': '0.3498', 'grad_norm': '1.069', 'learning_rate': '0.0002559', 'epoch': '0.7143'}
{'loss': '0.3021', 'grad_norm': '0.5125', 'learning_rate': '0.000295', 'epoch': '0.9524'}
{'eval_loss': '0.3517', 'eval_runtime': '3.284', 'eval_samples_per_second': '22.53', 'eval_steps_per_second': '1.522', 'epoch': '1'}
{'loss': '0.2205', 'grad_norm': '0.3678', 'learning_rate': '0.0002851', 'epoch': '1.19'}
{'loss': '0.2309', 'grad_norm': '0.3532', 'learning_rate': '0.0002752', 'epoch': '1.429'}
{'loss': '0.2156', 'grad_norm': '0.4946', 'learning_rate': '0.0002652', 'epoch': '1.667'}
{'loss': '0.2375', 'grad_norm': '0.3847', 'learning_rate': '0.0002553', 'epoch': '1.905'}
{'eval_loss': '0.3248', 'eval_runtime': '2.017', 'eval_samples_per_second': '36.69', 'eval_steps_per_second': '2.479', 'epoch': '2'}
{'loss': '0.214', 'grad_norm': '0.3377', 'learning_rate': '0.0002454', 'epoch': '2.143'}
{'loss': '0.162', 'grad_norm': '0.4363', 'learning_rate': '0.0002354', 'epoch': '2.381'}
{'loss': '0.1509', 'grad_norm': '0.4011', 'learning_rate': '0.0002255', 'epoch': '2.619'}
{'loss': '0.1548', 'grad_norm': '0.8235', 'learning_rate': '0.0002156', 'epoch': '2.857'}
{'eval_loss': '0.3539', 'eval_runtime': '2.065', 'eval_samples_per_second': '35.83', 'eval_steps_per_second': '2.421', 'epoch': '3'}
{'loss': '0.1267', 'grad_norm': '0.2938', 'learning_rate': '0.0002056', 'epoch': '3.095'}
{'loss': '0.0801', 'grad_norm': '0.4428', 'learning_rate': '0.0001957', 'epoch': '3.333'}
{'loss': '0.08638', 'grad_norm': '0.8735', 'learning_rate': '0.0001858', 'epoch': '3.571'}
{'loss': '0.09134', 'grad_norm': '0.641', 'learning_rate': '0.0001758', 'epoch': '3.81'}
{'eval_loss': '0.3921', 'eval_runtime': '2.059', 'eval_samples_per_second': '35.94', 'eval_steps_per_second': '2.429', 'epoch': '4'}
{'loss': '0.08752', 'grad_norm': '0.2792', 'learning_rate': '0.0001659', 'epoch': '4.048'}
{'loss': '0.04894', 'grad_norm': '0.4785', 'learning_rate': '0.000156', 'epoch': '4.286'}
{'loss': '0.04258', 'grad_norm': '0.465', 'learning_rate': '0.000146', 'epoch': '4.524'}
{'loss': '0.04392', 'grad_norm': '0.5391', 'learning_rate': '0.0001361', 'epoch': '4.762'}
{'loss': '0.04768', 'grad_norm': '1.55', 'learning_rate': '0.0001262', 'epoch': '5'}
{'eval_loss': '0.4398', 'eval_runtime': '2.061', 'eval_samples_per_second': '35.9', 'eval_steps_per_second': '2.426', 'epoch': '5'}
{'loss': '0.02274', 'grad_norm': '0.36', 'learning_rate': '0.0001162', 'epoch': '5.238'}
{'loss': '0.02238', 'grad_norm': '0.5382', 'learning_rate': '0.0001063', 'epoch': '5.476'}
{'loss': '0.02251', 'grad_norm': '0.3803', 'learning_rate': '9.636e-05', 'epoch': '5.714'}
{'loss': '0.02029', 'grad_norm': '0.265', 'learning_rate': '8.642e-05', 'epoch': '5.952'}
{'eval_loss': '0.4903', 'eval_runtime': '2.044', 'eval_samples_per_second': '36.2', 'eval_steps_per_second': '2.446', 'epoch': '6'}
{'loss': '0.01197', 'grad_norm': '0.2113', 'learning_rate': '7.649e-05', 'epoch': '6.19'}
{'loss': '0.01095', 'grad_norm': '0.1698', 'learning_rate': '6.656e-05', 'epoch': '6.429'}
{'loss': '0.01069', 'grad_norm': '0.2633', 'learning_rate': '5.662e-05', 'epoch': '6.667'}
{'loss': '0.01005', 'grad_norm': '0.3302', 'learning_rate': '4.669e-05', 'epoch': '6.905'}
{'eval_loss': '0.5178', 'eval_runtime': '2.108', 'eval_samples_per_second': '35.1', 'eval_steps_per_second': '2.372', 'epoch': '7'}
{'loss': '0.009518', 'grad_norm': '0.1413', 'learning_rate': '3.675e-05', 'epoch': '7.143'}
{'loss': '0.006193', 'grad_norm': '0.1143', 'learning_rate': '2.682e-05', 'epoch': '7.381'}
{'loss': '0.006667', 'grad_norm': '0.1672', 'learning_rate': '1.689e-05', 'epoch': '7.619'}
{'loss': '0.006855', 'grad_norm': '0.1732', 'learning_rate': '6.954e-06', 'epoch': '7.857'}
{'eval_loss': '0.5303', 'eval_runtime': '2.08', 'eval_samples_per_second': '35.57', 'eval_steps_per_second': '2.404', 'epoch': '8'}
{'train_runtime': '124.9', 'train_samples_per_second': '21.27', 'train_steps_per_second': '2.691', 'train_loss': '0.1176', 'epoch': '8'}
s30777_armB_decoder_mlp_lora_b80_r8_lr0.0003_seed0: WER 0.2237 -> 0.1938 (+13.4%, p 0.223); forgiven 0.1535 -> 0.1465 (+4.6%, p 0.940) in 3.1 min train 132s base 0s other_arm 0s load_tuned 6s transcribe_tuned 50s score 0s
s30813_armB_decoder_mlp_lora_b80_r8_lr0.0003_seed0: 320 train chunks (79.9 min), 44 dev, select on loss
trainable params: 3,276,800 || all params: 1,546,767,360 || trainable%: 0.2118
precision: bf16, base weights torch.bfloat16, grad checkpointing False, lr 0.0003, method lora
{'loss': '0.5242', 'grad_norm': '0.1242', 'learning_rate': '8.437e-05', 'epoch': '0.25'}
{'loss': '0.4794', 'grad_norm': '0.2598', 'learning_rate': '0.0001781', 'epoch': '0.5'}
{'loss': '0.4166', 'grad_norm': '0.9127', 'learning_rate': '0.0002719', 'epoch': '0.75'}
{'loss': '0.3451', 'grad_norm': '0.6233', 'learning_rate': '0.0002927', 'epoch': '1'}
{'eval_loss': '0.3744', 'eval_runtime': '2.588', 'eval_samples_per_second': '17', 'eval_steps_per_second': '1.159', 'epoch': '1'}
{'loss': '0.2949', 'grad_norm': '0.4767', 'learning_rate': '0.0002823', 'epoch': '1.25'}
{'loss': '0.2403', 'grad_norm': '0.3088', 'learning_rate': '0.0002719', 'epoch': '1.5'}
{'loss': '0.2636', 'grad_norm': '0.4323', 'learning_rate': '0.0002615', 'epoch': '1.75'}
{'loss': '0.2713', 'grad_norm': '1.045', 'learning_rate': '0.000251', 'epoch': '2'}
{'eval_loss': '0.3827', 'eval_runtime': '1.338', 'eval_samples_per_second': '32.88', 'eval_steps_per_second': '2.241', 'epoch': '2'}
{'loss': '0.2187', 'grad_norm': '0.6372', 'learning_rate': '0.0002406', 'epoch': '2.25'}
{'loss': '0.1582', 'grad_norm': '0.4658', 'learning_rate': '0.0002302', 'epoch': '2.5'}
{'loss': '0.1733', 'grad_norm': '0.6006', 'learning_rate': '0.0002198', 'epoch': '2.75'}
{'loss': '0.1672', 'grad_norm': '0.5934', 'learning_rate': '0.0002094', 'epoch': '3'}
{'eval_loss': '0.4227', 'eval_runtime': '1.343', 'eval_samples_per_second': '32.75', 'eval_steps_per_second': '2.233', 'epoch': '3'}
{'loss': '0.1093', 'grad_norm': '0.4698', 'learning_rate': '0.000199', 'epoch': '3.25'}
{'loss': '0.1032', 'grad_norm': '0.6466', 'learning_rate': '0.0001885', 'epoch': '3.5'}
{'loss': '0.09685', 'grad_norm': '1.147', 'learning_rate': '0.0001781', 'epoch': '3.75'}
{'loss': '0.1244', 'grad_norm': '0.9395', 'learning_rate': '0.0001677', 'epoch': '4'}
{'eval_loss': '0.5067', 'eval_runtime': '1.337', 'eval_samples_per_second': '32.91', 'eval_steps_per_second': '2.244', 'epoch': '4'}
{'loss': '0.0575', 'grad_norm': '0.4204', 'learning_rate': '0.0001573', 'epoch': '4.25'}
{'loss': '0.04511', 'grad_norm': '0.5853', 'learning_rate': '0.0001469', 'epoch': '4.5'}
{'loss': '0.0546', 'grad_norm': '0.629', 'learning_rate': '0.0001365', 'epoch': '4.75'}
{'loss': '0.06037', 'grad_norm': '0.5952', 'learning_rate': '0.000126', 'epoch': '5'}
{'eval_loss': '0.5395', 'eval_runtime': '1.338', 'eval_samples_per_second': '32.89', 'eval_steps_per_second': '2.243', 'epoch': '5'}
{'loss': '0.03301', 'grad_norm': '0.5926', 'learning_rate': '0.0001156', 'epoch': '5.25'}
{'loss': '0.02418', 'grad_norm': '0.6347', 'learning_rate': '0.0001052', 'epoch': '5.5'}
{'loss': '0.02521', 'grad_norm': '0.6399', 'learning_rate': '9.479e-05', 'epoch': '5.75'}
{'loss': '0.02528', 'grad_norm': '0.4063', 'learning_rate': '8.437e-05', 'epoch': '6'}
{'eval_loss': '0.5838', 'eval_runtime': '1.323', 'eval_samples_per_second': '33.26', 'eval_steps_per_second': '2.268', 'epoch': '6'}
{'loss': '0.01299', 'grad_norm': '0.3815', 'learning_rate': '7.396e-05', 'epoch': '6.25'}
{'loss': '0.0125', 'grad_norm': '0.2725', 'learning_rate': '6.354e-05', 'epoch': '6.5'}
{'loss': '0.01261', 'grad_norm': '0.402', 'learning_rate': '5.312e-05', 'epoch': '6.75'}
{'loss': '0.01125', 'grad_norm': '0.4362', 'learning_rate': '4.271e-05', 'epoch': '7'}
{'eval_loss': '0.6416', 'eval_runtime': '1.315', 'eval_samples_per_second': '33.46', 'eval_steps_per_second': '2.282', 'epoch': '7'}
{'loss': '0.008919', 'grad_norm': '0.1818', 'learning_rate': '3.229e-05', 'epoch': '7.25'}
{'loss': '0.007674', 'grad_norm': '0.1435', 'learning_rate': '2.187e-05', 'epoch': '7.5'}
{'loss': '0.006289', 'grad_norm': '0.192', 'learning_rate': '1.146e-05', 'epoch': '7.75'}
{'loss': '0.008036', 'grad_norm': '0.1346', 'learning_rate': '1.042e-06', 'epoch': '8'}
{'eval_loss': '0.6569', 'eval_runtime': '1.389', 'eval_samples_per_second': '31.68', 'eval_steps_per_second': '2.16', 'epoch': '8'}
{'train_runtime': '114.6', 'train_samples_per_second': '22.33', 'train_steps_per_second': '2.791', 'train_loss': '0.1373', 'epoch': '8'}
s30813_armB_decoder_mlp_lora_b80_r8_lr0.0003_seed0: WER 0.1607 -> 0.1727 (-7.5%, p 0.515); forgiven 0.1194 -> 0.1509 (-26.3%, p 0.185) in 2.7 min train 122s base 0s other_arm 0s load_tuned 8s transcribe_tuned 33s score 0s
s30831_armB_decoder_mlp_lora_b80_r8_lr0.0003_seed0: 372 train chunks (79.9 min), 70 dev, select on loss
trainable params: 3,276,800 || all params: 1,546,767,360 || trainable%: 0.2118
precision: bf16, base weights torch.bfloat16, grad checkpointing False, lr 0.0003, method lora
{'loss': '0.5557', 'grad_norm': '0.1843', 'learning_rate': '7.105e-05', 'epoch': '0.2128'}
{'loss': '0.4583', 'grad_norm': '0.4336', 'learning_rate': '0.00015', 'epoch': '0.4255'}
{'loss': '0.3435', 'grad_norm': '0.6249', 'learning_rate': '0.0002289', 'epoch': '0.6383'}
{'loss': '0.2986', 'grad_norm': '0.6665', 'learning_rate': '0.0002991', 'epoch': '0.8511'}
{'eval_loss': '0.2731', 'eval_runtime': '3.238', 'eval_samples_per_second': '21.62', 'eval_steps_per_second': '1.544', 'epoch': '1'}
{'loss': '0.3118', 'grad_norm': '0.6039', 'learning_rate': '0.0002902', 'epoch': '1.064'}
{'loss': '0.272', 'grad_norm': '0.3476', 'learning_rate': '0.0002814', 'epoch': '1.277'}
{'loss': '0.1828', 'grad_norm': '0.4752', 'learning_rate': '0.0002725', 'epoch': '1.489'}
{'loss': '0.202', 'grad_norm': '0.4328', 'learning_rate': '0.0002636', 'epoch': '1.702'}
{'loss': '0.256', 'grad_norm': '0.674', 'learning_rate': '0.0002547', 'epoch': '1.915'}
{'eval_loss': '0.2707', 'eval_runtime': '1.985', 'eval_samples_per_second': '35.27', 'eval_steps_per_second': '2.519', 'epoch': '2'}
{'loss': '0.2026', 'grad_norm': '0.2734', 'learning_rate': '0.0002459', 'epoch': '2.128'}
{'loss': '0.1472', 'grad_norm': '0.4151', 'learning_rate': '0.000237', 'epoch': '2.34'}
{'loss': '0.1362', 'grad_norm': '0.3414', 'learning_rate': '0.0002281', 'epoch': '2.553'}
{'loss': '0.1592', 'grad_norm': '0.9306', 'learning_rate': '0.0002192', 'epoch': '2.766'}
{'loss': '0.1489', 'grad_norm': '0.5237', 'learning_rate': '0.0002104', 'epoch': '2.979'}
{'eval_loss': '0.3108', 'eval_runtime': '1.988', 'eval_samples_per_second': '35.21', 'eval_steps_per_second': '2.515', 'epoch': '3'}
{'loss': '0.09046', 'grad_norm': '0.4239', 'learning_rate': '0.0002015', 'epoch': '3.191'}
{'loss': '0.0889', 'grad_norm': '0.6723', 'learning_rate': '0.0001926', 'epoch': '3.404'}
{'loss': '0.07527', 'grad_norm': '0.8591', 'learning_rate': '0.0001837', 'epoch': '3.617'}
{'loss': '0.08761', 'grad_norm': '0.2954', 'learning_rate': '0.0001749', 'epoch': '3.83'}
{'eval_loss': '0.3513', 'eval_runtime': '1.971', 'eval_samples_per_second': '35.51', 'eval_steps_per_second': '2.537', 'epoch': '4'}
{'loss': '0.08306', 'grad_norm': '0.2872', 'learning_rate': '0.000166', 'epoch': '4.043'}
{'loss': '0.04066', 'grad_norm': '0.337', 'learning_rate': '0.0001571', 'epoch': '4.255'}
{'loss': '0.04253', 'grad_norm': '0.3598', 'learning_rate': '0.0001482', 'epoch': '4.468'}
{'loss': '0.03354', 'grad_norm': '0.6175', 'learning_rate': '0.0001393', 'epoch': '4.681'}
{'loss': '0.038', 'grad_norm': '0.549', 'learning_rate': '0.0001305', 'epoch': '4.894'}
{'eval_loss': '0.4092', 'eval_runtime': '1.964', 'eval_samples_per_second': '35.64', 'eval_steps_per_second': '2.546', 'epoch': '5'}
{'loss': '0.03938', 'grad_norm': '0.3043', 'learning_rate': '0.0001216', 'epoch': '5.106'}
{'loss': '0.01774', 'grad_norm': '0.3549', 'learning_rate': '0.0001127', 'epoch': '5.319'}
{'loss': '0.01736', 'grad_norm': '0.4811', 'learning_rate': '0.0001038', 'epoch': '5.532'}
{'loss': '0.01822', 'grad_norm': '0.4255', 'learning_rate': '9.497e-05', 'epoch': '5.745'}
{'loss': '0.01827', 'grad_norm': '0.5397', 'learning_rate': '8.609e-05', 'epoch': '5.957'}
{'eval_loss': '0.4319', 'eval_runtime': '2.008', 'eval_samples_per_second': '34.86', 'eval_steps_per_second': '2.49', 'epoch': '6'}
{'loss': '0.01192', 'grad_norm': '0.1691', 'learning_rate': '7.722e-05', 'epoch': '6.17'}
{'loss': '0.01042', 'grad_norm': '0.2545', 'learning_rate': '6.834e-05', 'epoch': '6.383'}
{'loss': '0.01076', 'grad_norm': '0.2298', 'learning_rate': '5.947e-05', 'epoch': '6.596'}
{'loss': '0.007823', 'grad_norm': '0.1065', 'learning_rate': '5.059e-05', 'epoch': '6.809'}
{'eval_loss': '0.4649', 'eval_runtime': '1.98', 'eval_samples_per_second': '35.36', 'eval_steps_per_second': '2.526', 'epoch': '7'}
{'loss': '0.008666', 'grad_norm': '0.1189', 'learning_rate': '4.172e-05', 'epoch': '7.021'}
{'loss': '0.005791', 'grad_norm': '0.08839', 'learning_rate': '3.284e-05', 'epoch': '7.234'}
{'loss': '0.005584', 'grad_norm': '0.09254', 'learning_rate': '2.396e-05', 'epoch': '7.447'}
{'loss': '0.006617', 'grad_norm': '0.1296', 'learning_rate': '1.509e-05', 'epoch': '7.66'}
{'loss': '0.004889', 'grad_norm': '0.09005', 'learning_rate': '6.213e-06', 'epoch': '7.872'}
{'eval_loss': '0.4762', 'eval_runtime': '1.963', 'eval_samples_per_second': '35.66', 'eval_steps_per_second': '2.547', 'epoch': '8'}
{'train_runtime': '133.8', 'train_samples_per_second': '22.25', 'train_steps_per_second': '2.811', 'train_loss': '0.1181', 'epoch': '8'}
s30831_armB_decoder_mlp_lora_b80_r8_lr0.0003_seed0: WER 0.2736 -> 0.2262 (+17.3%, p 0.000); forgiven 0.1452 -> 0.1477 (-1.7%, p 0.738) in 3.0 min train 142s base 0s other_arm 0s load_tuned 8s transcribe_tuned 29s score 0s
s30843_armB_decoder_mlp_lora_b80_r8_lr0.0003_seed0: 397 train chunks (79.8 min), 118 dev, select on loss
trainable params: 3,276,800 || all params: 1,546,767,360 || trainable%: 0.2118
precision: bf16, base weights torch.bfloat16, grad checkpointing False, lr 0.0003, method lora
{'loss': '0.4646', 'grad_norm': '0.1479', 'learning_rate': '6.75e-05', 'epoch': '0.2'}
{'loss': '0.4954', 'grad_norm': '0.4245', 'learning_rate': '0.0001425', 'epoch': '0.4'}
{'loss': '0.3816', 'grad_norm': '0.8189', 'learning_rate': '0.0002175', 'epoch': '0.6'}
{'loss': '0.33', 'grad_norm': '1.284', 'learning_rate': '0.0002925', 'epoch': '0.8'}
{'loss': '0.3182', 'grad_norm': '0.562', 'learning_rate': '0.0002925', 'epoch': '1'}
{'eval_loss': '0.3917', 'eval_runtime': '4.757', 'eval_samples_per_second': '24.81', 'eval_steps_per_second': '1.682', 'epoch': '1'}
{'loss': '0.2534', 'grad_norm': '0.5767', 'learning_rate': '0.0002842', 'epoch': '1.2'}
{'loss': '0.2322', 'grad_norm': '0.8433', 'learning_rate': '0.0002758', 'epoch': '1.4'}
{'loss': '0.229', 'grad_norm': '0.379', 'learning_rate': '0.0002675', 'epoch': '1.6'}
{'loss': '0.2503', 'grad_norm': '0.5302', 'learning_rate': '0.0002592', 'epoch': '1.8'}
{'loss': '0.2433', 'grad_norm': '0.266', 'learning_rate': '0.0002508', 'epoch': '2'}
{'eval_loss': '0.4049', 'eval_runtime': '3.17', 'eval_samples_per_second': '37.23', 'eval_steps_per_second': '2.524', 'epoch': '2'}
{'loss': '0.1469', 'grad_norm': '0.7442', 'learning_rate': '0.0002425', 'epoch': '2.2'}
{'loss': '0.1495', 'grad_norm': '0.543', 'learning_rate': '0.0002342', 'epoch': '2.4'}
{'loss': '0.1592', 'grad_norm': '0.7217', 'learning_rate': '0.0002258', 'epoch': '2.6'}
{'loss': '0.1361', 'grad_norm': '0.3423', 'learning_rate': '0.0002175', 'epoch': '2.8'}
{'loss': '0.1599', 'grad_norm': '0.9746', 'learning_rate': '0.0002092', 'epoch': '3'}
{'eval_loss': '0.4473', 'eval_runtime': '3.193', 'eval_samples_per_second': '36.96', 'eval_steps_per_second': '2.506', 'epoch': '3'}
{'loss': '0.085', 'grad_norm': '0.7741', 'learning_rate': '0.0002008', 'epoch': '3.2'}
{'loss': '0.07372', 'grad_norm': '0.5404', 'learning_rate': '0.0001925', 'epoch': '3.4'}
{'loss': '0.06898', 'grad_norm': '0.5541', 'learning_rate': '0.0001842', 'epoch': '3.6'}
{'loss': '0.08332', 'grad_norm': '0.5589', 'learning_rate': '0.0001758', 'epoch': '3.8'}
{'loss': '0.0932', 'grad_norm': '0.7909', 'learning_rate': '0.0001675', 'epoch': '4'}
{'eval_loss': '0.4976', 'eval_runtime': '3.188', 'eval_samples_per_second': '37.01', 'eval_steps_per_second': '2.509', 'epoch': '4'}
{'loss': '0.04806', 'grad_norm': '0.4418', 'learning_rate': '0.0001592', 'epoch': '4.2'}
{'loss': '0.03764', 'grad_norm': '0.5074', 'learning_rate': '0.0001508', 'epoch': '4.4'}
{'loss': '0.03252', 'grad_norm': '0.5044', 'learning_rate': '0.0001425', 'epoch': '4.6'}
{'loss': '0.03982', 'grad_norm': '0.6902', 'learning_rate': '0.0001342', 'epoch': '4.8'}
{'loss': '0.03262', 'grad_norm': '0.223', 'learning_rate': '0.0001258', 'epoch': '5'}
{'eval_loss': '0.5929', 'eval_runtime': '3.164', 'eval_samples_per_second': '37.3', 'eval_steps_per_second': '2.529', 'epoch': '5'}
{'loss': '0.02486', 'grad_norm': '0.6632', 'learning_rate': '0.0001175', 'epoch': '5.2'}
{'loss': '0.01438', 'grad_norm': '0.1472', 'learning_rate': '0.0001092', 'epoch': '5.4'}
{'loss': '0.01488', 'grad_norm': '0.2086', 'learning_rate': '0.0001008', 'epoch': '5.6'}
{'loss': '0.01818', 'grad_norm': '0.467', 'learning_rate': '9.25e-05', 'epoch': '5.8'}
{'loss': '0.01521', 'grad_norm': '0.6172', 'learning_rate': '8.417e-05', 'epoch': '6'}
{'eval_loss': '0.6319', 'eval_runtime': '3.184', 'eval_samples_per_second': '37.06', 'eval_steps_per_second': '2.512', 'epoch': '6'}
{'loss': '0.008006', 'grad_norm': '0.2233', 'learning_rate': '7.583e-05', 'epoch': '6.2'}
{'loss': '0.007026', 'grad_norm': '0.1457', 'learning_rate': '6.75e-05', 'epoch': '6.4'}
{'loss': '0.007874', 'grad_norm': '0.1417', 'learning_rate': '5.917e-05', 'epoch': '6.6'}
{'loss': '0.0105', 'grad_norm': '0.1071', 'learning_rate': '5.083e-05', 'epoch': '6.8'}
{'loss': '0.008354', 'grad_norm': '0.2517', 'learning_rate': '4.25e-05', 'epoch': '7'}
{'eval_loss': '0.6759', 'eval_runtime': '3.163', 'eval_samples_per_second': '37.3', 'eval_steps_per_second': '2.529', 'epoch': '7'}
{'loss': '0.006041', 'grad_norm': '0.1467', 'learning_rate': '3.417e-05', 'epoch': '7.2'}
{'loss': '0.005618', 'grad_norm': '0.08307', 'learning_rate': '2.583e-05', 'epoch': '7.4'}
{'loss': '0.006181', 'grad_norm': '0.09745', 'learning_rate': '1.75e-05', 'epoch': '7.6'}
{'loss': '0.005259', 'grad_norm': '0.07904', 'learning_rate': '9.167e-06', 'epoch': '7.8'}
{'loss': '0.005258', 'grad_norm': '0.08327', 'learning_rate': '8.333e-07', 'epoch': '8'}
{'eval_loss': '0.6903', 'eval_runtime': '3.133', 'eval_samples_per_second': '37.66', 'eval_steps_per_second': '2.553', 'epoch': '8'}
{'train_runtime': '148.4', 'train_samples_per_second': '21.39', 'train_steps_per_second': '2.695', 'train_loss': '0.1176', 'epoch': '8'}
s30843_armB_decoder_mlp_lora_b80_r8_lr0.0003_seed0: WER 0.3231 -> 0.2917 (+9.7%, p 0.000); forgiven 0.2102 -> 0.2059 (+2.0%, p 0.424) in 3.2 min train 157s base 0s other_arm 0s load_tuned 7s transcribe_tuned 27s score 0s
s30859_armB_decoder_mlp_lora_b80_r8_lr0.0003_seed0: 343 train chunks (79.8 min), 75 dev, select on loss
trainable params: 3,276,800 || all params: 1,546,767,360 || trainable%: 0.2118
precision: bf16, base weights torch.bfloat16, grad checkpointing False, lr 0.0003, method lora
{'loss': '0.3275', 'grad_norm': '0.07304', 'learning_rate': '7.714e-05', 'epoch': '0.2326'}
{'loss': '0.3532', 'grad_norm': '0.2723', 'learning_rate': '0.0001629', 'epoch': '0.4651'}
{'loss': '0.2764', 'grad_norm': '1.059', 'learning_rate': '0.0002486', 'epoch': '0.6977'}
{'loss': '0.1913', 'grad_norm': '0.4313', 'learning_rate': '0.0002961', 'epoch': '0.9302'}
{'eval_loss': '0.1803', 'eval_runtime': '3.639', 'eval_samples_per_second': '20.61', 'eval_steps_per_second': '1.374', 'epoch': '1'}
{'loss': '0.1681', 'grad_norm': '0.3004', 'learning_rate': '0.0002864', 'epoch': '1.163'}
{'loss': '0.1428', 'grad_norm': '0.2453', 'learning_rate': '0.0002767', 'epoch': '1.395'}
{'loss': '0.1292', 'grad_norm': '0.2896', 'learning_rate': '0.000267', 'epoch': '1.628'}
{'loss': '0.1726', 'grad_norm': '0.5817', 'learning_rate': '0.0002573', 'epoch': '1.86'}
{'eval_loss': '0.1829', 'eval_runtime': '2.04', 'eval_samples_per_second': '36.76', 'eval_steps_per_second': '2.451', 'epoch': '2'}
{'loss': '0.1083', 'grad_norm': '0.3023', 'learning_rate': '0.0002476', 'epoch': '2.093'}
{'loss': '0.08605', 'grad_norm': '0.2129', 'learning_rate': '0.0002379', 'epoch': '2.326'}
{'loss': '0.08247', 'grad_norm': '0.3103', 'learning_rate': '0.0002282', 'epoch': '2.558'}
{'loss': '0.1028', 'grad_norm': '0.4548', 'learning_rate': '0.0002184', 'epoch': '2.791'}
{'eval_loss': '0.2054', 'eval_runtime': '2.239', 'eval_samples_per_second': '33.49', 'eval_steps_per_second': '2.233', 'epoch': '3'}
{'loss': '0.06286', 'grad_norm': '0.1602', 'learning_rate': '0.0002087', 'epoch': '3.023'}
{'loss': '0.04277', 'grad_norm': '0.3606', 'learning_rate': '0.000199', 'epoch': '3.256'}
{'loss': '0.03554', 'grad_norm': '0.2813', 'learning_rate': '0.0001893', 'epoch': '3.488'}
{'loss': '0.04601', 'grad_norm': '0.3875', 'learning_rate': '0.0001796', 'epoch': '3.721'}
{'loss': '0.05306', 'grad_norm': '0.4411', 'learning_rate': '0.0001699', 'epoch': '3.953'}
{'eval_loss': '0.2253', 'eval_runtime': '2.063', 'eval_samples_per_second': '36.35', 'eval_steps_per_second': '2.423', 'epoch': '4'}
{'loss': '0.02527', 'grad_norm': '0.3603', 'learning_rate': '0.0001602', 'epoch': '4.186'}
{'loss': '0.01988', 'grad_norm': '0.6183', 'learning_rate': '0.0001505', 'epoch': '4.419'}
{'loss': '0.0158', 'grad_norm': '0.3322', 'learning_rate': '0.0001408', 'epoch': '4.651'}
{'loss': '0.02068', 'grad_norm': '0.5924', 'learning_rate': '0.0001311', 'epoch': '4.884'}
{'eval_loss': '0.2938', 'eval_runtime': '2.078', 'eval_samples_per_second': '36.09', 'eval_steps_per_second': '2.406', 'epoch': '5'}
{'loss': '0.01008', 'grad_norm': '0.1041', 'learning_rate': '0.0001214', 'epoch': '5.116'}
{'loss': '0.007259', 'grad_norm': '0.0774', 'learning_rate': '0.0001117', 'epoch': '5.349'}
{'loss': '0.004945', 'grad_norm': '0.7499', 'learning_rate': '0.0001019', 'epoch': '5.581'}
{'loss': '0.007356', 'grad_norm': '0.09334', 'learning_rate': '9.223e-05', 'epoch': '5.814'}
{'eval_loss': '0.3088', 'eval_runtime': '2.084', 'eval_samples_per_second': '35.99', 'eval_steps_per_second': '2.4', 'epoch': '6'}
{'loss': '0.007754', 'grad_norm': '0.1082', 'learning_rate': '8.252e-05', 'epoch': '6.047'}
{'loss': '0.004247', 'grad_norm': '0.1658', 'learning_rate': '7.282e-05', 'epoch': '6.279'}
{'loss': '0.003898', 'grad_norm': '0.06394', 'learning_rate': '6.311e-05', 'epoch': '6.512'}
{'loss': '0.004042', 'grad_norm': '0.07817', 'learning_rate': '5.34e-05', 'epoch': '6.744'}
{'loss': '0.00287', 'grad_norm': '0.06575', 'learning_rate': '4.369e-05', 'epoch': '6.977'}
{'eval_loss': '0.3321', 'eval_runtime': '2.097', 'eval_samples_per_second': '35.76', 'eval_steps_per_second': '2.384', 'epoch': '7'}
{'loss': '0.004246', 'grad_norm': '0.05885', 'learning_rate': '3.398e-05', 'epoch': '7.209'}
{'loss': '0.002656', 'grad_norm': '0.217', 'learning_rate': '2.427e-05', 'epoch': '7.442'}
{'loss': '0.002193', 'grad_norm': '0.06254', 'learning_rate': '1.456e-05', 'epoch': '7.674'}
{'loss': '0.002474', 'grad_norm': '0.05022', 'learning_rate': '4.854e-06', 'epoch': '7.907'}
{'eval_loss': '0.3384', 'eval_runtime': '2.085', 'eval_samples_per_second': '35.98', 'eval_steps_per_second': '2.398', 'epoch': '8'}
{'train_runtime': '125', 'train_samples_per_second': '21.95', 'train_steps_per_second': '2.752', 'train_loss': '0.07347', 'epoch': '8'}
s30859_armB_decoder_mlp_lora_b80_r8_lr0.0003_seed0: WER 0.2538 -> 0.2387 (+5.9%, p 0.001); forgiven 0.1735 -> 0.1708 (+1.5%, p 0.507) in 2.9 min train 132s base 0s other_arm 0s load_tuned 8s transcribe_tuned 35s score 0s
s30868_armB_decoder_mlp_lora_b80_r8_lr0.0003_seed0: 391 train chunks (80.0 min), 87 dev, select on loss
trainable params: 3,276,800 || all params: 1,546,767,360 || trainable%: 0.2118
precision: bf16, base weights torch.bfloat16, grad checkpointing False, lr 0.0003, method lora
{'loss': '0.4654', 'grad_norm': '0.1255', 'learning_rate': '6.75e-05', 'epoch': '0.2041'}
{'loss': '0.5131', 'grad_norm': '0.2915', 'learning_rate': '0.0001425', 'epoch': '0.4082'}
{'loss': '0.3717', 'grad_norm': '0.5849', 'learning_rate': '0.0002175', 'epoch': '0.6122'}
{'loss': '0.3536', 'grad_norm': '0.7845', 'learning_rate': '0.0002925', 'epoch': '0.8163'}
{'eval_loss': '0.224', 'eval_runtime': '3.736', 'eval_samples_per_second': '23.28', 'eval_steps_per_second': '1.606', 'epoch': '1'}
{'loss': '0.3033', 'grad_norm': '0.4268', 'learning_rate': '0.0002923', 'epoch': '1.02'}
{'loss': '0.2502', 'grad_norm': '0.3409', 'learning_rate': '0.0002838', 'epoch': '1.224'}
{'loss': '0.2449', 'grad_norm': '0.7196', 'learning_rate': '0.0002753', 'epoch': '1.429'}
{'loss': '0.2395', 'grad_norm': '0.3773', 'learning_rate': '0.0002668', 'epoch': '1.633'}
{'loss': '0.2605', 'grad_norm': '0.5444', 'learning_rate': '0.0002582', 'epoch': '1.837'}
{'eval_loss': '0.22', 'eval_runtime': '2.36', 'eval_samples_per_second': '36.87', 'eval_steps_per_second': '2.543', 'epoch': '2'}
{'loss': '0.2142', 'grad_norm': '0.4902', 'learning_rate': '0.0002497', 'epoch': '2.041'}
{'loss': '0.1555', 'grad_norm': '0.4175', 'learning_rate': '0.0002412', 'epoch': '2.245'}
{'loss': '0.1399', 'grad_norm': '0.5243', 'learning_rate': '0.0002327', 'epoch': '2.449'}
{'loss': '0.1882', 'grad_norm': '0.5867', 'learning_rate': '0.0002241', 'epoch': '2.653'}
{'loss': '0.1476', 'grad_norm': '0.7576', 'learning_rate': '0.0002156', 'epoch': '2.857'}
{'eval_loss': '0.2504', 'eval_runtime': '2.385', 'eval_samples_per_second': '36.48', 'eval_steps_per_second': '2.516', 'epoch': '3'}
{'loss': '0.1403', 'grad_norm': '0.5856', 'learning_rate': '0.0002071', 'epoch': '3.061'}
{'loss': '0.08927', 'grad_norm': '0.5162', 'learning_rate': '0.0001986', 'epoch': '3.265'}
{'loss': '0.09127', 'grad_norm': '0.4209', 'learning_rate': '0.0001901', 'epoch': '3.469'}
{'loss': '0.08742', 'grad_norm': '0.6515', 'learning_rate': '0.0001815', 'epoch': '3.673'}
{'loss': '0.08741', 'grad_norm': '0.5852', 'learning_rate': '0.000173', 'epoch': '3.878'}
{'eval_loss': '0.2835', 'eval_runtime': '2.37', 'eval_samples_per_second': '36.71', 'eval_steps_per_second': '2.532', 'epoch': '4'}
{'loss': '0.08569', 'grad_norm': '0.305', 'learning_rate': '0.0001645', 'epoch': '4.082'}
{'loss': '0.04804', 'grad_norm': '0.5171', 'learning_rate': '0.000156', 'epoch': '4.286'}
{'loss': '0.05198', 'grad_norm': '0.8359', 'learning_rate': '0.0001474', 'epoch': '4.49'}
{'loss': '0.0446', 'grad_norm': '0.8785', 'learning_rate': '0.0001389', 'epoch': '4.694'}
{'loss': '0.04011', 'grad_norm': '1.172', 'learning_rate': '0.0001304', 'epoch': '4.898'}
{'eval_loss': '0.3276', 'eval_runtime': '2.338', 'eval_samples_per_second': '37.21', 'eval_steps_per_second': '2.566', 'epoch': '5'}
{'loss': '0.03474', 'grad_norm': '0.3422', 'learning_rate': '0.0001219', 'epoch': '5.102'}
{'loss': '0.024', 'grad_norm': '0.3783', 'learning_rate': '0.0001134', 'epoch': '5.306'}
{'loss': '0.02305', 'grad_norm': '0.8063', 'learning_rate': '0.0001048', 'epoch': '5.51'}
{'loss': '0.0236', 'grad_norm': '0.1831', 'learning_rate': '9.631e-05', 'epoch': '5.714'}
{'loss': '0.02197', 'grad_norm': '0.6285', 'learning_rate': '8.778e-05', 'epoch': '5.918'}
{'eval_loss': '0.3697', 'eval_runtime': '2.327', 'eval_samples_per_second': '37.38', 'eval_steps_per_second': '2.578', 'epoch': '6'}
{'loss': '0.01596', 'grad_norm': '0.1815', 'learning_rate': '7.926e-05', 'epoch': '6.122'}
{'loss': '0.009907', 'grad_norm': '0.1286', 'learning_rate': '7.074e-05', 'epoch': '6.327'}
{'loss': '0.0102', 'grad_norm': '0.3312', 'learning_rate': '6.222e-05', 'epoch': '6.531'}
{'loss': '0.01198', 'grad_norm': '0.2438', 'learning_rate': '5.369e-05', 'epoch': '6.735'}
{'loss': '0.01036', 'grad_norm': '0.2152', 'learning_rate': '4.517e-05', 'epoch': '6.939'}
{'eval_loss': '0.386', 'eval_runtime': '2.365', 'eval_samples_per_second': '36.79', 'eval_steps_per_second': '2.537', 'epoch': '7'}
{'loss': '0.008434', 'grad_norm': '0.1479', 'learning_rate': '3.665e-05', 'epoch': '7.143'}
{'loss': '0.007122', 'grad_norm': '0.1108', 'learning_rate': '2.812e-05', 'epoch': '7.347'}
{'loss': '0.007814', 'grad_norm': '0.1109', 'learning_rate': '1.96e-05', 'epoch': '7.551'}
{'loss': '0.007372', 'grad_norm': '0.2226', 'learning_rate': '1.108e-05', 'epoch': '7.755'}
{'loss': '0.007488', 'grad_norm': '0.2736', 'learning_rate': '2.557e-06', 'epoch': '7.959'}
{'eval_loss': '0.3958', 'eval_runtime': '2.388', 'eval_samples_per_second': '36.44', 'eval_steps_per_second': '2.513', 'epoch': '8'}
{'train_runtime': '139.1', 'train_samples_per_second': '22.5', 'train_steps_per_second': '2.819', 'train_loss': '0.1234', 'epoch': '8'}
s30868_armB_decoder_mlp_lora_b80_r8_lr0.0003_seed0: WER 0.2211 -> 0.1737 (+21.4%, p 0.000); forgiven 0.1693 -> 0.1426 (+15.8%, p 0.482) in 3.2 min train 147s base 0s other_arm 0s load_tuned 8s transcribe_tuned 37s score 0s
sctrl0of2_armB_decoder_mlp_lora_b80_r8_lr0.0003_seed0: pool of 5 speakers, 382 chunks (79.9 min), dev 42; evaluates [23558, 30685, 30752, 30777, 30831, 30859]
sctrl0of2_armB_decoder_mlp_lora_b80_r8_lr0.0003_seed0: 382 train chunks (79.9 min), 42 dev, select on loss
trainable params: 3,276,800 || all params: 1,546,767,360 || trainable%: 0.2118
precision: bf16, base weights torch.bfloat16, grad checkpointing False, lr 0.0003, method lora
{'loss': '0.4962', 'grad_norm': '0.08824', 'learning_rate': '6.923e-05', 'epoch': '0.2083'}
{'loss': '0.5553', 'grad_norm': '0.2757', 'learning_rate': '0.0001462', 'epoch': '0.4167'}
{'loss': '0.4742', 'grad_norm': '0.8105', 'learning_rate': '0.0002231', 'epoch': '0.625'}
{'loss': '0.4014', 'grad_norm': '0.8669', 'learning_rate': '0.0003', 'epoch': '0.8333'}
{'eval_loss': '0.2365', 'eval_runtime': '2.886', 'eval_samples_per_second': '14.55', 'eval_steps_per_second': '1.039', 'epoch': '1'}
{'loss': '0.4001', 'grad_norm': '0.5885', 'learning_rate': '0.0002913', 'epoch': '1.042'}
{'loss': '0.3038', 'grad_norm': '0.3233', 'learning_rate': '0.0002826', 'epoch': '1.25'}
{'loss': '0.2784', 'grad_norm': '0.5251', 'learning_rate': '0.0002739', 'epoch': '1.458'}
{'loss': '0.2878', 'grad_norm': '0.542', 'learning_rate': '0.0002652', 'epoch': '1.667'}
{'loss': '0.3003', 'grad_norm': '0.4967', 'learning_rate': '0.0002565', 'epoch': '1.875'}
{'eval_loss': '0.2272', 'eval_runtime': '1.339', 'eval_samples_per_second': '31.38', 'eval_steps_per_second': '2.241', 'epoch': '2'}
{'loss': '0.3142', 'grad_norm': '0.3332', 'learning_rate': '0.0002478', 'epoch': '2.083'}
{'loss': '0.1894', 'grad_norm': '0.4684', 'learning_rate': '0.0002391', 'epoch': '2.292'}
{'loss': '0.2086', 'grad_norm': '0.6631', 'learning_rate': '0.0002304', 'epoch': '2.5'}
{'loss': '0.1804', 'grad_norm': '0.5968', 'learning_rate': '0.0002217', 'epoch': '2.708'}
{'loss': '0.2182', 'grad_norm': '0.8854', 'learning_rate': '0.000213', 'epoch': '2.917'}
{'eval_loss': '0.2606', 'eval_runtime': '1.33', 'eval_samples_per_second': '31.58', 'eval_steps_per_second': '2.256', 'epoch': '3'}
{'loss': '0.1625', 'grad_norm': '0.4214', 'learning_rate': '0.0002043', 'epoch': '3.125'}
{'loss': '0.1127', 'grad_norm': '1.059', 'learning_rate': '0.0001957', 'epoch': '3.333'}
{'loss': '0.1275', 'grad_norm': '0.7654', 'learning_rate': '0.000187', 'epoch': '3.542'}
{'loss': '0.1183', 'grad_norm': '0.5822', 'learning_rate': '0.0001783', 'epoch': '3.75'}
{'loss': '0.1343', 'grad_norm': '0.7955', 'learning_rate': '0.0001696', 'epoch': '3.958'}
{'eval_loss': '0.2873', 'eval_runtime': '1.365', 'eval_samples_per_second': '30.78', 'eval_steps_per_second': '2.198', 'epoch': '4'}
{'loss': '0.08993', 'grad_norm': '0.5105', 'learning_rate': '0.0001609', 'epoch': '4.167'}
{'loss': '0.06195', 'grad_norm': '0.647', 'learning_rate': '0.0001522', 'epoch': '4.375'}
{'loss': '0.0607', 'grad_norm': '0.7372', 'learning_rate': '0.0001435', 'epoch': '4.583'}
{'loss': '0.06165', 'grad_norm': '0.7857', 'learning_rate': '0.0001348', 'epoch': '4.792'}
{'loss': '0.07203', 'grad_norm': '0.5782', 'learning_rate': '0.0001261', 'epoch': '5'}
{'eval_loss': '0.3179', 'eval_runtime': '1.433', 'eval_samples_per_second': '29.31', 'eval_steps_per_second': '2.094', 'epoch': '5'}
{'loss': '0.03288', 'grad_norm': '0.4476', 'learning_rate': '0.0001174', 'epoch': '5.208'}
{'loss': '0.03229', 'grad_norm': '0.4743', 'learning_rate': '0.0001087', 'epoch': '5.417'}
{'loss': '0.03386', 'grad_norm': '0.3582', 'learning_rate': '0.0001', 'epoch': '5.625'}
{'loss': '0.03174', 'grad_norm': '0.6102', 'learning_rate': '9.13e-05', 'epoch': '5.833'}
{'eval_loss': '0.3699', 'eval_runtime': '1.385', 'eval_samples_per_second': '30.32', 'eval_steps_per_second': '2.165', 'epoch': '6'}
{'loss': '0.03189', 'grad_norm': '0.3203', 'learning_rate': '8.261e-05', 'epoch': '6.042'}
{'loss': '0.01681', 'grad_norm': '0.4106', 'learning_rate': '7.391e-05', 'epoch': '6.25'}
{'loss': '0.01568', 'grad_norm': '0.3594', 'learning_rate': '6.522e-05', 'epoch': '6.458'}
{'loss': '0.01925', 'grad_norm': '0.4276', 'learning_rate': '5.652e-05', 'epoch': '6.667'}
{'loss': '0.01715', 'grad_norm': '0.3066', 'learning_rate': '4.783e-05', 'epoch': '6.875'}
{'eval_loss': '0.3901', 'eval_runtime': '1.394', 'eval_samples_per_second': '30.13', 'eval_steps_per_second': '2.152', 'epoch': '7'}
{'loss': '0.01626', 'grad_norm': '0.2375', 'learning_rate': '3.913e-05', 'epoch': '7.083'}
{'loss': '0.01075', 'grad_norm': '0.164', 'learning_rate': '3.043e-05', 'epoch': '7.292'}
{'loss': '0.01375', 'grad_norm': '0.2774', 'learning_rate': '2.174e-05', 'epoch': '7.5'}
{'loss': '0.01057', 'grad_norm': '0.3093', 'learning_rate': '1.304e-05', 'epoch': '7.708'}
{'loss': '0.009387', 'grad_norm': '0.1486', 'learning_rate': '4.348e-06', 'epoch': '7.917'}
{'eval_loss': '0.4066', 'eval_runtime': '1.383', 'eval_samples_per_second': '30.38', 'eval_steps_per_second': '2.17', 'epoch': '8'}
{'train_runtime': '129.5', 'train_samples_per_second': '23.59', 'train_steps_per_second': '2.965', 'train_loss': '0.1538', 'epoch': '8'}
sctrl0of2_armB_decoder_mlp_lora_b80_r8_lr0.0003_seed0 on 23558: WER 0.4420 -> 0.3667 (+17.0%, p 0.079); forgiven 0.2947 -> 0.2762 (+6.3%) in 54s
sctrl0of2_armB_decoder_mlp_lora_b80_r8_lr0.0003_seed0 on 30685: WER 0.2330 -> 0.2078 (+10.8%, p 0.000); forgiven 0.1094 -> 0.1162 (-6.3%) in 28s
sctrl0of2_armB_decoder_mlp_lora_b80_r8_lr0.0003_seed0 on 30752: WER 0.1956 -> 0.1699 (+13.1%, p 0.004); forgiven 0.1353 -> 0.1306 (+3.5%) in 18s
sctrl0of2_armB_decoder_mlp_lora_b80_r8_lr0.0003_seed0 on 30777: WER 0.2237 -> 0.1744 (+22.0%, p 0.000); forgiven 0.1535 -> 0.1263 (+17.8%) in 35s
sctrl0of2_armB_decoder_mlp_lora_b80_r8_lr0.0003_seed0 on 30831: WER 0.2736 -> 0.2284 (+16.5%, p 0.000); forgiven 0.1452 -> 0.1392 (+4.1%) in 28s
sctrl0of2_armB_decoder_mlp_lora_b80_r8_lr0.0003_seed0 on 30859: WER 0.2538 -> 0.2385 (+6.0%, p 0.301); forgiven 0.1735 -> 0.1828 (-5.4%) in 42s
sctrl1of2_armB_decoder_mlp_lora_b80_r8_lr0.0003_seed0: pool of 6 speakers, 363 chunks (79.8 min), dev 82; evaluates [30701, 30718, 30813, 30843, 30868]
sctrl1of2_armB_decoder_mlp_lora_b80_r8_lr0.0003_seed0: 363 train chunks (79.8 min), 82 dev, select on loss
trainable params: 3,276,800 || all params: 1,546,767,360 || trainable%: 0.2118
precision: bf16, base weights torch.bfloat16, grad checkpointing False, lr 0.0003, method lora
{'loss': '0.5182', 'grad_norm': '0.1848', 'learning_rate': '7.297e-05', 'epoch': '0.2174'}
{'loss': '0.5021', 'grad_norm': '0.2383', 'learning_rate': '0.0001541', 'epoch': '0.4348'}
{'loss': '0.3745', 'grad_norm': '0.66', 'learning_rate': '0.0002351', 'epoch': '0.6522'}
{'loss': '0.4031', 'grad_norm': '0.7426', 'learning_rate': '0.0002982', 'epoch': '0.8696'}
{'eval_loss': '0.3075', 'eval_runtime': '3.639', 'eval_samples_per_second': '22.53', 'eval_steps_per_second': '1.649', 'epoch': '1'}
{'loss': '0.346', 'grad_norm': '0.4124', 'learning_rate': '0.0002891', 'epoch': '1.087'}
{'loss': '0.2509', 'grad_norm': '0.332', 'learning_rate': '0.0002801', 'epoch': '1.304'}
{'loss': '0.2677', 'grad_norm': '0.3926', 'learning_rate': '0.000271', 'epoch': '1.522'}
{'loss': '0.2545', 'grad_norm': '0.2123', 'learning_rate': '0.0002619', 'epoch': '1.739'}
{'loss': '0.3019', 'grad_norm': '0.4156', 'learning_rate': '0.0002529', 'epoch': '1.957'}
{'eval_loss': '0.3001', 'eval_runtime': '2.201', 'eval_samples_per_second': '37.26', 'eval_steps_per_second': '2.727', 'epoch': '2'}
{'loss': '0.1891', 'grad_norm': '0.4329', 'learning_rate': '0.0002438', 'epoch': '2.174'}
{'loss': '0.1774', 'grad_norm': '0.4601', 'learning_rate': '0.0002347', 'epoch': '2.391'}
{'loss': '0.157', 'grad_norm': '0.7311', 'learning_rate': '0.0002257', 'epoch': '2.609'}
{'loss': '0.1523', 'grad_norm': '0.5833', 'learning_rate': '0.0002166', 'epoch': '2.826'}
{'eval_loss': '0.343', 'eval_runtime': '2.244', 'eval_samples_per_second': '36.54', 'eval_steps_per_second': '2.674', 'epoch': '3'}
{'loss': '0.1855', 'grad_norm': '0.373', 'learning_rate': '0.0002076', 'epoch': '3.043'}
{'loss': '0.1025', 'grad_norm': '0.7479', 'learning_rate': '0.0001985', 'epoch': '3.261'}
{'loss': '0.09883', 'grad_norm': '0.5792', 'learning_rate': '0.0001894', 'epoch': '3.478'}
{'loss': '0.0791', 'grad_norm': '0.4042', 'learning_rate': '0.0001804', 'epoch': '3.696'}
{'loss': '0.09462', 'grad_norm': '0.7501', 'learning_rate': '0.0001713', 'epoch': '3.913'}
{'eval_loss': '0.3798', 'eval_runtime': '2.276', 'eval_samples_per_second': '36.03', 'eval_steps_per_second': '2.636', 'epoch': '4'}
{'loss': '0.07519', 'grad_norm': '0.495', 'learning_rate': '0.0001622', 'epoch': '4.13'}
{'loss': '0.04046', 'grad_norm': '0.9545', 'learning_rate': '0.0001532', 'epoch': '4.348'}
{'loss': '0.04834', 'grad_norm': '0.8724', 'learning_rate': '0.0001441', 'epoch': '4.565'}
{'loss': '0.04357', 'grad_norm': '0.5153', 'learning_rate': '0.000135', 'epoch': '4.783'}
{'loss': '0.04166', 'grad_norm': '0.7524', 'learning_rate': '0.000126', 'epoch': '5'}
{'eval_loss': '0.4568', 'eval_runtime': '2.218', 'eval_samples_per_second': '36.97', 'eval_steps_per_second': '2.705', 'epoch': '5'}
{'loss': '0.02341', 'grad_norm': '0.3078', 'learning_rate': '0.0001169', 'epoch': '5.217'}
{'loss': '0.02422', 'grad_norm': '0.5478', 'learning_rate': '0.0001079', 'epoch': '5.435'}
{'loss': '0.0161', 'grad_norm': '0.2732', 'learning_rate': '9.879e-05', 'epoch': '5.652'}
{'loss': '0.01989', 'grad_norm': '1.691', 'learning_rate': '8.973e-05', 'epoch': '5.87'}
{'eval_loss': '0.4794', 'eval_runtime': '2.244', 'eval_samples_per_second': '36.53', 'eval_steps_per_second': '2.673', 'epoch': '6'}
{'loss': '0.01616', 'grad_norm': '0.1662', 'learning_rate': '8.066e-05', 'epoch': '6.087'}
{'loss': '0.01206', 'grad_norm': '0.2792', 'learning_rate': '7.16e-05', 'epoch': '6.304'}
{'loss': '0.00956', 'grad_norm': '0.1677', 'learning_rate': '6.254e-05', 'epoch': '6.522'}
{'loss': '0.009231', 'grad_norm': '0.268', 'learning_rate': '5.347e-05', 'epoch': '6.739'}
{'loss': '0.01014', 'grad_norm': '0.2466', 'learning_rate': '4.441e-05', 'epoch': '6.957'}
{'eval_loss': '0.5149', 'eval_runtime': '2.254', 'eval_samples_per_second': '36.38', 'eval_steps_per_second': '2.662', 'epoch': '7'}
{'loss': '0.008274', 'grad_norm': '0.1817', 'learning_rate': '3.535e-05', 'epoch': '7.174'}
{'loss': '0.006161', 'grad_norm': '0.1622', 'learning_rate': '2.628e-05', 'epoch': '7.391'}
{'loss': '0.005712', 'grad_norm': '0.1185', 'learning_rate': '1.722e-05', 'epoch': '7.609'}
{'loss': '0.006781', 'grad_norm': '0.2825', 'learning_rate': '8.157e-06', 'epoch': '7.826'}
{'eval_loss': '0.5239', 'eval_runtime': '2.205', 'eval_samples_per_second': '37.19', 'eval_steps_per_second': '2.721', 'epoch': '8'}
{'train_runtime': '133', 'train_samples_per_second': '21.84', 'train_steps_per_second': '2.767', 'train_loss': '0.1325', 'epoch': '8'}
sctrl1of2_armB_decoder_mlp_lora_b80_r8_lr0.0003_seed0 on 30701: WER 0.4059 -> 0.3437 (+15.3%, p 0.213); forgiven 0.2669 -> 0.2768 (-3.7%) in 71s
sctrl1of2_armB_decoder_mlp_lora_b80_r8_lr0.0003_seed0 on 30718: WER 0.1995 -> 0.1726 (+13.5%, p 0.000); forgiven 0.1404 -> 0.1368 (+2.6%) in 53s
sctrl1of2_armB_decoder_mlp_lora_b80_r8_lr0.0003_seed0 on 30813: WER 0.1607 -> 0.1676 (-4.3%, p 0.635); forgiven 0.1194 -> 0.1492 (-25.0%) in 45s
sctrl1of2_armB_decoder_mlp_lora_b80_r8_lr0.0003_seed0 on 30843: WER 0.3231 -> 0.3025 (+6.4%, p 0.049); forgiven 0.2102 -> 0.2363 (-12.4%) in 42s
sctrl1of2_armB_decoder_mlp_lora_b80_r8_lr0.0003_seed0 on 30868: WER 0.2211 -> 0.2064 (+6.7%, p 0.677); forgiven 0.1693 -> 0.1793 (-5.9%) in 33s
220 rows (77 control evaluations) -> /workspace/deep-learning-project/src/training/outputs/results.csv
 speaker        site     lr  targets   select  budget  seed  control  n_test  train_steps  wer_base  wer_tuned  delta_rel   ci_lo  ci_hi  p_boot  wer_base_f  wer_tuned_f  delta_rel_f  p_boot_f  improvement_from_insertions  style_not_speaker  control_delta_rel  personalization_rel
     NaN         NaN    NaN protocol     loss     NaN   NaN    False     NaN          NaN       NaN        NaN        NaN     NaN    NaN     NaN         NaN          NaN          NaN       NaN                          NaN              False                NaN                  NaN
     NaN         NaN    NaN protocol     loss     NaN   NaN    False     NaN          NaN       NaN        NaN        NaN     NaN    NaN     NaN         NaN          NaN          NaN       NaN                          NaN              False                NaN                  NaN
     NaN         NaN    NaN protocol     loss     NaN   NaN    False     NaN          NaN       NaN        NaN        NaN     NaN    NaN     NaN         NaN          NaN          NaN       NaN                          NaN              False                NaN                  NaN
     NaN         NaN    NaN protocol     loss     NaN   NaN    False     NaN          NaN       NaN        NaN        NaN     NaN    NaN     NaN         NaN          NaN          NaN       NaN                          NaN              False                NaN                  NaN
     NaN         NaN    NaN protocol     loss     NaN   NaN    False     NaN          NaN       NaN        NaN        NaN     NaN    NaN     NaN         NaN          NaN          NaN       NaN                          NaN              False                NaN                  NaN
     NaN         NaN    NaN protocol     loss     NaN   NaN    False     NaN          NaN       NaN        NaN        NaN     NaN    NaN     NaN         NaN          NaN          NaN       NaN                          NaN              False                NaN                  NaN
     NaN         NaN    NaN protocol     loss     NaN   NaN    False     NaN          NaN       NaN        NaN        NaN     NaN    NaN     NaN         NaN          NaN          NaN       NaN                          NaN              False                NaN                  NaN
     NaN         NaN    NaN protocol     loss     NaN   NaN    False     NaN          NaN       NaN        NaN        NaN     NaN    NaN     NaN         NaN          NaN          NaN       NaN                          NaN              False                NaN                  NaN
     NaN         NaN    NaN protocol     loss     NaN   NaN    False     NaN          NaN       NaN        NaN        NaN     NaN    NaN     NaN         NaN          NaN          NaN       NaN                          NaN              False                NaN                  NaN
     NaN         NaN    NaN protocol     loss     NaN   NaN    False     NaN          NaN       NaN        NaN        NaN     NaN    NaN     NaN         NaN          NaN          NaN       NaN                          NaN              False                NaN                  NaN
     NaN         NaN    NaN protocol     loss     NaN   NaN    False     NaN          NaN       NaN        NaN        NaN     NaN    NaN     NaN         NaN          NaN          NaN       NaN                          NaN              False                NaN                  NaN
     NaN         NaN    NaN protocol     loss     NaN   NaN    False     NaN          NaN       NaN        NaN        NaN     NaN    NaN     NaN         NaN          NaN          NaN       NaN                          NaN              False                NaN                  NaN
     NaN         NaN    NaN protocol     loss     NaN   NaN    False     NaN          NaN       NaN        NaN        NaN     NaN    NaN     NaN         NaN          NaN          NaN       NaN                          NaN              False                NaN                  NaN
     NaN         NaN    NaN protocol     loss     NaN   NaN    False     NaN          NaN       NaN        NaN        NaN     NaN    NaN     NaN         NaN          NaN          NaN       NaN                          NaN              False                NaN                  NaN
     NaN         NaN    NaN protocol     loss     NaN   NaN    False     NaN          NaN       NaN        NaN        NaN     NaN    NaN     NaN         NaN          NaN          NaN       NaN                          NaN              False                NaN                  NaN
     NaN         NaN    NaN protocol     loss     NaN   NaN    False     NaN          NaN       NaN        NaN        NaN     NaN    NaN     NaN         NaN          NaN          NaN       NaN                          NaN              False                NaN                  NaN
     NaN         NaN    NaN protocol     loss     NaN   NaN    False     NaN          NaN       NaN        NaN        NaN     NaN    NaN     NaN         NaN          NaN          NaN       NaN                          NaN              False                NaN                  NaN
     NaN         NaN    NaN protocol     loss     NaN   NaN    False     NaN          NaN       NaN        NaN        NaN     NaN    NaN     NaN         NaN          NaN          NaN       NaN                          NaN              False                NaN                  NaN
     NaN         NaN    NaN protocol     loss     NaN   NaN    False     NaN          NaN       NaN        NaN        NaN     NaN    NaN     NaN         NaN          NaN          NaN       NaN                          NaN              False                NaN                  NaN
     NaN         NaN    NaN protocol     loss     NaN   NaN    False     NaN          NaN       NaN        NaN        NaN     NaN    NaN     NaN         NaN          NaN          NaN       NaN                          NaN              False                NaN                  NaN
     NaN         NaN    NaN protocol     loss     NaN   NaN    False     NaN          NaN       NaN        NaN        NaN     NaN    NaN     NaN         NaN          NaN          NaN       NaN                          NaN              False                NaN                  NaN
     NaN         NaN    NaN protocol     loss     NaN   NaN    False     NaN          NaN       NaN        NaN        NaN     NaN    NaN     NaN         NaN          NaN          NaN       NaN                          NaN              False                NaN                  NaN
     NaN         NaN    NaN protocol     loss     NaN   NaN    False     NaN          NaN       NaN        NaN        NaN     NaN    NaN     NaN         NaN          NaN          NaN       NaN                          NaN              False                NaN                  NaN
     NaN         NaN    NaN protocol     loss     NaN   NaN    False     NaN          NaN       NaN        NaN        NaN     NaN    NaN     NaN         NaN          NaN          NaN       NaN                          NaN              False                NaN                  NaN
     NaN         NaN    NaN protocol     loss     NaN   NaN    False     NaN          NaN       NaN        NaN        NaN     NaN    NaN     NaN         NaN          NaN          NaN       NaN                          NaN              False                NaN                  NaN
     NaN         NaN    NaN protocol     loss     NaN   NaN    False     NaN          NaN       NaN        NaN        NaN     NaN    NaN     NaN         NaN          NaN          NaN       NaN                          NaN              False                NaN                  NaN
     NaN         NaN    NaN protocol     loss     NaN   NaN    False     NaN          NaN       NaN        NaN        NaN     NaN    NaN     NaN         NaN          NaN          NaN       NaN                          NaN              False                NaN                  NaN
     NaN         NaN    NaN protocol     loss     NaN   NaN    False     NaN          NaN       NaN        NaN        NaN     NaN    NaN     NaN         NaN          NaN          NaN       NaN                          NaN              False                NaN                  NaN
     NaN         NaN    NaN protocol     loss     NaN   NaN    False     NaN          NaN       NaN        NaN        NaN     NaN    NaN     NaN         NaN          NaN          NaN       NaN                          NaN              False                NaN                  NaN
     NaN         NaN    NaN protocol     loss     NaN   NaN    False     NaN          NaN       NaN        NaN        NaN     NaN    NaN     NaN         NaN          NaN          NaN       NaN                          NaN              False                NaN                  NaN
     NaN         NaN    NaN protocol     loss     NaN   NaN    False     NaN          NaN       NaN        NaN        NaN     NaN    NaN     NaN         NaN          NaN          NaN       NaN                          NaN              False                NaN                  NaN
     NaN         NaN    NaN protocol     loss     NaN   NaN    False     NaN          NaN       NaN        NaN        NaN     NaN    NaN     NaN         NaN          NaN          NaN       NaN                          NaN              False                NaN                  NaN
     NaN         NaN    NaN protocol     loss     NaN   NaN    False     NaN          NaN       NaN        NaN        NaN     NaN    NaN     NaN         NaN          NaN          NaN       NaN                          NaN              False                NaN                  NaN
     NaN         NaN    NaN protocol     loss     NaN   NaN    False     NaN          NaN       NaN        NaN        NaN     NaN    NaN     NaN         NaN          NaN          NaN       NaN                          NaN              False                NaN                  NaN
     NaN         NaN    NaN protocol     loss     NaN   NaN    False     NaN          NaN       NaN        NaN        NaN     NaN    NaN     NaN         NaN          NaN          NaN       NaN                          NaN              False                NaN                  NaN
     NaN         NaN    NaN protocol     loss     NaN   NaN    False     NaN          NaN       NaN        NaN        NaN     NaN    NaN     NaN         NaN          NaN          NaN       NaN                          NaN              False                NaN                  NaN
     NaN         NaN    NaN protocol     loss     NaN   NaN    False     NaN          NaN       NaN        NaN        NaN     NaN    NaN     NaN         NaN          NaN          NaN       NaN                          NaN              False                NaN                  NaN
     NaN         NaN    NaN protocol     loss     NaN   NaN    False     NaN          NaN       NaN        NaN        NaN     NaN    NaN     NaN         NaN          NaN          NaN       NaN                          NaN              False                NaN                  NaN
     NaN         NaN    NaN protocol     loss     NaN   NaN    False     NaN          NaN       NaN        NaN        NaN     NaN    NaN     NaN         NaN          NaN          NaN       NaN                          NaN              False                NaN                  NaN
     NaN         NaN    NaN protocol     loss     NaN   NaN    False     NaN          NaN       NaN        NaN        NaN     NaN    NaN     NaN         NaN          NaN          NaN       NaN                          NaN              False                NaN                  NaN
     NaN         NaN    NaN protocol     loss     NaN   NaN    False     NaN          NaN       NaN        NaN        NaN     NaN    NaN     NaN         NaN          NaN          NaN       NaN                          NaN              False                NaN                  NaN
     NaN         NaN    NaN protocol     loss     NaN   NaN    False     NaN          NaN       NaN        NaN        NaN     NaN    NaN     NaN         NaN          NaN          NaN       NaN                          NaN              False                NaN                  NaN
     NaN         NaN    NaN protocol     loss     NaN   NaN    False     NaN          NaN       NaN        NaN        NaN     NaN    NaN     NaN         NaN          NaN          NaN       NaN                          NaN              False                NaN                  NaN
     NaN         NaN    NaN protocol     loss     NaN   NaN    False     NaN          NaN       NaN        NaN        NaN     NaN    NaN     NaN         NaN          NaN          NaN       NaN                          NaN              False                NaN                  NaN
 23558.0        both 0.0010 protocol     loss    20.0   0.0    False   341.0        144.0    0.4420     0.3040     0.3122  0.0899 0.2187   0.000      0.2947       0.2188       0.2577     0.000                       0.9803               True             0.2706               0.0416
 23558.0        both 0.0010 protocol     loss     5.0   0.0    False   341.0         40.0    0.4420     0.3290     0.2558  0.0617 0.1943   0.000      0.2947       0.2696       0.0852     0.587                       1.5064               True             0.2706              -0.0148
 23558.0        both 0.0001 protocol     loss    80.0   0.0    False   341.0        512.0    0.4420     0.2799     0.3669  0.1114 0.2459   0.000      0.2947       0.2101       0.2870     0.000                       0.9734               True             0.2800               0.0868
 23558.0        both 0.0003 protocol     loss    80.0   0.0    False   341.0        512.0    0.4420     0.2847     0.3560  0.1069 0.2406   0.000      0.2947       0.2077       0.2952     0.000                       0.9370               True             0.2713               0.0847
 23558.0        both 0.0003 protocol forgiven    80.0   0.0    False   341.0        512.0    0.4420     0.2792     0.3683  0.1116 0.2451   0.000      0.2947       0.2049       0.3049     0.000                       0.9253               True             0.2710               0.0973
 23558.0        both 0.0003 verbatim forgiven    80.0   0.0    False   341.0        512.0    0.4420     0.3472     0.2145  0.0517 0.1747   0.000      0.2947       0.2234       0.2420     0.000                       0.8971               True             0.1769               0.0376
 23558.0        both 0.0010 protocol     loss    80.0   0.0    False   341.0        512.0    0.4420     0.2847     0.3560  0.1082 0.2393   0.000      0.2947       0.2026       0.3125     0.000                       0.8628               True             0.2706               0.0854
 23558.0 decoder_mlp 0.0003 protocol     loss    80.0   0.0    False   341.0        512.0    0.4420     0.3085     0.3021  0.0853 0.2140   0.000      0.2947       0.2253       0.2355     0.000                       1.0311               True             0.1704               0.1317
 23558.0     encoder 0.0010 protocol     loss    80.0   0.0    False   341.0        512.0    0.4420     0.3019     0.3169  0.0826 0.2245   0.000      0.2947       0.2268       0.2306     0.005                       0.9600               True             0.2891               0.0279
 30685.0        both 0.0010 protocol     loss    20.0   0.0    False   224.0         88.0    0.2330     0.2039     0.1247  0.0166 0.0436   0.000      0.1094       0.1194      -0.0922     0.027                       1.5838               True             0.1053               0.0195
 30685.0        both 0.0010 protocol     loss     5.0   0.0    False   224.0         24.0    0.2330     0.2516    -0.0800 -0.0875 0.0226   0.687      0.1094       0.1656      -0.5146     0.000                      -1.2883              False             0.1053              -0.1853
 30685.0        both 0.0001 protocol     loss    80.0   0.0    False   224.0        328.0    0.2330     0.1955     0.1608  0.0232 0.0539   0.000      0.1094       0.1162      -0.0630     0.164                       1.4081               True             0.0894               0.0714
 30685.0        both 0.0003 protocol     loss    80.0   0.0    False   224.0        328.0    0.2330     0.1992     0.1449  0.0210 0.0476   0.000      0.1094       0.1134      -0.0369     0.356                       1.3532               True             0.0880               0.0570
 30685.0        both 0.0003 protocol forgiven    80.0   0.0    False   224.0        328.0    0.2330     0.1989     0.1464  0.0212 0.0484   0.000      0.1094       0.1136      -0.0384     0.359                       1.3498               True             0.0930               0.0534
 30685.0        both 0.0003 verbatim forgiven    80.0   0.0    False   224.0        328.0    0.2330     0.2234     0.0411  0.0000 0.0188   0.051      0.1094       0.1075       0.0169     0.647                       1.0877               True             0.0678              -0.0267
 30685.0        both 0.0010 protocol     loss    80.0   0.0    False   224.0        328.0    0.2330     0.2503    -0.0743 -0.0713 0.0249   0.518      0.1094       0.1683      -0.5392     0.000                      -0.7864              False             0.1053              -0.1795
 30685.0 decoder_mlp 0.0003 protocol     loss    80.0   0.0    False   224.0        328.0    0.2330     0.2063     0.1146  0.0138 0.0406   0.000      0.1094       0.1191      -0.0891     0.048                       1.6478               True             0.1081               0.0065
 30685.0     encoder 0.0010 protocol     loss    80.0   0.0    False   224.0        328.0    0.2330     0.1969     0.1550  0.0233 0.0506   0.000      0.1094       0.1097      -0.0031     0.929                       1.2140               True             0.0642               0.0908
 30701.0        both 0.0010 protocol     loss    20.0   0.0    False   361.0         96.0    0.4059     0.3070     0.2435  0.0360 0.1877   0.000      0.2669       0.2200       0.1756     0.156                       1.0796               True             0.3138              -0.0703
 30701.0        both 0.0010 protocol     loss     5.0   0.0    False   361.0         40.0    0.4059     0.3047     0.2492  0.0476 0.1873   0.000      0.2669       0.2290       0.1421     0.238                       1.3232               True             0.3138              -0.0646
 30701.0        both 0.0001 protocol     loss    80.0   0.0    False   361.0        392.0    0.4059     0.2813     0.3070  0.0586 0.2118   0.000      0.2669       0.2109       0.2097     0.073                       1.0210               True             0.3131              -0.0061
 30701.0        both 0.0003 protocol     loss    80.0   0.0    False   361.0        392.0    0.4059     0.2959     0.2709  0.0450 0.1977   0.000      0.2669       0.2153       0.1935     0.098                       0.9776               True             0.2344               0.0365
 30701.0        both 0.0003 protocol forgiven    80.0   0.0    False   361.0        392.0    0.4059     0.2891     0.2876  0.0631 0.2022   0.000      0.2669       0.2194       0.1779     0.037                       1.2338               True             0.2914              -0.0038
 30701.0        both 0.0003 verbatim forgiven    80.0   0.0    False   361.0        392.0    0.4059     0.3275     0.1930  0.0296 0.1621   0.000      0.2669       0.2114       0.2080     0.002                       0.9035               True             0.1174               0.0756
 30701.0        both 0.0010 protocol     loss    80.0   0.0    False   361.0        392.0    0.4059     0.2882     0.2899  0.0526 0.2074   0.000      0.2669       0.2123       0.2045     0.069                       1.0367               True             0.3138              -0.0239
 30701.0 decoder_mlp 0.0003 protocol     loss    80.0   0.0    False   361.0        392.0    0.4059     0.3044     0.2500  0.0348 0.1919   0.001      0.2669       0.2244       0.1594     0.222                       1.1793               True             0.1531               0.0969
 30701.0     encoder 0.0010 protocol     loss    80.0   0.0    False   361.0        392.0    0.4059     0.2788     0.3131  0.0717 0.2146   0.000      0.2669       0.2042       0.2351     0.000                       1.0449               True             0.2637               0.0494
 30718.0        both 0.0010 protocol     loss    20.0   0.0    False   296.0         72.0    0.1995     0.1823     0.0859 -0.0163 0.0790   0.696      0.1404       0.1431      -0.0187     0.734                       2.9683               True             0.1828              -0.0969
 30718.0        both 0.0010 protocol     loss     5.0   0.0    False   296.0         16.0    0.1995     0.2051    -0.0282 -0.0224 0.0052   0.576      0.1404       0.1500      -0.0678     0.138                       0.4032              False             0.1828              -0.2110
 30718.0        both 0.0001 protocol     loss    80.0   0.0    False   296.0        304.0    0.1995     0.1674     0.1610 -0.0028 0.0951   0.124      0.1404       0.1327       0.0549     0.744                       1.8616               True             0.2278              -0.0668
 30718.0        both 0.0003 protocol     loss    80.0   0.0    False   296.0        304.0    0.1995     0.1591     0.2024  0.0060 0.1031   0.006      0.1404       0.1242       0.1156     0.713                       1.5011               True             0.2233              -0.0209
 30718.0        both 0.0003 protocol forgiven    80.0   0.0    False   296.0        304.0    0.1995     0.1592     0.2019  0.0058 0.1030   0.007      0.1404       0.1236       0.1202     0.711                       1.4730               True             0.1592               0.0427
 30718.0        both 0.0003 verbatim forgiven    80.0   0.0    False   296.0        304.0    0.1995     0.1672     0.1619  0.0008 0.0916   0.035      0.1404       0.1178       0.1615     0.606                       1.1882               True             0.0468               0.1151
 30718.0        both 0.0010 protocol     loss    80.0   0.0    False   296.0        304.0    0.1995     0.1785     0.1050 -0.0293 0.0870   0.509      0.1404       0.1423      -0.0136     0.903                       2.2121               True             0.1828              -0.0778
 30718.0 decoder_mlp 0.0003 protocol     loss    80.0   0.0    False   296.0        304.0    0.1995     0.1852     0.0719  0.0032 0.0259   0.011      0.1404       0.1485      -0.0575     0.099                       2.5190               True             0.1346              -0.0628
 30718.0     encoder 0.0010 protocol     loss    80.0   0.0    False   296.0        304.0    0.1995     0.1735     0.1305 -0.0095 0.0903   0.367      0.1404       0.1408      -0.0026     0.898                       2.4460               True             0.0919               0.0387
 30752.0        both 0.0010 protocol     loss    20.0   0.0    False   179.0         88.0    0.1956     0.1847     0.0556 -0.0012 0.0243   0.083      0.1353       0.1417      -0.0474     0.215                       2.8409               True             0.1288              -0.0732
 30752.0        both 0.0010 protocol     loss     5.0   0.0    False   179.0         24.0    0.1956     0.2484    -0.2702 -0.1376 0.0022   0.077      0.1353       0.1933      -0.4288     0.010                       0.7477               True             0.1288              -0.3990
 30752.0        both 0.0001 protocol     loss    80.0   0.0    False   179.0        416.0    0.1956     0.2165    -0.1073 -0.1532 0.0450   0.770      0.1353       0.1793      -0.3248     0.730                       0.6353               True             0.1086              -0.2159
 30752.0        both 0.0003 protocol     loss    80.0   0.0    False   179.0        416.0    0.1956     0.2119    -0.0833 -0.1476 0.0501   0.793      0.1353       0.1760      -0.3011     0.764                       0.6515               True             0.1250              -0.2083
 30752.0        both 0.0003 protocol forgiven    80.0   0.0    False   179.0        416.0    0.1956     0.1691     0.1351  0.0096 0.0458   0.001      0.1353       0.1326       0.0201     0.666                       1.5701               True             0.1275               0.0076
 30752.0        both 0.0003 verbatim forgiven    80.0   0.0    False   179.0        416.0    0.1956     0.2042    -0.0442 -0.0787 0.0334   0.821      0.1353       0.1560      -0.1533     0.771                       0.0571              False             0.0480              -0.0922
 30752.0        both 0.0010 protocol     loss    80.0   0.0    False   179.0        416.0    0.1956     0.1600     0.1818  0.0183 0.0557   0.000      0.1353       0.1240       0.0839     0.046                       1.1528               True             0.1288               0.0530
 30752.0 decoder_mlp 0.0003 protocol     loss    80.0   0.0    False   179.0        416.0    0.1956     0.1657     0.1528  0.0155 0.0464   0.000      0.1353       0.1262       0.0675     0.112                       1.2645               True             0.1313               0.0215
 30752.0     encoder 0.0010 protocol     loss    80.0   0.0    False   179.0        416.0    0.1956     0.2072    -0.0593 -0.1306 0.0499   0.840      0.1353       0.1689      -0.2482     0.764                       0.7234               True             0.1162              -0.1755
 30777.0        both 0.0010 protocol     loss    20.0   0.0    False   268.0         88.0    0.2237     0.1850     0.1732  0.0069 0.0999   0.000      0.1535       0.1411       0.0812     0.748                       1.4511               True             0.2246              -0.0514
 30777.0        both 0.0010 protocol     loss     5.0   0.0    False   268.0         24.0    0.2237     0.2009     0.1022 -0.0191 0.0880   0.405      0.1535       0.1553      -0.0111     0.860                       1.9572               True             0.2246              -0.1224
 30777.0        both 0.0001 protocol     loss    80.0   0.0    False   268.0        336.0    0.2237     0.1792     0.1989  0.0128 0.1072   0.000      0.1535       0.1362       0.1131     0.719                       1.2775               True             0.2148              -0.0158
 30777.0        both 0.0003 protocol     loss    80.0   0.0    False   268.0        336.0    0.2237     0.1782     0.2033  0.0129 0.1091   0.000      0.1535       0.1325       0.1369     0.616                       1.1532               True             0.2306              -0.0273
 30777.0        both 0.0003 protocol forgiven    80.0   0.0    False   268.0        336.0    0.2237     0.2016     0.0989 -0.0337 0.0921   0.462      0.1535       0.1565      -0.0191     0.849                       1.6133               True             0.2240              -0.1251
 30777.0        both 0.0003 verbatim forgiven    80.0   0.0    False   268.0        336.0    0.2237     0.2038     0.0891 -0.0361 0.0864   0.530      0.1535       0.1374       0.1051     0.626                       0.5031               True             0.1689              -0.0798
 30777.0        both 0.0010 protocol     loss    80.0   0.0    False   268.0        336.0    0.2237     0.1820     0.1863  0.0067 0.1074   0.002      0.1535       0.1383       0.0995     0.733                       1.3842               True             0.2246              -0.0383
 30777.0 decoder_mlp 0.0003 protocol     loss    80.0   0.0    False   268.0        336.0    0.2237     0.1938     0.1339 -0.0144 0.0960   0.223      0.1535       0.1465       0.0462     0.940                       1.5184               True             0.2202              -0.0863
 30777.0     encoder 0.0010 protocol     loss    80.0   0.0    False   268.0        336.0    0.2237     0.1803     0.1940  0.0102 0.1066   0.000      0.1535       0.1386       0.0971     0.731                       1.3465               True             0.2164              -0.0224
 30813.0        both 0.0010 protocol     loss    20.0   0.0    False   287.0        104.0    0.1607     0.1411     0.1219 -0.0088 0.0703   0.460      0.1194       0.1191       0.0025     0.932                       2.2500               True            -0.2253               0.3472
 30813.0        both 0.0010 protocol     loss     5.0   0.0    False   287.0         24.0    0.1607     0.1506     0.0628 -0.0550 0.0727   0.706      0.1194       0.1233      -0.0323     0.804                       1.4118               True            -0.2253               0.2881
 30813.0        both 0.0001 protocol     loss    80.0   0.0    False   287.0        320.0    0.1607     0.1644    -0.0231 -0.0337 0.0475   0.742      0.1194       0.1475      -0.2348     0.213                      -5.0000              False            -0.1801               0.1570
 30813.0        both 0.0003 protocol     loss    80.0   0.0    False   287.0        320.0    0.1607     0.1730    -0.0766 -0.0431 0.0382   0.512      0.1194       0.1562      -0.3081     0.144                      -4.1687              False            -0.2087               0.1320
 30813.0        both 0.0003 protocol forgiven    80.0   0.0    False   287.0        320.0    0.1607     0.1779    -0.1071 -0.0486 0.0323   0.437      0.1194       0.1620      -0.3565     0.106                      -3.0517              False            -0.0859              -0.0212
 30813.0        both 0.0003 verbatim forgiven    80.0   0.0    False   287.0        320.0    0.1607     0.1599     0.0046 -0.0057 0.0066   0.832      0.1194       0.1211      -0.0137     0.539                       5.0000               True             0.1265              -0.1219
 30813.0        both 0.0010 protocol     loss    80.0   0.0    False   287.0        320.0    0.1607     0.1755    -0.0923 -0.0449 0.0369   0.481      0.1194       0.1599      -0.3391     0.120                      -3.6500              False            -0.2253               0.1330
 30813.0 decoder_mlp 0.0003 protocol     loss    80.0   0.0    False   287.0        320.0    0.1607     0.1727    -0.0748 -0.0418 0.0377   0.515      0.1194       0.1509      -0.2634     0.185                      -3.7037              False            -0.0434              -0.0314
 30813.0     encoder 0.0010 protocol     loss    80.0   0.0    False   287.0        320.0    0.1607     0.1657    -0.0314 -0.0349 0.0460   0.670      0.1194       0.1472      -0.2323     0.217                      -5.0000              False             0.0120              -0.0434
 30831.0        both 0.0010 protocol     loss    20.0   0.0    False   223.0         88.0    0.2736     0.2410     0.1190  0.0136 0.0520   0.001      0.1452       0.1691      -0.1645     0.000                       2.1734               True             0.1499              -0.0309
 30831.0        both 0.0010 protocol     loss     5.0   0.0    False   223.0         16.0    0.2736     0.2531     0.0750  0.0009 0.0415   0.042      0.1452       0.1902      -0.3096     0.000                       3.7982               True             0.1499              -0.0750
 30831.0        both 0.0001 protocol     loss    80.0   0.0    False   223.0        376.0    0.2736     0.2278     0.1671  0.0262 0.0668   0.000      0.1452       0.1535      -0.0570     0.218                       1.4815               True             0.1403               0.0268
 30831.0        both 0.0003 protocol     loss    80.0   0.0    False   223.0        376.0    0.2736     0.2250     0.1774  0.0289 0.0706   0.000      0.1452       0.1490      -0.0259     0.551                       1.3721               True             0.1458               0.0316
 30831.0        both 0.0003 protocol forgiven    80.0   0.0    False   223.0        376.0    0.2736     0.2267     0.1713  0.0267 0.0690   0.000      0.1452       0.1507      -0.0376     0.401                       1.3855               True             0.1382               0.0330
 30831.0        both 0.0003 verbatim forgiven    80.0   0.0    False   223.0        376.0    0.2736     0.2525     0.0770  0.0102 0.0329   0.000      0.1452       0.1353       0.0687     0.018                       0.9018               True             0.0626               0.0144
 30831.0        both 0.0010 protocol     loss    80.0   0.0    False   223.0        376.0    0.2736     0.2265     0.1719  0.0274 0.0682   0.000      0.1452       0.1481      -0.0194     0.690                       1.2920               True             0.1499               0.0220
 30831.0 decoder_mlp 0.0003 protocol     loss    80.0   0.0    False   223.0        376.0    0.2736     0.2262     0.1733  0.0270 0.0694   0.000      0.1452       0.1477      -0.0168     0.738                       1.3532               True             0.1651               0.0083
 30831.0     encoder 0.0010 protocol     loss    80.0   0.0    False   223.0        376.0    0.2736     0.2258     0.1747  0.0274 0.0700   0.000      0.1452       0.1490      -0.0259     0.558                       1.3701               True             0.1362               0.0385
 30843.0        both 0.0010 protocol     loss    20.0   0.0    False   238.0        120.0    0.3231     0.2919     0.0965  0.0175 0.0449   0.000      0.2102       0.2102       0.0000     1.000                       1.4183               True             0.0852               0.0114
 30843.0        both 0.0010 protocol     loss     5.0   0.0    False   238.0         40.0    0.3231     0.2911     0.0991  0.0186 0.0456   0.000      0.2102       0.2192      -0.0427     0.144                       1.5287               True             0.0852               0.0139
 30843.0        both 0.0001 protocol     loss    80.0   0.0    False   238.0        400.0    0.3231     0.2689     0.1678  0.0407 0.0682   0.000      0.2102       0.1920       0.0863     0.002                       0.9398               True             0.1047               0.0631
 30843.0        both 0.0003 protocol     loss    80.0   0.0    False   238.0        400.0    0.3231     0.2665     0.1754  0.0425 0.0717   0.000      0.2102       0.1853       0.1183     0.000                       0.7914               True             0.1136               0.0618
 30843.0        both 0.0003 protocol forgiven    80.0   0.0    False   238.0        400.0    0.3231     0.2652     0.1792  0.0443 0.0731   0.000      0.2102       0.1839       0.1251     0.000                       0.7782               True             0.1174               0.0618
 30843.0        both 0.0003 verbatim forgiven    80.0   0.0    False   238.0        400.0    0.3231     0.2956     0.0852  0.0168 0.0389   0.000      0.2102       0.1874       0.1086     0.000                       0.5185               True             0.0801               0.0050
 30843.0        both 0.0010 protocol     loss    80.0   0.0    False   238.0        400.0    0.3231     0.2699     0.1647  0.0385 0.0702   0.000      0.2102       0.2004       0.0466     0.136                       1.1264               True             0.0852               0.0795
 30843.0 decoder_mlp 0.0003 protocol     loss    80.0   0.0    False   238.0        400.0    0.3231     0.2917     0.0972  0.0192 0.0428   0.000      0.2102       0.2059       0.0204     0.424                       1.1364               True             0.0637               0.0334
 30843.0     encoder 0.0010 protocol     loss    80.0   0.0    False   238.0        400.0    0.3231     0.2718     0.1590  0.0375 0.0661   0.000      0.2102       0.1912       0.0902     0.002                       0.8889               True             0.0997               0.0593
 30859.0        both 0.0010 protocol     loss    20.0   0.0    False   317.0         64.0    0.2538     0.2423     0.0455 -0.0009 0.0253   0.076      0.1735       0.1849      -0.0657     0.018                       3.1585               True             0.1048              -0.0593
 30859.0        both 0.0010 protocol     loss     5.0   0.0    False   317.0         16.0    0.2538     0.2504     0.0133 -0.0044 0.0122   0.435      0.1735       0.1822      -0.0503     0.016                       5.0000               True             0.1048              -0.0915
 30859.0        both 0.0001 protocol     loss    80.0   0.0    False   317.0        344.0    0.2538     0.2273     0.1042  0.0122 0.0402   0.000      0.1735       0.1666       0.0397     0.272                       1.0904               True             0.0859               0.0183
 30859.0        both 0.0003 protocol     loss    80.0   0.0    False   317.0        344.0    0.2538     0.2314     0.0881  0.0011 0.0389   0.043      0.1735       0.1698       0.0211     0.625                       1.0189               True             0.1120              -0.0238
 30859.0        both 0.0003 protocol forgiven    80.0   0.0    False   317.0        344.0    0.2538     0.2368     0.0671 -0.0183 0.0410   0.301      0.1735       0.1764      -0.0170     0.924                       1.0496               True             0.1147              -0.0477
 30859.0        both 0.0003 verbatim forgiven    80.0   0.0    False   317.0        344.0    0.2538     0.2442     0.0377  0.0008 0.0195   0.039      0.1735       0.1722       0.0073     0.720                       1.1176               True             0.0516              -0.0139
 30859.0        both 0.0010 protocol     loss    80.0   0.0    False   317.0        344.0    0.2538     0.2281     0.1014  0.0125 0.0396   0.000      0.1735       0.1742      -0.0041     0.910                       1.6831               True             0.1048              -0.0033
 30859.0 decoder_mlp 0.0003 protocol     loss    80.0   0.0    False   317.0        344.0    0.2538     0.2387     0.0593  0.0059 0.0249   0.001      0.1735       0.1708       0.0154     0.507                       1.4766               True             0.0604              -0.0011
 30859.0     encoder 0.0010 protocol     loss    80.0   0.0    False   317.0        344.0    0.2538     0.2248     0.1142  0.0171 0.0422   0.000      0.1735       0.1663       0.0414     0.079                       1.2184               True             0.1170              -0.0028
 30868.0        both 0.0010 protocol     loss    20.0   0.0    False   202.0        120.0    0.2211     0.2293    -0.0368 -0.0612 0.0692   0.724      0.1693       0.2049      -0.2103     0.283                      -5.0000              False             0.1596              -0.1964
 30868.0        both 0.0010 protocol     loss     5.0   0.0    False   202.0         24.0    0.2211     0.2106     0.0479 -0.0285 0.0819   0.789      0.1693       0.1783      -0.0535     0.606                       4.9420               True             0.1596              -0.1117
 30868.0        both 0.0001 protocol     loss    80.0   0.0    False   202.0        392.0    0.2211     0.1768     0.2006  0.0064 0.1151   0.002      0.1693       0.1464       0.1351     0.617                       1.4464               True             0.1825               0.0180
 30868.0        both 0.0003 protocol     loss    80.0   0.0    False   202.0        392.0    0.2211     0.1757     0.2054  0.0077 0.1177   0.000      0.1693       0.1444       0.1469     0.566                       1.3615               True             0.0611               0.1443
 30868.0        both 0.0003 protocol forgiven    80.0   0.0    False   202.0        392.0    0.2211     0.1878     0.1506 -0.0050 0.1036   0.172      0.1693       0.1544       0.0879     0.737                       1.8018               True             0.0569               0.0937
 30868.0        both 0.0003 verbatim forgiven    80.0   0.0    False   202.0        392.0    0.2211     0.2190     0.0097 -0.0771 0.0883   0.969      0.1693       0.1707      -0.0082     0.947                       0.5714               True            -0.1048               0.1145
 30868.0        both 0.0010 protocol     loss    80.0   0.0    False   202.0        392.0    0.2211     0.1782     0.1943  0.0051 0.1177   0.010      0.1693       0.1464       0.1351     0.642                       1.3750               True             0.1596               0.0347
 30868.0 decoder_mlp 0.0003 protocol     loss    80.0   0.0    False   202.0        392.0    0.2211     0.1737     0.2144  0.0100 0.1199   0.000      0.1693       0.1426       0.1578     0.482                       1.2977               True             0.0666               0.1478
 30868.0     encoder 0.0010 protocol     loss    80.0   0.0    False   202.0        392.0    0.2211     0.1851     0.1631 -0.0005 0.1072   0.064      0.1693       0.1504       0.1115     0.717                       1.6043               True             0.1430               0.0201
 23558.0        both 0.0001 protocol     loss    80.0   0.0     True   341.0        384.0    0.4420     0.3182     0.2800  0.0754 0.2033   0.000      0.2947       0.2316       0.2143     0.000                       1.1047               True             0.2800               0.0000
 30685.0        both 0.0001 protocol     loss    80.0   0.0     True   224.0        384.0    0.2330     0.2122     0.0894  0.0084 0.0340   0.000      0.1094       0.1198      -0.0952     0.027                       1.7500               True             0.0894               0.0000
 30752.0        both 0.0001 protocol     loss    80.0   0.0     True   179.0        384.0    0.1956     0.1743     0.1086  0.0068 0.0382   0.005      0.1353       0.1328       0.0182     0.682                       1.5581               True             0.1086               0.0000
 30777.0        both 0.0001 protocol     loss    80.0   0.0     True   268.0        384.0    0.2237     0.1757     0.2148  0.0165 0.1122   0.000      0.1535       0.1302       0.1521     0.555                       1.1425               True             0.2148               0.0000
 30831.0        both 0.0001 protocol     loss    80.0   0.0     True   223.0        384.0    0.2736     0.2352     0.1403  0.0208 0.0562   0.000      0.1452       0.1492      -0.0272     0.520                       1.4020               True             0.1403               0.0000
 30859.0        both 0.0001 protocol     loss    80.0   0.0     True   317.0        384.0    0.2538     0.2320     0.0859  0.0108 0.0341   0.000      0.1735       0.1743      -0.0049     0.904                       1.7871               True             0.0859               0.0000
 23558.0        both 0.0003 protocol     loss    80.0   0.0     True   341.0        384.0    0.4420     0.3221     0.2713  0.0734 0.2000   0.000      0.2947       0.2312       0.2154     0.000                       1.0640               True             0.2713               0.0000
 30685.0        both 0.0003 protocol     loss    80.0   0.0     True   224.0        384.0    0.2330     0.2125     0.0880  0.0093 0.0326   0.000      0.1094       0.1162      -0.0630     0.151                       1.6148               True             0.0880               0.0000
 30752.0        both 0.0003 protocol     loss    80.0   0.0     True   179.0        384.0    0.1956     0.1711     0.1250  0.0091 0.0414   0.000      0.1353       0.1269       0.0620     0.168                       1.2828               True             0.1250               0.0000
 30777.0        both 0.0003 protocol     loss    80.0   0.0     True   268.0        384.0    0.2237     0.1721     0.2306  0.0202 0.1160   0.000      0.1535       0.1238       0.1935     0.079                       0.9929               True             0.2306               0.0000
 30831.0        both 0.0003 protocol     loss    80.0   0.0     True   223.0        384.0    0.2736     0.2337     0.1458  0.0232 0.0575   0.000      0.1452       0.1447       0.0039     0.921                       1.2736               True             0.1458               0.0000
 30859.0        both 0.0003 protocol     loss    80.0   0.0     True   317.0        384.0    0.2538     0.2254     0.1120  0.0174 0.0408   0.000      0.1735       0.1660       0.0430     0.084                       1.2970               True             0.1120               0.0000
 23558.0        both 0.0003 protocol forgiven    80.0   0.0     True   341.0        384.0    0.4420     0.3222     0.2710  0.0732 0.1997   0.000      0.2947       0.2303       0.2187     0.000                       1.0387               True             0.2710               0.0000
 30685.0        both 0.0003 protocol forgiven    80.0   0.0     True   224.0        384.0    0.2330     0.2113     0.0930  0.0095 0.0350   0.000      0.1094       0.1161      -0.0614     0.162                       1.5581               True             0.0930               0.0000
 30752.0        both 0.0003 protocol forgiven    80.0   0.0     True   179.0        384.0    0.1956     0.1706     0.1275  0.0095 0.0418   0.000      0.1353       0.1267       0.0639     0.158                       1.2574               True             0.1275               0.0000
 30777.0        both 0.0003 protocol forgiven    80.0   0.0     True   268.0        384.0    0.2237     0.1736     0.2240  0.0184 0.1145   0.000      0.1535       0.1246       0.1887     0.113                       0.9878               True             0.2240               0.0000
 30831.0        both 0.0003 protocol forgiven    80.0   0.0     True   223.0        384.0    0.2736     0.2357     0.1382  0.0212 0.0553   0.000      0.1452       0.1473      -0.0142     0.744                       1.3532               True             0.1382               0.0000
 30859.0        both 0.0003 protocol forgiven    80.0   0.0     True   317.0        384.0    0.2538     0.2247     0.1147  0.0179 0.0417   0.000      0.1735       0.1653       0.0470     0.048                       1.2657               True             0.1147               0.0000
 23558.0        both 0.0003 verbatim forgiven    80.0   0.0     True   341.0        384.0    0.4420     0.3638     0.1769  0.0350 0.1566   0.000      0.2947       0.2405       0.1839     0.000                       1.0102               True             0.1769               0.0000
 30685.0        both 0.0003 verbatim forgiven    80.0   0.0     True   224.0        384.0    0.2330     0.2172     0.0678  0.0083 0.0237   0.000      0.1094       0.1038       0.0507     0.074                       0.7872               True             0.0678               0.0000
 30752.0        both 0.0003 verbatim forgiven    80.0   0.0     True   179.0        384.0    0.1956     0.1862     0.0480 -0.0002 0.0202   0.061      0.1353       0.1319       0.0255     0.406                       1.3421               True             0.0480               0.0000
 30777.0        both 0.0003 verbatim forgiven    80.0   0.0     True   268.0        384.0    0.2237     0.1859     0.1689  0.0093 0.1002   0.000      0.1535       0.1227       0.2006     0.006                       0.8511               True             0.1689               0.0000
 30831.0        both 0.0003 verbatim forgiven    80.0   0.0     True   223.0        384.0    0.2736     0.2564     0.0626  0.0082 0.0267   0.000      0.1452       0.1421       0.0220     0.468                       1.0879               True             0.0626               0.0000
 30859.0        both 0.0003 verbatim forgiven    80.0   0.0     True   317.0        384.0    0.2538     0.2407     0.0516  0.0049 0.0227   0.001      0.1735       0.1714       0.0122     0.507                       1.1828               True             0.0516               0.0000
 23558.0        both 0.0010 protocol     loss    80.0   0.0     True   341.0        384.0    0.4420     0.3224     0.2706  0.0720 0.2004   0.000      0.2947       0.2328       0.2100     0.000                       1.1364               True             0.2706               0.0000
 30685.0        both 0.0010 protocol     loss    80.0   0.0     True   224.0        384.0    0.2330     0.2085     0.1053  0.0120 0.0386   0.000      0.1094       0.1194      -0.0922     0.028                       1.6644               True             0.1053               0.0000
 30752.0        both 0.0010 protocol     loss    80.0   0.0     True   179.0        384.0    0.1956     0.1704     0.1288  0.0095 0.0422   0.000      0.1353       0.1331       0.0164     0.723                       1.5980               True             0.1288               0.0000
 30777.0        both 0.0010 protocol     loss    80.0   0.0     True   268.0        384.0    0.2237     0.1735     0.2246  0.0193 0.1143   0.000      0.1535       0.1268       0.1744     0.270                       1.0803               True             0.2246               0.0000
 30831.0        both 0.0010 protocol     loss    80.0   0.0     True   223.0        384.0    0.2736     0.2325     0.1499  0.0225 0.0604   0.000      0.1452       0.1501      -0.0337     0.422                       1.4312               True             0.1499               0.0000
 30859.0        both 0.0010 protocol     loss    80.0   0.0     True   317.0        384.0    0.2538     0.2272     0.1048  0.0125 0.0419   0.000      0.1735       0.1777      -0.0243     0.446                       1.7989               True             0.1048               0.0000
 23558.0 decoder_mlp 0.0003 protocol     loss    80.0   0.0     True   341.0        384.0    0.4420     0.3667     0.1704 -0.0085 0.1728   0.079      0.2947       0.2762       0.0629     0.692                       1.1486               True             0.1704               0.0000
 30685.0 decoder_mlp 0.0003 protocol     loss    80.0   0.0     True   224.0        384.0    0.2330     0.2078     0.1081  0.0121 0.0391   0.000      0.1094       0.1162      -0.0630     0.152                       1.5600               True             0.1081               0.0000
 30752.0 decoder_mlp 0.0003 protocol     loss    80.0   0.0     True   179.0        384.0    0.1956     0.1699     0.1313  0.0096 0.0439   0.004      0.1353       0.1306       0.0347     0.476                       1.5769               True             0.1313               0.0000
 30777.0 decoder_mlp 0.0003 protocol     loss    80.0   0.0     True   268.0        384.0    0.2237     0.1744     0.2202  0.0185 0.1126   0.000      0.1535       0.1263       0.1775     0.188                       1.0199               True             0.2202               0.0000
 30831.0 decoder_mlp 0.0003 protocol     loss    80.0   0.0     True   223.0        384.0    0.2736     0.2284     0.1651  0.0288 0.0627   0.000      0.1452       0.1392       0.0415     0.291                       1.1292               True             0.1651               0.0000
 30859.0 decoder_mlp 0.0003 protocol     loss    80.0   0.0     True   317.0        384.0    0.2538     0.2385     0.0604 -0.0177 0.0390   0.301      0.1735       0.1828      -0.0535     0.673                       1.6514               True             0.0604               0.0000
 23558.0     encoder 0.0010 protocol     loss    80.0   0.0     True   341.0        384.0    0.4420     0.3142     0.2891  0.0795 0.2120   0.000      0.2947       0.2285       0.2246     0.000                       1.0801               True             0.2891               0.0000
 30685.0     encoder 0.0010 protocol     loss    80.0   0.0     True   224.0        384.0    0.2330     0.2180     0.0642  0.0025 0.0278   0.021      0.1094       0.1203      -0.0998     0.020                       2.0337               True             0.0642               0.0000
 30752.0     encoder 0.0010 protocol     loss    80.0   0.0     True   179.0        384.0    0.1956     0.1728     0.1162  0.0086 0.0389   0.000      0.1353       0.1316       0.0274     0.547                       1.4891               True             0.1162               0.0000
 30777.0     encoder 0.0010 protocol     loss    80.0   0.0     True   268.0        384.0    0.2237     0.1753     0.2164  0.0164 0.1135   0.000      0.1535       0.1252       0.1847     0.164                       1.0455               True             0.2164               0.0000
 30831.0     encoder 0.0010 protocol     loss    80.0   0.0     True   223.0        384.0    0.2736     0.2363     0.1362  0.0201 0.0571   0.000      0.1452       0.1439       0.0091     0.808                       1.2727               True             0.1362               0.0000
 30859.0     encoder 0.0010 protocol     loss    80.0   0.0     True   317.0        384.0    0.2538     0.2241     0.1170  0.0189 0.0422   0.000      0.1735       0.1669       0.0381     0.090                       1.2512               True             0.1170               0.0000
 30701.0        both 0.0001 protocol     loss    80.0   0.0     True   361.0        368.0    0.4059     0.2788     0.3131  0.0730 0.2145   0.000      0.2669       0.2099       0.2137     0.001                       1.1711               True             0.3131               0.0000
 30718.0        both 0.0001 protocol     loss    80.0   0.0     True   296.0        368.0    0.1995     0.1540     0.2278  0.0100 0.1102   0.001      0.1404       0.1205       0.1421     0.669                       1.4531               True             0.2278               0.0000
 30813.0        both 0.0001 protocol     loss    80.0   0.0     True   287.0        368.0    0.1607     0.1896    -0.1801 -0.0793 0.0308   0.287      0.1194       0.1736      -0.4534     0.065                      -1.4000              False            -0.1801               0.0000
 30843.0        both 0.0001 protocol     loss    80.0   0.0     True   238.0        368.0    0.3231     0.2893     0.1047  0.0153 0.0524   0.002      0.2102       0.2251      -0.0708     0.046                       1.9940               True             0.1047               0.0000
 30868.0        both 0.0001 protocol     loss    80.0   0.0     True   202.0        368.0    0.2211     0.1808     0.1825  0.0024 0.1132   0.023      0.1693       0.1541       0.0898     0.740                       1.6730               True             0.1825               0.0000
 30701.0        both 0.0003 protocol     loss    80.0   0.0     True   361.0        368.0    0.4059     0.3107     0.2344  0.0103 0.1912   0.031      0.2669       0.2399       0.1011     0.557                       1.1799               True             0.2344               0.0000
 30718.0        both 0.0003 protocol     loss    80.0   0.0     True   296.0        368.0    0.1995     0.1549     0.2233  0.0092 0.1094   0.000      0.1404       0.1211       0.1376     0.667                       1.4807               True             0.2233               0.0000
 30813.0        both 0.0003 protocol     loss    80.0   0.0     True   287.0        368.0    0.1607     0.1942    -0.2087 -0.1045 0.0322   0.302      0.1194       0.1756      -0.4708     0.076                      -0.7478              False            -0.2087               0.0000
 30843.0        both 0.0003 protocol     loss    80.0   0.0     True   238.0        368.0    0.3231     0.2864     0.1136  0.0196 0.0527   0.000      0.2102       0.2188      -0.0407     0.242                       1.6722               True             0.1136               0.0000
 30868.0        both 0.0003 protocol     loss    80.0   0.0     True   202.0        368.0    0.2211     0.2076     0.0611 -0.0656 0.0983   0.681      0.1693       0.1786      -0.0553     0.738                       2.8409               True             0.0611               0.0000
 30701.0        both 0.0003 protocol forgiven    80.0   0.0     True   361.0        368.0    0.4059     0.2876     0.2914  0.0539 0.2060   0.000      0.2669       0.2176       0.1849     0.119                       1.1278               True             0.2914               0.0000
 30718.0        both 0.0003 protocol forgiven    80.0   0.0     True   296.0        368.0    0.1995     0.1677     0.1592 -0.0149 0.0996   0.227      0.1404       0.1338       0.0472     0.884                       1.8171               True             0.1592               0.0000
 30813.0        both 0.0003 protocol forgiven    80.0   0.0     True   287.0        368.0    0.1607     0.1745    -0.0859 -0.0458 0.0377   0.486      0.1194       0.1567      -0.3118     0.137                      -3.1935              False            -0.0859               0.0000
 30843.0        both 0.0003 protocol forgiven    80.0   0.0     True   238.0        368.0    0.3231     0.2852     0.1174  0.0212 0.0551   0.000      0.2102       0.2179      -0.0369     0.280                       1.6667               True             0.1174               0.0000
 30868.0        both 0.0003 protocol forgiven    80.0   0.0     True   202.0        368.0    0.2211     0.2086     0.0569 -0.0668 0.0967   0.688      0.1693       0.1802      -0.0644     0.726                       3.1463               True             0.0569               0.0000
 30701.0        both 0.0003 verbatim forgiven    80.0   0.0     True   361.0        368.0    0.4059     0.3582     0.1174 -0.0128 0.1304   0.140      0.2669       0.2382       0.1075     0.465                       1.0583               True             0.1174               0.0000
 30718.0        both 0.0003 verbatim forgiven    80.0   0.0     True   296.0        368.0    0.1995     0.1901     0.0468  0.0018 0.0168   0.014      0.1404       0.1384       0.0142     0.521                       1.6408               True             0.0468               0.0000
 30813.0        both 0.0003 verbatim forgiven    80.0   0.0     True   287.0        368.0    0.1607     0.1403     0.1265 -0.0059 0.0679   0.399      0.1194       0.1058       0.1143     0.711                       1.4380               True             0.1265               0.0000
 30843.0        both 0.0003 verbatim forgiven    80.0   0.0     True   238.0        368.0    0.3231     0.2972     0.0801  0.0134 0.0376   0.000      0.2102       0.2106      -0.0019     0.946                       1.3543               True             0.0801               0.0000
 30868.0        both 0.0003 verbatim forgiven    80.0   0.0     True   202.0        368.0    0.2211     0.2443    -0.1048 -0.0884 0.0105   0.519      0.1693       0.2000      -0.1813     0.149                       0.6954               True            -0.1048               0.0000
 30701.0        both 0.0010 protocol     loss    80.0   0.0     True   361.0        368.0    0.4059     0.2785     0.3138  0.0728 0.2150   0.000      0.2669       0.2146       0.1958     0.005                       1.1973               True             0.3138               0.0000
 30718.0        both 0.0010 protocol     loss    80.0   0.0     True   296.0        368.0    0.1995     0.1630     0.1828 -0.0001 0.1017   0.051      0.1404       0.1318       0.0614     0.763                       1.8831               True             0.1828               0.0000
 30813.0        both 0.0010 protocol     loss    80.0   0.0     True   287.0        368.0    0.1607     0.1969    -0.2253 -0.1145 0.0323   0.301      0.1194       0.1835      -0.5366     0.058                      -0.7828              False            -0.2253               0.0000
 30843.0        both 0.0010 protocol     loss    80.0   0.0     True   238.0        368.0    0.3231     0.2956     0.0852  0.0053 0.0486   0.018      0.2102       0.2330      -0.1086     0.015                       2.4815               True             0.0852               0.0000
 30868.0        both 0.0010 protocol     loss    80.0   0.0     True   202.0        368.0    0.2211     0.1859     0.1596 -0.0027 0.1063   0.107      0.1693       0.1598       0.0562     0.786                       1.9652               True             0.1596               0.0000
 30701.0 decoder_mlp 0.0003 protocol     loss    80.0   0.0     True   361.0        368.0    0.4059     0.3437     0.1531 -0.0385 0.1650   0.213      0.2669       0.2768      -0.0370     0.890                       1.5806               True             0.1531               0.0000
 30718.0 decoder_mlp 0.0003 protocol     loss    80.0   0.0     True   296.0        368.0    0.1995     0.1726     0.1346  0.0140 0.0412   0.000      0.1404       0.1368       0.0258     0.502                       1.6014               True             0.1346               0.0000
 30813.0 decoder_mlp 0.0003 protocol     loss    80.0   0.0     True   287.0        368.0    0.1607     0.1676    -0.0434 -0.0385 0.0451   0.635      0.1194       0.1492      -0.2497     0.201                      -5.0000              False            -0.0434               0.0000
 30843.0 decoder_mlp 0.0003 protocol     loss    80.0   0.0     True   238.0        368.0    0.3231     0.3025     0.0637  0.0002 0.0388   0.049      0.2102       0.2363      -0.1242     0.001                       3.0198               True             0.0637               0.0000
 30868.0 decoder_mlp 0.0003 protocol     loss    80.0   0.0     True   202.0        368.0    0.2211     0.2064     0.0666 -0.0637 0.0988   0.677      0.1693       0.1793      -0.0589     0.732                       2.7708               True             0.0666               0.0000
 30701.0     encoder 0.0010 protocol     loss    80.0   0.0     True   361.0        368.0    0.4059     0.2988     0.2637  0.0448 0.1966   0.000      0.2669       0.2325       0.1288     0.337                       1.4179               True             0.2637               0.0000
 30718.0     encoder 0.0010 protocol     loss    80.0   0.0     True   296.0        368.0    0.1995     0.1812     0.0919  0.0072 0.0301   0.003      0.1404       0.1440      -0.0252     0.436                       2.2129               True             0.0919               0.0000
 30813.0     encoder 0.0010 protocol     loss    80.0   0.0     True   287.0        368.0    0.1607     0.1587     0.0120 -0.0276 0.0516   0.989      0.1194       0.1430      -0.1975     0.293                       5.0000               True             0.0120               0.0000
 30843.0     encoder 0.0010 protocol     loss    80.0   0.0     True   238.0        368.0    0.3231     0.2909     0.0997  0.0172 0.0485   0.001      0.2102       0.2224      -0.0582     0.057                       1.8291               True             0.0997               0.0000
 30868.0     encoder 0.0010 protocol     loss    80.0   0.0     True   202.0        368.0    0.2211     0.1895     0.1430 -0.0055 0.1035   0.238      0.1693       0.1558       0.0798     0.745                       1.8689               True             0.1430               0.0000
[Sun Sep 20 22:23:45 UTC 2026] run C exit 0; summary + backup
[2026-09-20 22:23:53] results: uploaded
No files have been modified since last commit. Skipping to prevent empty commit.
[2026-09-20 22:24:19] runs: uploaded
[2026-09-20 22:24:21] results.csv: uploaded
No files have been modified since last commit. Skipping to prevent empty commit.
[2026-09-20 22:24:21] run_seed0.log: uploaded
[2026-09-20 22:24:22] run_followups.log: uploaded
[2026-09-20 22:24:23] run_next.log: uploaded
[Sun Sep 20 22:24:23 UTC 2026] NEXT RUNS DONE
